access_id,student_id,course_id,content_type,content_id,timestamp,time_spent_minutes
A00001,S1008,DS200,reading,DS200-R0504,2025-04-06 23:57:01,10
A00002,S1041,CS301,reading,CS301-R0703,2025-02-26 20:33:47,21
A00003,S1050,CS101,reading,CS101-R0104,2025-03-11 14:24:24,43
A00004,S1004,MATH150,reading,MATH150-R0304,2025-02-08 14:38:08,63
A00005,S1013,DS400,quiz,DS400-Q0304,2025-02-12 09:35:12,19
A00006,S1035,CS301,video,CS301-V1001,2025-05-01 11:27:33,57
A00007,S1046,MATH150,lecture,MATH150-L0101,2025-02-08 16:59:53,74
A00008,S1047,MATH150,quiz,MATH150-Q0104,2025-02-16 07:46:52,84
A00009,S1041,CS101,lecture,CS101-L0703,2025-02-16 14:11:47,90
A00010,S1022,CS301,discussion,CS301-D0105,2025-04-11 13:45:58,63
A00011,S1031,CS301,quiz,CS301-Q0205,2025-02-23 19:11:12,1
A00012,S1025,CS301,lecture,CS301-L1005,2025-03-08 17:15:57,43
A00013,S1044,MATH150,quiz,MATH150-Q0101,2025-03-09 08:15:54,69
A00014,S1022,CS101,quiz,CS101-Q0502,2025-02-19 00:28:33,71
A00015,S1003,CS301,assignment,CS301-A0403,2025-04-10 10:26:55,50
A00016,S1007,MATH150,quiz,MATH150-Q0204,2025-04-14 06:21:18,25
A00017,S1009,CS101,video,CS101-V0105,2025-02-25 00:38:10,63
A00018,S1025,CS101,discussion,CS101-D0504,2025-03-25 17:05:45,58
A00019,S1002,CS101,reading,CS101-R0103,2025-04-19 08:34:57,6
A00020,S1026,CS101,video,CS101-V0904,2025-04-08 16:57:41,69
A00021,S1010,DS400,video,DS400-V0201,2025-04-14 06:40:15,19
A00022,S1032,CS101,quiz,CS101-Q1001,2025-02-25 10:25:00,90
A00023,S1042,DS200,lecture,DS200-L0301,2025-04-30 16:56:29,40
A00024,S1007,CS301,discussion,CS301-D0305,2025-02-08 01:57:27,14
A00025,S1008,CS301,discussion,CS301-D1002,2025-02-07 23:58:57,26
A00026,S1028,MATH150,assignment,MATH150-A0703,2025-02-13 14:24:56,88
A00027,S1037,DS400,video,DS400-V0602,2025-04-17 01:42:20,6
A00028,S1038,DS200,reading,DS200-R0201,2025-02-28 11:08:36,19
A00029,S1049,CS301,video,CS301-V0605,2025-02-17 21:25:03,57
A00030,S1016,DS400,lecture,DS400-L0301,2025-04-19 16:12:39,81
A00031,S1040,CS301,video,CS301-V0104,2025-02-09 17:01:22,1
A00032,S1001,DS200,lecture,DS200-L1003,2025-03-14 06:47:37,89
A00033,S1050,CS301,assignment,CS301-A0302,2025-02-15 18:20:39,82
A00034,S1018,DS400,quiz,DS400-Q0702,2025-02-18 19:39:14,79
A00035,S1045,CS101,discussion,CS101-D0304,2025-04-02 07:06:17,12
A00036,S1041,MATH150,reading,MATH150-R0701,2025-03-28 00:29:05,31
A00037,S1013,CS101,discussion,CS101-D0205,2025-03-09 00:13:00,70
A00038,S1033,DS200,quiz,DS200-Q0403,2025-02-07 00:35:07,25
A00039,S1008,DS200,assignment,DS200-A0804,2025-02-18 23:47:23,21
A00040,S1043,CS101,lecture,CS101-L0603,2025-02-22 05:18:18,56
A00041,S1017,MATH150,discussion,MATH150-D0801,2025-02-12 00:14:39,7
A00042,S1035,DS200,video,DS200-V0104,2025-03-23 20:44:17,15
A00043,S1005,DS200,assignment,DS200-A0805,2025-03-30 03:52:06,42
A00044,S1027,DS200,assignment,DS200-A0602,2025-04-18 12:04:10,15
A00045,S1021,DS200,lecture,DS200-L0404,2025-04-27 07:54:27,26
A00046,S1025,DS200,lecture,DS200-L0805,2025-03-20 21:40:38,7
A00047,S1028,DS200,video,DS200-V1004,2025-02-19 03:50:13,50
A00048,S1024,DS200,quiz,DS200-Q0403,2025-02-28 01:21:33,26
A00049,S1022,DS200,lecture,DS200-L1001,2025-03-01 02:46:50,18
A00050,S1008,CS301,quiz,CS301-Q0702,2025-04-16 16:38:42,44
A00051,S1015,MATH150,discussion,MATH150-D0305,2025-04-30 19:04:31,22
A00052,S1037,DS400,video,DS400-V0204,2025-04-26 01:49:08,67
A00053,S1032,DS200,discussion,DS200-D0804,2025-02-28 23:26:27,2
A00054,S1047,CS301,assignment,CS301-A0402,2025-03-05 15:34:49,56
A00055,S1038,DS200,discussion,DS200-D0305,2025-04-30 02:00:14,1
A00056,S1027,CS101,lecture,CS101-L0805,2025-02-05 03:16:01,55
A00057,S1034,CS301,quiz,CS301-Q0204,2025-03-21 23:01:24,31
A00058,S1006,DS400,lecture,DS400-L0702,2025-02-14 18:10:00,46
A00059,S1019,DS200,assignment,DS200-A0201,2025-03-20 10:54:03,86
A00060,S1020,DS200,assignment,DS200-A0805,2025-04-15 10:13:47,75
A00061,S1002,CS301,quiz,CS301-Q0304,2025-02-19 19:52:49,48
A00062,S1041,CS301,assignment,CS301-A0101,2025-03-11 05:45:33,89
A00063,S1022,DS400,lecture,DS400-L0504,2025-04-15 23:16:54,35
A00064,S1045,DS400,discussion,DS400-D1002,2025-04-19 08:22:50,88
A00065,S1006,DS400,reading,DS400-R0105,2025-05-01 05:23:19,87
A00066,S1024,CS101,lecture,CS101-L0703,2025-03-19 01:16:34,80
A00067,S1003,MATH150,reading,MATH150-R0305,2025-04-11 07:24:00,9
A00068,S1036,DS200,video,DS200-V0602,2025-03-26 06:21:48,15
A00069,S1042,CS301,assignment,CS301-A1002,2025-04-15 23:56:49,29
A00070,S1021,MATH150,reading,MATH150-R0904,2025-02-28 18:43:15,7
A00071,S1005,MATH150,reading,MATH150-R0804,2025-03-22 13:23:20,68
A00072,S1008,CS301,assignment,CS301-A0905,2025-04-30 04:47:55,38
A00073,S1029,DS400,reading,DS400-R0202,2025-04-29 11:12:38,59
A00074,S1006,CS101,quiz,CS101-Q0303,2025-02-09 08:13:32,14
A00075,S1011,MATH150,lecture,MATH150-L0304,2025-02-16 11:36:41,27
A00076,S1034,CS101,reading,CS101-R0705,2025-02-14 16:34:17,61
A00077,S1023,CS301,quiz,CS301-Q0103,2025-02-20 05:28:07,9
A00078,S1002,DS200,discussion,DS200-D0604,2025-03-30 01:24:18,44
A00079,S1042,MATH150,quiz,MATH150-Q1005,2025-04-24 14:42:47,71
A00080,S1029,CS301,reading,CS301-R1002,2025-04-30 02:04:26,40
A00081,S1011,MATH150,video,MATH150-V0803,2025-03-01 20:21:18,7
A00082,S1010,MATH150,reading,MATH150-R0802,2025-04-02 22:26:18,21
A00083,S1046,DS400,reading,DS400-R0302,2025-04-24 08:42:36,89
A00084,S1043,DS200,video,DS200-V0401,2025-02-05 20:48:55,41
A00085,S1037,DS200,quiz,DS200-Q0503,2025-02-19 18:50:01,27
A00086,S1036,CS101,assignment,CS101-A0603,2025-02-16 05:39:38,48
A00087,S1029,DS400,video,DS400-V0903,2025-02-13 16:01:04,4
A00088,S1026,CS301,video,CS301-V0803,2025-02-17 00:33:21,1
A00089,S1048,DS400,discussion,DS400-D0603,2025-03-19 21:13:02,38
A00090,S1049,DS400,assignment,DS400-A0305,2025-04-13 14:33:20,57
A00091,S1022,CS101,assignment,CS101-A0801,2025-02-15 09:48:19,87
A00092,S1036,CS101,reading,CS101-R0104,2025-04-02 19:51:21,29
A00093,S1029,MATH150,lecture,MATH150-L0601,2025-04-01 22:01:14,83
A00094,S1013,DS400,discussion,DS400-D0403,2025-02-20 20:58:34,3
A00095,S1006,DS400,quiz,DS400-Q0205,2025-03-12 03:59:57,25
A00096,S1032,MATH150,discussion,MATH150-D1005,2025-02-07 07:31:33,86
A00097,S1024,CS301,video,CS301-V0703,2025-03-11 08:37:59,48
A00098,S1001,MATH150,reading,MATH150-R0603,2025-03-17 03:11:34,72
A00099,S1006,DS200,assignment,DS200-A0804,2025-04-20 21:38:54,57
A00100,S1019,DS200,assignment,DS200-A0704,2025-02-15 10:08:30,76
A00101,S1039,CS101,video,CS101-V0403,2025-03-19 22:51:15,68
A00102,S1022,CS101,discussion,CS101-D0701,2025-02-02 12:20:55,53
A00103,S1041,MATH150,quiz,MATH150-Q0305,2025-03-18 17:44:35,73
A00104,S1049,DS200,video,DS200-V0304,2025-03-01 23:25:25,71
A00105,S1032,CS101,reading,CS101-R1003,2025-03-21 20:15:47,72
A00106,S1048,CS301,video,CS301-V0101,2025-02-16 19:49:38,34
A00107,S1020,CS301,lecture,CS301-L0504,2025-02-19 06:53:35,63
A00108,S1045,DS200,lecture,DS200-L0203,2025-03-21 17:48:57,9
A00109,S1039,MATH150,discussion,MATH150-D0805,2025-03-16 05:02:19,34
A00110,S1041,CS301,assignment,CS301-A0203,2025-03-23 15:11:50,74
A00111,S1002,MATH150,video,MATH150-V1001,2025-02-16 01:26:59,41
A00112,S1030,DS200,reading,DS200-R0301,2025-02-28 08:17:36,47
A00113,S1027,MATH150,lecture,MATH150-L0503,2025-03-25 07:00:42,82
A00114,S1005,DS400,video,DS400-V0301,2025-04-01 00:08:35,22
A00115,S1035,MATH150,reading,MATH150-R0503,2025-04-09 10:07:30,90
A00116,S1045,MATH150,lecture,MATH150-L0905,2025-03-08 00:16:52,19
A00117,S1001,DS200,discussion,DS200-D0503,2025-04-18 11:40:45,63
A00118,S1027,MATH150,video,MATH150-V0202,2025-02-16 21:03:52,65
A00119,S1015,DS200,discussion,DS200-D1005,2025-04-25 00:24:39,69
A00120,S1046,DS400,assignment,DS400-A0204,2025-03-18 13:56:53,10
A00121,S1008,DS200,lecture,DS200-L0803,2025-03-04 02:56:39,89
A00122,S1024,DS200,quiz,DS200-Q1005,2025-04-17 00:13:05,44
A00123,S1012,MATH150,lecture,MATH150-L0202,2025-02-14 08:51:07,89
A00124,S1010,DS200,reading,DS200-R0302,2025-02-14 12:21:21,11
A00125,S1028,CS101,lecture,CS101-L0104,2025-04-16 09:38:30,56
A00126,S1003,DS200,lecture,DS200-L0105,2025-03-31 11:07:34,8
A00127,S1031,CS101,reading,CS101-R0101,2025-03-03 03:48:40,86
A00128,S1001,CS101,lecture,CS101-L1002,2025-03-30 22:08:23,26
A00129,S1012,MATH150,lecture,MATH150-L0202,2025-04-24 23:55:32,36
A00130,S1038,MATH150,reading,MATH150-R0305,2025-04-18 16:19:35,79
A00131,S1016,DS400,discussion,DS400-D0201,2025-04-22 10:42:01,75
A00132,S1049,CS101,discussion,CS101-D0402,2025-03-01 05:41:58,22
A00133,S1049,DS400,lecture,DS400-L0202,2025-05-02 05:47:34,65
A00134,S1046,CS301,reading,CS301-R1002,2025-03-16 13:25:16,87
A00135,S1007,DS200,reading,DS200-R0704,2025-02-22 16:13:12,66
A00136,S1015,CS301,lecture,CS301-L0601,2025-03-19 02:33:18,15
A00137,S1034,DS200,quiz,DS200-Q0603,2025-03-27 23:08:14,6
A00138,S1006,MATH150,quiz,MATH150-Q0204,2025-03-01 09:47:17,59
A00139,S1039,MATH150,assignment,MATH150-A0802,2025-03-27 15:38:35,53
A00140,S1019,CS301,video,CS301-V0204,2025-04-08 19:24:56,48
A00141,S1012,CS101,assignment,CS101-A0801,2025-03-12 08:32:02,57
A00142,S1034,CS101,lecture,CS101-L0304,2025-03-12 18:26:52,89
A00143,S1038,CS101,assignment,CS101-A0301,2025-03-09 04:25:52,26
A00144,S1022,DS200,discussion,DS200-D0701,2025-02-24 11:33:04,55
A00145,S1047,CS301,reading,CS301-R1005,2025-02-28 08:59:53,83
A00146,S1026,MATH150,quiz,MATH150-Q1004,2025-03-20 21:58:08,66
A00147,S1018,DS200,quiz,DS200-Q0201,2025-02-26 05:04:30,63
A00148,S1032,DS200,assignment,DS200-A0301,2025-02-11 13:01:05,7
A00149,S1005,CS301,assignment,CS301-A0102,2025-03-11 00:31:30,78
A00150,S1044,MATH150,video,MATH150-V0505,2025-04-03 09:09:46,13
A00151,S1049,CS101,assignment,CS101-A0904,2025-04-19 20:07:25,60
A00152,S1013,MATH150,assignment,MATH150-A0804,2025-03-22 21:10:57,34
A00153,S1035,MATH150,discussion,MATH150-D0901,2025-04-17 01:05:34,5
A00154,S1028,CS101,quiz,CS101-Q0803,2025-04-25 16:16:00,49
A00155,S1029,CS301,lecture,CS301-L0102,2025-03-27 22:03:09,85
A00156,S1050,MATH150,assignment,MATH150-A0304,2025-03-15 16:29:07,18
A00157,S1020,CS301,quiz,CS301-Q0205,2025-04-08 09:50:48,63
A00158,S1043,DS400,assignment,DS400-A0905,2025-03-19 11:40:54,61
A00159,S1036,DS200,discussion,DS200-D0104,2025-02-27 10:40:15,64
A00160,S1038,CS301,discussion,CS301-D0603,2025-03-04 23:42:16,8
A00161,S1002,DS400,lecture,DS400-L0303,2025-03-07 17:52:02,75
A00162,S1002,MATH150,quiz,MATH150-Q0204,2025-03-07 09:10:01,46
A00163,S1027,MATH150,lecture,MATH150-L0402,2025-02-24 15:38:04,83
A00164,S1020,DS400,lecture,DS400-L0203,2025-02-12 23:39:46,44
A00165,S1011,CS101,discussion,CS101-D0601,2025-03-18 14:55:20,85
A00166,S1028,DS400,discussion,DS400-D0703,2025-02-03 20:27:58,90
A00167,S1031,DS400,lecture,DS400-L0604,2025-03-29 05:56:44,50
A00168,S1021,DS400,lecture,DS400-L0801,2025-04-09 22:45:18,87
A00169,S1014,MATH150,quiz,MATH150-Q0903,2025-02-18 01:11:42,79
A00170,S1020,MATH150,quiz,MATH150-Q0404,2025-04-04 13:37:04,10
A00171,S1035,DS200,reading,DS200-R0501,2025-03-02 17:43:55,74
A00172,S1026,DS200,discussion,DS200-D0205,2025-02-11 01:40:15,76
A00173,S1022,MATH150,lecture,MATH150-L1005,2025-03-20 00:22:52,55
A00174,S1014,MATH150,lecture,MATH150-L0505,2025-04-20 22:40:35,39
A00175,S1028,DS400,reading,DS400-R0404,2025-03-12 22:21:17,33
A00176,S1040,DS400,quiz,DS400-Q0902,2025-04-28 09:33:48,3
A00177,S1041,DS400,video,DS400-V1004,2025-02-22 13:08:29,85
A00178,S1048,CS301,reading,CS301-R0905,2025-04-25 16:02:04,56
A00179,S1037,CS101,discussion,CS101-D0403,2025-03-18 18:35:51,19
A00180,S1016,DS200,assignment,DS200-A0504,2025-03-13 16:54:04,41
A00181,S1005,DS200,quiz,DS200-Q0503,2025-04-05 14:18:50,21
A00182,S1017,DS400,video,DS400-V0702,2025-02-12 21:32:10,20
A00183,S1013,CS101,video,CS101-V0504,2025-03-20 23:56:54,72
A00184,S1028,CS301,assignment,CS301-A0102,2025-02-17 08:15:27,35
A00185,S1009,CS101,reading,CS101-R0505,2025-02-18 23:00:03,83
A00186,S1003,CS301,lecture,CS301-L0101,2025-03-04 08:22:36,78
A00187,S1020,CS101,quiz,CS101-Q0601,2025-03-12 09:45:28,18
A00188,S1016,CS101,discussion,CS101-D0901,2025-03-24 13:10:29,86
A00189,S1038,DS400,reading,DS400-R0801,2025-02-24 23:41:05,77
A00190,S1008,MATH150,reading,MATH150-R1004,2025-04-21 02:40:21,31
A00191,S1028,DS200,video,DS200-V0202,2025-02-22 15:50:05,36
A00192,S1029,CS301,reading,CS301-R1001,2025-03-21 11:32:37,69
A00193,S1024,CS101,reading,CS101-R0904,2025-03-19 23:24:57,88
A00194,S1016,MATH150,video,MATH150-V0604,2025-04-12 08:33:37,48
A00195,S1020,CS101,assignment,CS101-A1001,2025-04-24 13:41:58,85
A00196,S1004,DS200,reading,DS200-R0904,2025-03-03 21:34:24,82
A00197,S1045,MATH150,assignment,MATH150-A0205,2025-04-27 01:04:20,31
A00198,S1029,CS301,lecture,CS301-L0703,2025-03-03 02:02:44,12
A00199,S1049,DS200,reading,DS200-R0402,2025-05-01 19:06:20,57
A00200,S1041,MATH150,assignment,MATH150-A0701,2025-02-28 11:28:36,11
A00201,S1050,CS301,quiz,CS301-Q0703,2025-04-12 12:33:22,55
A00202,S1007,DS200,assignment,DS200-A0505,2025-02-08 07:34:20,46
A00203,S1027,DS400,assignment,DS400-A0903,2025-03-17 21:06:07,89
A00204,S1002,CS101,assignment,CS101-A0304,2025-04-19 16:08:02,83
A00205,S1009,CS101,quiz,CS101-Q0403,2025-03-04 07:57:01,74
A00206,S1006,CS101,video,CS101-V0405,2025-04-12 03:39:00,84
A00207,S1049,DS200,discussion,DS200-D0703,2025-03-17 16:58:23,62
A00208,S1048,DS200,reading,DS200-R0305,2025-04-23 03:26:09,42
A00209,S1019,DS200,lecture,DS200-L0703,2025-02-19 12:45:29,51
A00210,S1025,DS400,video,DS400-V0101,2025-05-02 11:55:59,72
A00211,S1042,DS400,assignment,DS400-A0401,2025-03-18 18:27:13,26
A00212,S1017,DS200,lecture,DS200-L0705,2025-03-15 12:20:34,77
A00213,S1017,DS200,lecture,DS200-L0602,2025-03-28 22:41:50,16
A00214,S1001,DS400,quiz,DS400-Q0804,2025-02-13 09:04:45,29
A00215,S1046,DS200,video,DS200-V0503,2025-04-15 08:15:49,64
A00216,S1025,DS200,quiz,DS200-Q0405,2025-02-22 19:13:55,37
A00217,S1047,DS200,quiz,DS200-Q0304,2025-04-19 19:29:57,19
A00218,S1002,MATH150,reading,MATH150-R0405,2025-03-17 15:46:38,32
A00219,S1024,DS400,assignment,DS400-A0801,2025-02-02 20:58:24,61
A00220,S1009,MATH150,assignment,MATH150-A0702,2025-04-12 03:07:07,50
A00221,S1046,CS301,assignment,CS301-A1003,2025-02-08 23:09:26,13
A00222,S1036,CS101,lecture,CS101-L0602,2025-03-19 14:16:39,46
A00223,S1039,DS400,assignment,DS400-A0101,2025-02-26 11:59:20,65
A00224,S1040,CS301,reading,CS301-R0703,2025-02-14 17:03:46,72
A00225,S1003,DS400,video,DS400-V0502,2025-03-22 18:44:25,64
A00226,S1022,CS301,video,CS301-V0203,2025-04-11 19:56:27,68
A00227,S1028,DS200,reading,DS200-R0203,2025-02-06 03:49:51,17
A00228,S1032,MATH150,assignment,MATH150-A0604,2025-03-01 08:11:23,34
A00229,S1040,MATH150,discussion,MATH150-D0604,2025-04-29 13:00:05,22
A00230,S1021,CS301,video,CS301-V0904,2025-02-07 00:56:32,25
A00231,S1010,CS101,video,CS101-V0301,2025-03-19 12:40:54,34
A00232,S1011,CS301,quiz,CS301-Q0204,2025-02-05 19:58:37,57
A00233,S1023,DS400,quiz,DS400-Q0804,2025-02-12 19:02:53,19
A00234,S1008,MATH150,lecture,MATH150-L0403,2025-02-19 09:52:55,22
A00235,S1048,DS400,reading,DS400-R1005,2025-02-22 11:50:40,75
A00236,S1001,DS400,discussion,DS400-D0304,2025-05-02 05:38:37,10
A00237,S1016,CS301,assignment,CS301-A0203,2025-02-04 09:25:18,37
A00238,S1044,CS101,quiz,CS101-Q0605,2025-02-12 04:05:10,42
A00239,S1010,CS101,lecture,CS101-L0804,2025-03-17 22:57:05,81
A00240,S1018,DS400,assignment,DS400-A0103,2025-02-06 03:05:47,84
A00241,S1040,CS301,reading,CS301-R1002,2025-02-22 09:26:45,7
A00242,S1042,MATH150,reading,MATH150-R0101,2025-03-26 23:53:31,78
A00243,S1025,CS101,quiz,CS101-Q0502,2025-02-25 04:21:10,52
A00244,S1006,CS101,video,CS101-V0304,2025-04-18 13:16:29,52
A00245,S1019,DS200,lecture,DS200-L0504,2025-04-20 15:37:29,56
A00246,S1048,MATH150,assignment,MATH150-A1002,2025-03-08 17:33:33,86
A00247,S1007,MATH150,discussion,MATH150-D0404,2025-03-17 02:52:53,50
A00248,S1031,MATH150,discussion,MATH150-D1004,2025-02-10 15:09:31,55
A00249,S1024,DS400,video,DS400-V0704,2025-02-10 21:30:31,6
A00250,S1033,MATH150,quiz,MATH150-Q0402,2025-03-21 23:06:36,68
A00251,S1041,DS400,lecture,DS400-L0504,2025-03-16 08:02:16,11
A00252,S1031,MATH150,video,MATH150-V0303,2025-04-24 13:51:04,32
A00253,S1034,CS301,reading,CS301-R1001,2025-03-27 08:50:07,10
A00254,S1003,DS400,lecture,DS400-L0904,2025-03-13 23:19:49,13
A00255,S1030,DS400,reading,DS400-R0603,2025-03-30 17:23:51,11
A00256,S1050,DS400,lecture,DS400-L0204,2025-02-19 07:18:44,24
A00257,S1026,CS101,lecture,CS101-L0703,2025-03-04 08:28:24,76
A00258,S1047,CS301,assignment,CS301-A0805,2025-04-21 07:18:55,34
A00259,S1022,DS200,video,DS200-V0301,2025-04-15 09:37:48,78
A00260,S1017,CS101,quiz,CS101-Q0901,2025-02-02 10:33:00,51
A00261,S1008,CS101,video,CS101-V0804,2025-04-10 00:57:03,52
A00262,S1043,DS400,assignment,DS400-A0803,2025-04-02 22:08:00,79
A00263,S1024,CS301,reading,CS301-R0202,2025-02-14 23:45:49,2
A00264,S1013,CS101,lecture,CS101-L0401,2025-02-22 04:27:56,62
A00265,S1042,DS200,assignment,DS200-A0404,2025-04-24 15:08:12,81
A00266,S1035,DS200,lecture,DS200-L0504,2025-02-16 06:10:35,61
A00267,S1028,CS101,lecture,CS101-L0302,2025-04-14 14:24:37,90
A00268,S1029,CS301,quiz,CS301-Q0104,2025-03-30 16:36:05,32
A00269,S1013,MATH150,discussion,MATH150-D0701,2025-03-06 06:51:09,2
A00270,S1007,CS301,quiz,CS301-Q0805,2025-03-31 17:19:56,71
A00271,S1019,CS101,quiz,CS101-Q0704,2025-03-23 17:07:51,76
A00272,S1047,DS400,assignment,DS400-A0802,2025-04-12 05:20:33,8
A00273,S1034,CS101,quiz,CS101-Q1003,2025-03-27 14:06:17,9
A00274,S1018,CS301,quiz,CS301-Q0204,2025-04-03 07:54:50,83
A00275,S1023,CS301,assignment,CS301-A0701,2025-02-17 12:51:34,37
A00276,S1047,DS200,quiz,DS200-Q0604,2025-02-24 09:45:54,65
A00277,S1015,DS400,assignment,DS400-A0605,2025-04-25 17:37:01,85
A00278,S1030,DS200,reading,DS200-R0704,2025-04-23 18:08:39,87
A00279,S1042,MATH150,quiz,MATH150-Q0305,2025-02-21 23:45:23,37
A00280,S1045,CS101,assignment,CS101-A0802,2025-02-18 16:43:23,26
A00281,S1011,DS400,quiz,DS400-Q0204,2025-03-21 19:23:18,39
A00282,S1016,DS200,discussion,DS200-D0101,2025-03-08 16:57:33,34
A00283,S1023,DS200,video,DS200-V0901,2025-04-21 04:56:31,9
A00284,S1022,CS301,lecture,CS301-L1002,2025-02-13 14:08:56,72
A00285,S1015,CS301,reading,CS301-R0603,2025-04-17 13:41:48,6
A00286,S1050,DS400,reading,DS400-R0305,2025-04-01 13:01:19,86
A00287,S1007,CS101,quiz,CS101-Q0801,2025-02-12 03:40:17,79
A00288,S1040,CS101,discussion,CS101-D0105,2025-02-12 02:33:04,22
A00289,S1041,CS101,video,CS101-V0602,2025-04-13 14:06:08,38
A00290,S1046,CS301,discussion,CS301-D0801,2025-02-16 20:27:38,83
A00291,S1024,MATH150,video,MATH150-V0202,2025-03-16 12:07:20,54
A00292,S1050,CS101,video,CS101-V0803,2025-03-01 17:07:14,65
A00293,S1011,CS101,reading,CS101-R0604,2025-03-08 21:17:08,81
A00294,S1043,DS200,video,DS200-V0904,2025-04-19 07:16:16,30
A00295,S1009,CS301,quiz,CS301-Q0704,2025-04-25 15:08:21,67
A00296,S1044,MATH150,lecture,MATH150-L0802,2025-04-17 15:30:34,2
A00297,S1046,DS400,lecture,DS400-L0203,2025-03-04 10:28:24,52
A00298,S1050,DS200,quiz,DS200-Q0104,2025-04-16 13:58:19,5
A00299,S1043,DS200,discussion,DS200-D0105,2025-03-02 14:00:48,54
A00300,S1026,DS400,reading,DS400-R0603,2025-02-02 15:20:20,36
A00301,S1034,DS400,video,DS400-V0704,2025-04-05 09:16:23,27
A00302,S1035,DS400,discussion,DS400-D0803,2025-04-29 01:21:28,84
A00303,S1026,DS200,reading,DS200-R0201,2025-03-26 01:14:10,43
A00304,S1025,DS200,discussion,DS200-D0903,2025-02-22 14:57:47,12
A00305,S1033,DS400,reading,DS400-R0903,2025-04-16 08:58:16,82
A00306,S1011,CS101,lecture,CS101-L0905,2025-02-26 23:43:02,31
A00307,S1050,MATH150,assignment,MATH150-A0705,2025-02-12 14:16:25,8
A00308,S1024,MATH150,assignment,MATH150-A0903,2025-02-13 21:25:50,7
A00309,S1049,CS101,quiz,CS101-Q0505,2025-04-14 09:55:50,1
A00310,S1030,MATH150,video,MATH150-V1005,2025-04-12 06:10:26,81
A00311,S1043,DS400,discussion,DS400-D0403,2025-03-02 22:06:57,37
A00312,S1043,DS400,assignment,DS400-A0304,2025-03-24 07:50:11,32
A00313,S1007,MATH150,discussion,MATH150-D1002,2025-04-22 18:17:17,47
A00314,S1030,CS101,video,CS101-V0704,2025-02-09 19:52:34,12
A00315,S1004,CS301,video,CS301-V0802,2025-03-17 04:33:47,10
A00316,S1024,DS400,quiz,DS400-Q1005,2025-03-24 06:09:18,51
A00317,S1017,DS400,quiz,DS400-Q0704,2025-04-09 18:27:12,63
A00318,S1047,CS301,video,CS301-V0305,2025-02-14 05:08:45,63
A00319,S1046,CS301,video,CS301-V0905,2025-02-13 08:01:15,89
A00320,S1014,CS301,quiz,CS301-Q0102,2025-03-28 03:33:07,48
A00321,S1008,DS400,quiz,DS400-Q0201,2025-03-09 18:07:23,74
A00322,S1019,CS101,discussion,CS101-D0301,2025-03-09 22:30:26,40
A00323,S1024,MATH150,reading,MATH150-R0801,2025-04-19 16:33:49,19
A00324,S1010,DS400,quiz,DS400-Q0103,2025-04-29 04:34:44,37
A00325,S1014,DS200,assignment,DS200-A0801,2025-02-13 17:58:12,71
A00326,S1023,CS101,lecture,CS101-L0704,2025-03-29 12:15:00,40
A00327,S1037,CS301,reading,CS301-R0704,2025-04-23 21:21:29,78
A00328,S1009,DS200,discussion,DS200-D0804,2025-04-07 15:39:45,58
A00329,S1010,MATH150,lecture,MATH150-L1005,2025-03-13 15:25:43,50
A00330,S1015,CS301,reading,CS301-R0901,2025-04-07 23:10:22,57
A00331,S1048,MATH150,assignment,MATH150-A0202,2025-04-11 12:50:27,4
A00332,S1037,MATH150,discussion,MATH150-D0205,2025-02-10 03:20:39,25
A00333,S1040,DS400,discussion,DS400-D0105,2025-03-24 12:42:00,25
A00334,S1049,CS301,discussion,CS301-D0101,2025-04-06 18:46:10,69
A00335,S1012,CS101,reading,CS101-R0402,2025-04-23 10:14:40,75
A00336,S1029,CS101,discussion,CS101-D1003,2025-03-12 21:10:56,76
A00337,S1003,CS301,lecture,CS301-L0604,2025-02-19 09:32:22,54
A00338,S1002,DS400,reading,DS400-R0703,2025-02-10 17:01:45,15
A00339,S1007,DS400,video,DS400-V0502,2025-02-19 14:34:30,33
A00340,S1050,CS101,video,CS101-V0504,2025-04-08 18:11:53,22
A00341,S1004,DS400,reading,DS400-R0301,2025-04-12 03:02:11,8
A00342,S1020,CS301,lecture,CS301-L0602,2025-03-13 22:52:20,42
A00343,S1017,CS301,lecture,CS301-L0102,2025-02-25 03:17:15,77
A00344,S1038,DS200,quiz,DS200-Q0905,2025-03-11 06:09:14,15
A00345,S1018,CS101,reading,CS101-R0805,2025-03-13 09:28:56,9
A00346,S1031,CS101,quiz,CS101-Q0401,2025-02-28 00:06:47,71
A00347,S1038,CS101,video,CS101-V0902,2025-03-03 10:43:29,73
A00348,S1027,CS301,lecture,CS301-L0902,2025-04-18 21:10:18,19
A00349,S1024,DS400,video,DS400-V0405,2025-03-15 00:20:25,72
A00350,S1029,CS101,lecture,CS101-L0805,2025-03-01 22:55:32,84
A00351,S1011,CS101,lecture,CS101-L0803,2025-03-31 22:03:30,33
A00352,S1044,CS301,reading,CS301-R0405,2025-04-24 11:51:42,66
A00353,S1019,CS101,video,CS101-V0905,2025-02-08 15:53:11,39
A00354,S1006,CS301,assignment,CS301-A0202,2025-04-13 06:28:11,72
A00355,S1018,CS301,video,CS301-V1005,2025-04-20 17:51:10,41
A00356,S1044,MATH150,assignment,MATH150-A0504,2025-02-28 09:05:32,32
A00357,S1043,MATH150,reading,MATH150-R0404,2025-04-01 01:53:37,43
A00358,S1002,DS200,assignment,DS200-A0105,2025-03-20 03:19:06,1
A00359,S1001,DS200,quiz,DS200-Q0904,2025-04-16 21:35:54,51
A00360,S1035,CS101,assignment,CS101-A0205,2025-02-04 21:02:18,86
A00361,S1029,CS101,reading,CS101-R0705,2025-03-08 15:02:46,50
A00362,S1012,CS101,lecture,CS101-L0803,2025-02-20 14:37:36,57
A00363,S1001,DS200,assignment,DS200-A0103,2025-04-08 22:43:55,46
A00364,S1013,CS101,discussion,CS101-D0502,2025-02-24 14:47:10,64
A00365,S1024,CS101,reading,CS101-R0805,2025-02-22 04:07:55,1
A00366,S1013,CS301,lecture,CS301-L0505,2025-03-22 10:46:07,64
A00367,S1011,DS400,video,DS400-V1005,2025-03-28 17:47:51,23
A00368,S1005,DS400,video,DS400-V0202,2025-02-27 01:53:39,73
A00369,S1015,DS400,assignment,DS400-A0502,2025-04-25 04:07:59,87
A00370,S1002,DS400,discussion,DS400-D0505,2025-04-28 14:42:07,59
A00371,S1001,CS301,assignment,CS301-A0103,2025-03-15 20:50:09,53
A00372,S1018,CS101,assignment,CS101-A0904,2025-03-21 23:41:54,47
A00373,S1034,CS101,assignment,CS101-A0401,2025-02-28 20:33:23,54
A00374,S1035,CS301,reading,CS301-R0104,2025-02-20 18:23:43,43
A00375,S1006,DS400,lecture,DS400-L0404,2025-02-09 02:23:03,32
A00376,S1013,DS200,reading,DS200-R0501,2025-04-03 15:35:56,81
A00377,S1007,CS101,quiz,CS101-Q0701,2025-03-31 09:37:20,81
A00378,S1022,MATH150,video,MATH150-V0204,2025-02-25 00:20:33,44
A00379,S1004,MATH150,discussion,MATH150-D0401,2025-04-18 04:33:10,77
A00380,S1040,CS301,lecture,CS301-L0805,2025-02-13 23:47:31,11
A00381,S1004,CS101,quiz,CS101-Q0601,2025-04-18 20:37:24,17
A00382,S1004,CS301,lecture,CS301-L0505,2025-04-03 16:02:34,56
A00383,S1005,CS101,assignment,CS101-A0105,2025-02-06 22:34:03,38
A00384,S1025,CS301,lecture,CS301-L1004,2025-02-24 12:06:57,77
A00385,S1043,DS400,lecture,DS400-L0804,2025-03-18 22:36:40,55
A00386,S1040,DS400,lecture,DS400-L0601,2025-03-17 23:00:03,67
A00387,S1022,DS400,video,DS400-V0201,2025-02-03 01:33:36,77
A00388,S1046,CS101,discussion,CS101-D0405,2025-02-14 02:29:02,82
A00389,S1033,MATH150,reading,MATH150-R0704,2025-04-13 05:25:10,80
A00390,S1029,DS200,video,DS200-V0301,2025-02-07 17:52:48,17
A00391,S1020,DS400,quiz,DS400-Q0903,2025-03-04 02:02:48,75
A00392,S1035,DS200,video,DS200-V0803,2025-04-01 10:47:06,44
A00393,S1019,MATH150,lecture,MATH150-L0905,2025-04-06 17:25:24,87
A00394,S1010,CS101,video,CS101-V0905,2025-04-26 05:50:48,7
A00395,S1028,MATH150,video,MATH150-V0402,2025-04-19 02:43:22,9
A00396,S1022,DS200,assignment,DS200-A0804,2025-04-01 02:28:22,89
A00397,S1022,DS400,discussion,DS400-D0605,2025-03-02 23:07:03,54
A00398,S1022,DS200,lecture,DS200-L0801,2025-03-22 00:31:40,29
A00399,S1001,DS200,assignment,DS200-A0404,2025-04-03 10:45:52,28
A00400,S1016,CS301,assignment,CS301-A0604,2025-02-21 19:20:50,52
A00401,S1012,CS101,reading,CS101-R0101,2025-03-08 14:51:42,4
A00402,S1036,CS101,video,CS101-V0504,2025-02-20 17:55:06,81
A00403,S1038,MATH150,lecture,MATH150-L0102,2025-02-21 01:53:28,37
A00404,S1012,DS200,reading,DS200-R0303,2025-04-25 03:49:24,71
A00405,S1016,DS200,video,DS200-V0102,2025-04-24 16:58:53,34
A00406,S1007,CS101,assignment,CS101-A0304,2025-04-06 10:52:52,15
A00407,S1022,DS200,reading,DS200-R0802,2025-03-09 18:15:02,48
A00408,S1043,DS200,discussion,DS200-D1004,2025-04-28 03:43:03,9
A00409,S1008,DS200,video,DS200-V0402,2025-03-25 13:52:04,49
A00410,S1045,MATH150,reading,MATH150-R1004,2025-04-04 15:14:45,32
A00411,S1003,DS400,discussion,DS400-D0405,2025-03-02 10:25:15,20
A00412,S1021,DS200,lecture,DS200-L0502,2025-04-25 13:04:13,66
A00413,S1038,CS301,video,CS301-V0204,2025-04-19 16:04:57,85
A00414,S1040,CS101,video,CS101-V0904,2025-04-15 19:36:00,83
A00415,S1049,DS400,reading,DS400-R0805,2025-03-18 22:44:48,23
A00416,S1021,MATH150,discussion,MATH150-D0804,2025-03-19 20:51:43,35
A00417,S1038,CS301,assignment,CS301-A1001,2025-02-21 23:44:08,29
A00418,S1013,CS301,video,CS301-V0702,2025-03-03 13:57:17,55
A00419,S1025,DS400,video,DS400-V0603,2025-03-27 07:48:16,11
A00420,S1009,CS101,reading,CS101-R0805,2025-03-08 00:09:16,30
A00421,S1038,CS101,quiz,CS101-Q0905,2025-03-06 12:44:01,55
A00422,S1029,CS301,quiz,CS301-Q0703,2025-04-20 23:33:24,64
A00423,S1021,MATH150,quiz,MATH150-Q0102,2025-03-16 18:08:03,30
A00424,S1017,CS101,reading,CS101-R0203,2025-04-24 16:20:01,65
A00425,S1033,DS400,assignment,DS400-A0203,2025-05-02 20:04:25,30
A00426,S1007,CS101,lecture,CS101-L0601,2025-03-26 21:15:30,26
A00427,S1022,DS200,assignment,DS200-A0603,2025-03-03 06:18:14,88
A00428,S1018,DS200,assignment,DS200-A1002,2025-04-25 21:13:05,70
A00429,S1017,CS101,reading,CS101-R0503,2025-04-18 21:44:47,52
A00430,S1026,DS400,assignment,DS400-A0104,2025-04-06 09:04:05,66
A00431,S1049,DS200,quiz,DS200-Q0402,2025-04-13 02:25:13,27
A00432,S1031,DS200,discussion,DS200-D1005,2025-04-16 10:18:40,60
A00433,S1047,CS301,reading,CS301-R0203,2025-04-24 23:47:10,25
A00434,S1028,CS301,video,CS301-V0804,2025-04-25 16:25:45,72
A00435,S1002,MATH150,video,MATH150-V1002,2025-03-03 12:57:35,2
A00436,S1032,MATH150,reading,MATH150-R0404,2025-03-15 04:55:24,88
A00437,S1049,CS301,assignment,CS301-A0903,2025-03-05 12:44:45,76
A00438,S1002,DS400,lecture,DS400-L0302,2025-03-05 22:27:54,73
A00439,S1041,DS400,discussion,DS400-D1004,2025-03-10 21:27:43,27
A00440,S1026,CS101,discussion,CS101-D0702,2025-03-19 23:14:15,14
A00441,S1022,DS400,quiz,DS400-Q0501,2025-02-18 12:22:17,14
A00442,S1044,DS400,video,DS400-V0105,2025-03-21 07:28:37,4
A00443,S1012,DS200,lecture,DS200-L0703,2025-02-21 20:41:21,30
A00444,S1019,DS400,lecture,DS400-L0801,2025-03-09 15:56:51,67
A00445,S1001,DS200,reading,DS200-R0704,2025-02-17 02:50:40,15
A00446,S1009,DS400,quiz,DS400-Q0801,2025-03-11 15:20:40,27
A00447,S1009,DS200,reading,DS200-R0704,2025-02-17 06:54:45,78
A00448,S1037,MATH150,discussion,MATH150-D0405,2025-04-12 11:07:31,88
A00449,S1030,MATH150,video,MATH150-V0102,2025-03-17 03:33:19,9
A00450,S1026,DS400,video,DS400-V0903,2025-05-01 06:05:03,73
A00451,S1032,CS301,quiz,CS301-Q1001,2025-04-14 10:56:14,12
A00452,S1019,CS301,reading,CS301-R0504,2025-04-02 09:22:59,23
A00453,S1027,DS200,video,DS200-V1004,2025-03-18 07:44:32,50
A00454,S1043,DS200,assignment,DS200-A1001,2025-03-12 01:57:59,90
A00455,S1003,DS200,video,DS200-V0505,2025-03-02 05:04:39,86
A00456,S1005,DS200,quiz,DS200-Q0705,2025-02-13 15:24:48,48
A00457,S1005,CS101,discussion,CS101-D0604,2025-03-17 15:40:57,22
A00458,S1017,DS200,discussion,DS200-D0104,2025-02-04 11:10:57,10
A00459,S1041,CS301,quiz,CS301-Q0604,2025-04-25 23:01:17,25
A00460,S1026,CS101,lecture,CS101-L0501,2025-04-11 17:14:50,18
A00461,S1021,CS301,quiz,CS301-Q0801,2025-02-09 21:16:40,71
A00462,S1043,DS200,assignment,DS200-A0802,2025-03-19 13:56:25,36
A00463,S1011,DS200,lecture,DS200-L1001,2025-02-19 01:55:00,38
A00464,S1008,DS400,assignment,DS400-A0702,2025-02-09 09:42:44,86
A00465,S1049,CS101,assignment,CS101-A0502,2025-03-16 15:43:59,46
A00466,S1012,DS200,assignment,DS200-A0105,2025-02-22 20:37:48,57
A00467,S1045,CS101,assignment,CS101-A0901,2025-03-11 19:07:56,89
A00468,S1020,CS301,lecture,CS301-L1001,2025-02-06 14:19:21,49
A00469,S1050,DS200,video,DS200-V0602,2025-02-21 06:55:33,12
A00470,S1002,CS301,lecture,CS301-L0103,2025-04-22 12:53:27,25
A00471,S1044,CS101,video,CS101-V0202,2025-04-13 03:59:40,22
A00472,S1003,CS301,discussion,CS301-D0203,2025-03-05 04:49:24,72
A00473,S1041,DS200,discussion,DS200-D0405,2025-03-12 05:29:28,55
A00474,S1008,DS200,video,DS200-V0203,2025-03-05 06:25:37,23
A00475,S1001,CS301,assignment,CS301-A0601,2025-03-11 15:47:46,28
A00476,S1030,DS200,lecture,DS200-L0505,2025-03-09 16:42:40,6
A00477,S1005,DS200,quiz,DS200-Q0505,2025-03-22 09:01:19,14
A00478,S1046,DS400,discussion,DS400-D0303,2025-02-11 01:41:47,77
A00479,S1021,CS301,assignment,CS301-A0303,2025-02-18 21:28:35,82
A00480,S1049,MATH150,assignment,MATH150-A0801,2025-03-06 09:46:38,3
A00481,S1039,DS400,quiz,DS400-Q0705,2025-04-05 01:36:46,30
A00482,S1033,DS400,assignment,DS400-A0102,2025-02-03 22:21:22,79
A00483,S1049,CS101,reading,CS101-R0404,2025-04-16 09:26:09,32
A00484,S1040,CS101,lecture,CS101-L0303,2025-03-22 07:02:32,38
A00485,S1013,DS200,quiz,DS200-Q0401,2025-02-24 23:39:17,77
A00486,S1029,MATH150,video,MATH150-V0503,2025-04-05 08:37:37,6
A00487,S1034,CS301,assignment,CS301-A0501,2025-02-24 02:33:27,43
A00488,S1022,DS200,video,DS200-V0901,2025-04-30 21:31:52,86
A00489,S1016,DS200,discussion,DS200-D0705,2025-03-05 02:23:38,24
A00490,S1029,CS101,lecture,CS101-L0801,2025-02-20 13:24:09,7
A00491,S1041,DS200,video,DS200-V0301,2025-02-18 17:37:10,76
A00492,S1036,DS200,video,DS200-V0901,2025-03-15 06:08:10,60
A00493,S1020,DS200,assignment,DS200-A0402,2025-03-15 00:57:22,23
A00494,S1039,DS200,reading,DS200-R0505,2025-03-17 09:28:23,82
A00495,S1013,MATH150,quiz,MATH150-Q0203,2025-03-12 12:54:08,49
A00496,S1011,CS301,quiz,CS301-Q0705,2025-04-02 00:55:01,56
A00497,S1049,DS200,quiz,DS200-Q0104,2025-03-15 08:50:00,11
A00498,S1049,MATH150,discussion,MATH150-D0902,2025-03-27 13:09:51,23
A00499,S1017,CS301,quiz,CS301-Q0504,2025-03-01 08:53:21,49
A00500,S1036,DS400,quiz,DS400-Q0203,2025-02-15 03:21:28,61
A00501,S1013,DS200,video,DS200-V0101,2025-04-26 12:43:39,65
A00502,S1047,MATH150,quiz,MATH150-Q0704,2025-03-12 04:31:33,48
A00503,S1025,CS301,reading,CS301-R1001,2025-03-13 13:28:10,5
A00504,S1008,CS301,discussion,CS301-D0302,2025-04-16 22:43:47,56
A00505,S1017,MATH150,discussion,MATH150-D0803,2025-04-10 11:47:03,8
A00506,S1042,CS301,quiz,CS301-Q0402,2025-03-20 06:06:24,5
A00507,S1024,CS101,assignment,CS101-A0303,2025-04-01 15:41:34,59
A00508,S1044,DS200,reading,DS200-R0405,2025-03-30 00:33:34,85
A00509,S1011,CS101,lecture,CS101-L0204,2025-03-12 11:33:23,76
A00510,S1006,DS400,video,DS400-V0702,2025-04-23 10:22:55,55
A00511,S1017,MATH150,discussion,MATH150-D0904,2025-03-30 18:35:25,40
A00512,S1047,CS301,assignment,CS301-A0201,2025-04-04 15:19:58,74
A00513,S1050,MATH150,video,MATH150-V0502,2025-04-15 12:34:05,51
A00514,S1045,MATH150,lecture,MATH150-L0304,2025-02-02 00:36:14,13
A00515,S1005,CS301,discussion,CS301-D0703,2025-04-14 01:02:15,56
A00516,S1011,DS200,reading,DS200-R0302,2025-02-21 02:20:48,63
A00517,S1012,DS400,lecture,DS400-L0805,2025-04-21 22:32:46,28
A00518,S1012,DS200,lecture,DS200-L0302,2025-02-27 01:15:33,53
A00519,S1029,DS400,lecture,DS400-L0301,2025-03-02 07:57:27,11
A00520,S1025,CS101,reading,CS101-R0203,2025-02-04 18:03:13,75
A00521,S1016,CS301,quiz,CS301-Q0201,2025-02-07 19:11:50,35
A00522,S1049,CS101,assignment,CS101-A1001,2025-02-11 06:35:00,28
A00523,S1034,CS101,quiz,CS101-Q1005,2025-04-16 19:01:55,35
A00524,S1032,CS301,reading,CS301-R1004,2025-03-06 13:08:39,48
A00525,S1044,MATH150,reading,MATH150-R0403,2025-04-07 10:40:13,52
A00526,S1025,DS400,lecture,DS400-L0603,2025-04-21 03:40:16,13
A00527,S1001,CS301,assignment,CS301-A0702,2025-02-04 08:45:55,78
A00528,S1008,DS400,reading,DS400-R0403,2025-03-17 17:58:15,80
A00529,S1044,CS301,discussion,CS301-D0702,2025-02-02 04:13:00,82
A00530,S1021,CS101,assignment,CS101-A0601,2025-04-21 06:40:17,42
A00531,S1044,CS301,video,CS301-V1004,2025-03-12 17:22:40,79
A00532,S1006,MATH150,quiz,MATH150-Q0801,2025-04-14 03:55:00,50
A00533,S1019,DS400,video,DS400-V0305,2025-04-27 22:41:55,74
A00534,S1046,DS400,lecture,DS400-L0304,2025-04-20 05:39:09,12
A00535,S1020,DS400,quiz,DS400-Q0304,2025-02-13 02:28:34,62
A00536,S1043,DS400,video,DS400-V0402,2025-02-18 10:03:47,85
A00537,S1045,CS101,lecture,CS101-L0701,2025-02-17 10:18:02,42
A00538,S1025,MATH150,video,MATH150-V0504,2025-04-30 00:16:38,86
A00539,S1008,DS200,discussion,DS200-D0801,2025-04-20 02:40:09,89
A00540,S1022,DS200,discussion,DS200-D1001,2025-04-05 09:31:22,44
A00541,S1025,CS301,assignment,CS301-A0904,2025-04-21 08:44:41,30
A00542,S1015,MATH150,lecture,MATH150-L0501,2025-02-12 16:27:56,12
A00543,S1022,DS400,video,DS400-V0205,2025-03-09 13:48:53,17
A00544,S1021,CS301,discussion,CS301-D0103,2025-02-07 21:07:40,76
A00545,S1035,DS200,quiz,DS200-Q0703,2025-04-17 18:08:25,47
A00546,S1044,DS200,discussion,DS200-D1005,2025-02-23 10:33:10,14
A00547,S1026,CS101,discussion,CS101-D0803,2025-02-15 22:06:10,38
A00548,S1015,CS301,assignment,CS301-A0802,2025-04-01 06:26:29,37
A00549,S1010,CS101,discussion,CS101-D0603,2025-03-22 15:33:04,89
A00550,S1008,MATH150,assignment,MATH150-A1004,2025-04-04 03:26:30,28
A00551,S1032,MATH150,assignment,MATH150-A0701,2025-04-21 12:51:07,43
A00552,S1010,DS200,assignment,DS200-A0401,2025-05-02 12:02:21,23
A00553,S1032,CS301,reading,CS301-R0301,2025-03-27 01:43:30,51
A00554,S1022,CS301,assignment,CS301-A0803,2025-04-16 10:31:39,51
A00555,S1026,CS101,discussion,CS101-D0503,2025-04-10 11:35:59,25
A00556,S1045,DS400,quiz,DS400-Q0202,2025-03-05 06:32:43,75
A00557,S1004,MATH150,quiz,MATH150-Q0305,2025-02-15 05:27:56,57
A00558,S1045,CS301,reading,CS301-R0302,2025-02-23 01:13:13,26
A00559,S1048,CS101,reading,CS101-R1001,2025-04-08 17:31:14,19
A00560,S1025,CS301,assignment,CS301-A0301,2025-02-11 04:43:58,46
A00561,S1031,DS200,lecture,DS200-L0205,2025-04-05 23:45:47,44
A00562,S1038,CS301,video,CS301-V0702,2025-02-05 04:08:04,16
A00563,S1016,CS301,quiz,CS301-Q0505,2025-02-18 14:50:57,84
A00564,S1048,CS301,assignment,CS301-A0204,2025-04-26 20:16:43,84
A00565,S1025,MATH150,assignment,MATH150-A0803,2025-02-02 23:57:40,16
A00566,S1008,CS101,lecture,CS101-L0805,2025-02-23 17:03:43,3
A00567,S1038,DS400,discussion,DS400-D0803,2025-04-10 05:25:26,13
A00568,S1038,DS200,quiz,DS200-Q0804,2025-03-02 20:09:45,74
A00569,S1009,CS101,reading,CS101-R0205,2025-02-19 19:45:00,52
A00570,S1045,CS101,quiz,CS101-Q0905,2025-04-18 22:33:12,68
A00571,S1032,CS101,discussion,CS101-D1005,2025-04-12 04:04:53,84
A00572,S1008,DS200,assignment,DS200-A0202,2025-04-26 13:32:20,77
A00573,S1045,DS200,lecture,DS200-L0904,2025-04-20 14:15:21,41
A00574,S1008,CS101,video,CS101-V1002,2025-04-06 05:41:17,21
A00575,S1006,DS400,reading,DS400-R0101,2025-02-13 23:32:15,65
A00576,S1020,MATH150,discussion,MATH150-D0304,2025-04-06 18:32:52,1
A00577,S1016,MATH150,lecture,MATH150-L0903,2025-04-06 20:52:26,69
A00578,S1029,DS200,discussion,DS200-D0803,2025-03-24 14:49:34,46
A00579,S1039,DS400,discussion,DS400-D0401,2025-04-07 04:56:06,6
A00580,S1016,CS101,video,CS101-V0303,2025-04-25 23:44:54,28
A00581,S1009,DS400,discussion,DS400-D0405,2025-03-08 17:36:28,36
A00582,S1009,DS400,quiz,DS400-Q0205,2025-02-26 15:02:33,34
A00583,S1025,DS200,quiz,DS200-Q0801,2025-02-26 13:12:23,87
A00584,S1028,DS200,discussion,DS200-D0401,2025-04-03 23:55:32,35
A00585,S1041,DS200,assignment,DS200-A0605,2025-04-06 16:35:15,83
A00586,S1033,DS400,video,DS400-V0702,2025-03-04 14:05:54,56
A00587,S1025,CS101,discussion,CS101-D0401,2025-02-28 02:21:46,16
A00588,S1035,CS101,assignment,CS101-A0904,2025-02-08 06:37:19,43
A00589,S1041,CS101,reading,CS101-R0603,2025-02-16 01:53:53,29
A00590,S1018,CS101,lecture,CS101-L0702,2025-03-10 15:12:10,14
A00591,S1008,DS200,discussion,DS200-D0505,2025-04-22 14:47:38,63
A00592,S1007,DS400,reading,DS400-R1003,2025-03-27 10:06:43,35
A00593,S1039,CS101,lecture,CS101-L0303,2025-04-15 20:54:59,50
A00594,S1012,MATH150,assignment,MATH150-A0905,2025-03-31 14:29:00,52
A00595,S1031,DS400,video,DS400-V0501,2025-04-09 12:57:19,66
A00596,S1046,DS200,assignment,DS200-A0302,2025-03-10 15:35:42,73
A00597,S1048,MATH150,lecture,MATH150-L0602,2025-04-08 17:16:53,78
A00598,S1027,CS301,video,CS301-V0803,2025-04-20 09:29:34,60
A00599,S1033,MATH150,reading,MATH150-R0705,2025-04-12 15:04:28,30
A00600,S1020,CS101,reading,CS101-R0703,2025-04-24 22:29:26,12
A00601,S1041,CS101,lecture,CS101-L0401,2025-02-17 21:40:01,74
A00602,S1004,CS101,assignment,CS101-A0505,2025-03-21 17:21:01,2
A00603,S1028,DS400,assignment,DS400-A0304,2025-03-22 04:53:44,66
A00604,S1044,DS400,assignment,DS400-A0204,2025-02-03 05:18:55,79
A00605,S1013,CS101,assignment,CS101-A0705,2025-04-15 15:46:42,45
A00606,S1016,DS400,assignment,DS400-A1001,2025-04-01 20:12:30,58
A00607,S1011,DS400,video,DS400-V0301,2025-03-09 12:12:58,18
A00608,S1033,MATH150,lecture,MATH150-L0704,2025-03-10 16:16:49,22
A00609,S1024,CS101,reading,CS101-R0405,2025-04-25 11:22:47,16
A00610,S1019,MATH150,quiz,MATH150-Q0503,2025-02-22 13:24:18,1
A00611,S1048,DS400,quiz,DS400-Q0403,2025-04-05 07:09:45,66
A00612,S1003,CS301,discussion,CS301-D0801,2025-03-08 09:52:09,1
A00613,S1040,CS301,reading,CS301-R0503,2025-02-12 06:38:09,1
A00614,S1023,DS200,quiz,DS200-Q0601,2025-02-11 17:03:34,56
A00615,S1032,DS200,lecture,DS200-L0905,2025-04-30 02:36:19,20
A00616,S1027,CS101,quiz,CS101-Q0102,2025-04-17 13:52:06,85
A00617,S1017,DS200,quiz,DS200-Q0703,2025-03-02 22:18:36,47
A00618,S1028,DS200,discussion,DS200-D0501,2025-03-16 10:52:21,85
A00619,S1029,DS200,video,DS200-V0604,2025-02-02 10:27:51,46
A00620,S1046,DS200,lecture,DS200-L0403,2025-02-05 18:43:46,18
A00621,S1026,CS301,assignment,CS301-A0601,2025-02-17 10:28:50,86
A00622,S1013,CS301,assignment,CS301-A0501,2025-03-14 18:08:55,63
A00623,S1036,CS301,assignment,CS301-A0303,2025-04-15 19:05:30,52
A00624,S1033,CS301,video,CS301-V0201,2025-04-19 20:04:50,3
A00625,S1009,DS200,reading,DS200-R0901,2025-04-17 09:03:43,88
A00626,S1016,CS101,assignment,CS101-A0604,2025-03-31 20:14:19,2
A00627,S1028,CS301,reading,CS301-R0504,2025-02-09 21:25:55,55
A00628,S1016,DS400,video,DS400-V0902,2025-02-26 02:13:31,36
A00629,S1050,CS101,reading,CS101-R0404,2025-02-21 03:15:36,61
A00630,S1046,CS101,assignment,CS101-A0905,2025-02-19 11:07:29,25
A00631,S1038,DS200,video,DS200-V0202,2025-03-12 19:58:59,5
A00632,S1018,DS200,video,DS200-V0701,2025-04-02 17:23:55,26
A00633,S1006,CS101,quiz,CS101-Q0705,2025-03-03 14:59:46,90
A00634,S1041,DS200,video,DS200-V0604,2025-03-20 09:31:53,8
A00635,S1033,CS301,assignment,CS301-A0103,2025-02-12 13:22:19,35
A00636,S1024,MATH150,reading,MATH150-R0702,2025-03-04 22:12:31,7
A00637,S1012,CS101,lecture,CS101-L0103,2025-02-22 10:52:08,37
A00638,S1031,MATH150,discussion,MATH150-D0204,2025-02-19 19:38:02,33
A00639,S1032,MATH150,reading,MATH150-R0501,2025-02-11 06:41:20,86
A00640,S1001,DS400,video,DS400-V0603,2025-04-14 20:15:40,47
A00641,S1048,DS400,discussion,DS400-D1003,2025-02-25 00:05:36,84
A00642,S1018,DS200,discussion,DS200-D0701,2025-04-29 00:14:13,14
A00643,S1009,DS400,lecture,DS400-L0105,2025-05-01 10:27:05,84
A00644,S1013,DS200,assignment,DS200-A0801,2025-02-09 03:24:27,70
A00645,S1040,MATH150,reading,MATH150-R0802,2025-03-25 16:12:17,20
A00646,S1003,DS200,video,DS200-V0705,2025-04-11 23:04:51,33
A00647,S1049,DS400,reading,DS400-R0604,2025-04-04 00:36:59,16
A00648,S1028,CS101,quiz,CS101-Q0705,2025-03-22 19:01:35,3
A00649,S1011,DS400,reading,DS400-R0303,2025-02-06 06:49:14,73
A00650,S1004,DS200,assignment,DS200-A0704,2025-04-09 08:22:43,69
A00651,S1033,CS101,video,CS101-V0805,2025-03-11 04:03:39,72
A00652,S1050,CS301,quiz,CS301-Q1003,2025-02-21 23:05:41,24
A00653,S1001,DS200,discussion,DS200-D0405,2025-04-10 12:24:17,2
A00654,S1033,CS301,discussion,CS301-D0903,2025-03-03 07:55:20,29
A00655,S1019,MATH150,discussion,MATH150-D0202,2025-02-23 14:43:08,6
A00656,S1035,DS200,reading,DS200-R0102,2025-04-28 15:52:06,36
A00657,S1009,MATH150,lecture,MATH150-L0402,2025-03-25 18:37:19,15
A00658,S1001,MATH150,assignment,MATH150-A1003,2025-03-05 09:12:34,11
A00659,S1046,DS400,reading,DS400-R0304,2025-04-30 02:11:58,79
A00660,S1019,MATH150,lecture,MATH150-L0103,2025-02-23 03:53:02,36
A00661,S1012,MATH150,lecture,MATH150-L0905,2025-02-12 04:57:18,89
A00662,S1025,MATH150,assignment,MATH150-A1005,2025-02-21 21:18:39,57
A00663,S1015,MATH150,reading,MATH150-R0405,2025-04-04 00:28:02,51
A00664,S1010,CS301,video,CS301-V0703,2025-02-16 06:34:09,62
A00665,S1006,CS301,video,CS301-V0802,2025-04-22 01:24:23,23
A00666,S1013,DS400,quiz,DS400-Q0303,2025-02-03 21:58:09,40
A00667,S1011,DS200,quiz,DS200-Q1002,2025-02-08 14:45:55,19
A00668,S1005,CS301,video,CS301-V0804,2025-02-11 14:29:14,68
A00669,S1009,CS101,discussion,CS101-D0204,2025-03-11 03:41:18,3
A00670,S1008,CS101,assignment,CS101-A0102,2025-02-25 23:36:23,11
A00671,S1018,DS200,assignment,DS200-A1001,2025-04-19 19:21:08,2
A00672,S1007,DS400,assignment,DS400-A0601,2025-02-21 12:22:08,18
A00673,S1031,DS400,quiz,DS400-Q0303,2025-03-06 01:58:25,62
A00674,S1010,DS200,lecture,DS200-L0903,2025-04-03 19:04:24,70
A00675,S1008,CS101,lecture,CS101-L0205,2025-03-02 16:22:34,14
A00676,S1033,CS301,video,CS301-V0102,2025-02-04 04:51:05,30
A00677,S1028,CS301,video,CS301-V0603,2025-02-23 19:16:27,88
A00678,S1025,CS101,quiz,CS101-Q0301,2025-02-23 16:06:02,14
A00679,S1019,MATH150,lecture,MATH150-L1003,2025-02-13 08:42:11,47
A00680,S1006,CS101,discussion,CS101-D0302,2025-03-15 11:42:07,68
A00681,S1022,DS400,video,DS400-V0702,2025-04-29 14:02:25,86
A00682,S1044,MATH150,discussion,MATH150-D0503,2025-04-27 20:45:37,14
A00683,S1018,CS301,assignment,CS301-A0603,2025-04-21 14:02:19,10
A00684,S1001,DS200,assignment,DS200-A0303,2025-02-16 05:16:42,50
A00685,S1029,CS301,lecture,CS301-L0205,2025-03-15 08:57:48,36
A00686,S1010,CS101,reading,CS101-R0302,2025-04-17 09:24:45,50
A00687,S1023,MATH150,quiz,MATH150-Q0704,2025-04-10 04:42:47,53
A00688,S1039,MATH150,video,MATH150-V0404,2025-03-14 12:28:23,71
A00689,S1032,DS400,discussion,DS400-D0805,2025-03-25 22:23:28,30
A00690,S1025,CS101,discussion,CS101-D0705,2025-03-29 23:28:30,89
A00691,S1048,DS200,assignment,DS200-A0202,2025-03-08 23:46:10,1
A00692,S1014,CS101,reading,CS101-R0904,2025-02-14 20:13:08,15
A00693,S1004,MATH150,reading,MATH150-R0303,2025-03-18 13:42:29,19
A00694,S1036,CS301,video,CS301-V0402,2025-02-07 07:06:07,18
A00695,S1008,DS200,quiz,DS200-Q0104,2025-03-09 23:00:45,7
A00696,S1045,CS101,assignment,CS101-A1001,2025-03-20 04:00:43,77
A00697,S1011,CS101,video,CS101-V0602,2025-02-09 12:59:35,32
A00698,S1005,CS101,discussion,CS101-D0702,2025-04-17 04:28:41,24
A00699,S1031,DS200,assignment,DS200-A0903,2025-03-19 12:32:05,53
A00700,S1047,MATH150,quiz,MATH150-Q0103,2025-02-12 16:11:44,20
A00701,S1004,CS101,discussion,CS101-D0305,2025-02-17 10:33:55,2
A00702,S1026,CS301,assignment,CS301-A0805,2025-04-11 22:37:24,34
A00703,S1037,DS400,reading,DS400-R0404,2025-02-17 02:17:51,35
A00704,S1006,DS400,quiz,DS400-Q0302,2025-03-12 17:55:50,80
A00705,S1004,DS200,quiz,DS200-Q0305,2025-04-01 14:52:19,10
A00706,S1045,CS301,quiz,CS301-Q0604,2025-04-23 04:33:58,49
A00707,S1011,CS101,reading,CS101-R0702,2025-02-28 01:53:01,14
A00708,S1007,CS101,reading,CS101-R1003,2025-02-04 14:17:02,31
A00709,S1019,DS200,discussion,DS200-D0201,2025-02-22 10:42:41,77
A00710,S1001,MATH150,video,MATH150-V0902,2025-04-04 20:28:46,5
A00711,S1016,MATH150,lecture,MATH150-L1005,2025-02-06 05:29:26,73
A00712,S1031,CS101,lecture,CS101-L0601,2025-03-03 20:01:37,2
A00713,S1023,MATH150,quiz,MATH150-Q0902,2025-03-04 09:41:58,51
A00714,S1047,MATH150,video,MATH150-V0203,2025-03-13 09:58:19,65
A00715,S1007,DS400,video,DS400-V0105,2025-04-20 03:54:05,49
A00716,S1031,DS400,lecture,DS400-L0502,2025-02-16 14:02:03,88
A00717,S1030,CS101,assignment,CS101-A0202,2025-04-28 17:43:54,28
A00718,S1044,DS200,assignment,DS200-A0305,2025-03-23 23:59:36,78
A00719,S1042,DS400,reading,DS400-R0802,2025-03-06 18:54:03,38
A00720,S1024,DS400,quiz,DS400-Q0104,2025-02-25 02:05:37,27
A00721,S1040,DS400,lecture,DS400-L0305,2025-04-03 19:46:53,64
A00722,S1007,CS101,video,CS101-V0505,2025-04-27 02:25:31,12
A00723,S1032,CS101,quiz,CS101-Q0602,2025-03-02 13:44:33,21
A00724,S1005,MATH150,discussion,MATH150-D0603,2025-02-10 12:50:41,10
A00725,S1012,CS301,reading,CS301-R0803,2025-04-16 23:11:07,57
A00726,S1042,DS200,lecture,DS200-L1004,2025-02-05 17:10:59,47
A00727,S1019,CS301,quiz,CS301-Q1002,2025-03-16 16:07:42,47
A00728,S1033,DS400,reading,DS400-R0601,2025-04-09 02:34:07,53
A00729,S1033,CS301,reading,CS301-R0105,2025-04-05 09:14:38,8
A00730,S1048,DS200,assignment,DS200-A0901,2025-02-16 21:04:53,14
A00731,S1019,CS301,video,CS301-V1004,2025-04-25 18:29:30,10
A00732,S1015,CS301,quiz,CS301-Q0203,2025-03-19 02:29:56,60
A00733,S1042,DS400,quiz,DS400-Q0201,2025-02-19 08:59:34,14
A00734,S1026,CS301,video,CS301-V0703,2025-02-08 03:09:18,41
A00735,S1022,DS400,quiz,DS400-Q0404,2025-02-12 23:19:31,36
A00736,S1030,CS101,discussion,CS101-D0304,2025-02-15 23:59:50,82
A00737,S1014,MATH150,discussion,MATH150-D0105,2025-04-18 00:57:18,49
A00738,S1004,MATH150,quiz,MATH150-Q0802,2025-02-07 02:56:07,28
A00739,S1002,CS301,reading,CS301-R0502,2025-02-09 23:42:26,19
A00740,S1005,MATH150,quiz,MATH150-Q0203,2025-04-27 16:58:15,58
A00741,S1027,DS400,video,DS400-V0502,2025-04-23 12:14:42,7
A00742,S1006,CS301,reading,CS301-R0502,2025-02-21 03:42:34,45
A00743,S1027,CS301,quiz,CS301-Q0902,2025-04-10 12:19:52,56
A00744,S1023,DS400,quiz,DS400-Q0105,2025-04-18 21:36:59,77
A00745,S1013,CS101,assignment,CS101-A1005,2025-02-15 21:54:29,42
A00746,S1043,MATH150,lecture,MATH150-L0304,2025-02-16 04:35:39,64
A00747,S1021,CS101,assignment,CS101-A0703,2025-03-24 10:13:30,1
A00748,S1029,DS200,assignment,DS200-A0805,2025-02-11 07:59:28,5
A00749,S1014,DS200,quiz,DS200-Q0902,2025-04-01 05:13:30,49
A00750,S1014,MATH150,video,MATH150-V0405,2025-02-03 06:24:44,48
A00751,S1024,CS101,reading,CS101-R0505,2025-04-22 09:27:14,16
A00752,S1045,CS301,assignment,CS301-A0804,2025-03-13 17:11:46,46
A00753,S1023,DS400,quiz,DS400-Q0903,2025-02-12 21:07:12,23
A00754,S1030,CS301,reading,CS301-R0305,2025-03-31 15:07:26,21
A00755,S1035,CS301,quiz,CS301-Q0504,2025-04-04 10:30:09,37
A00756,S1045,DS400,lecture,DS400-L0201,2025-02-10 13:47:49,84
A00757,S1002,DS400,quiz,DS400-Q0204,2025-04-15 16:25:15,80
A00758,S1035,CS101,assignment,CS101-A0805,2025-03-30 07:17:52,5
A00759,S1043,MATH150,quiz,MATH150-Q0402,2025-04-18 07:11:15,59
A00760,S1036,CS301,lecture,CS301-L0404,2025-02-13 22:53:35,45
A00761,S1030,CS301,assignment,CS301-A0701,2025-03-10 05:54:31,29
A00762,S1033,MATH150,reading,MATH150-R0503,2025-04-24 06:44:07,54
A00763,S1044,DS200,lecture,DS200-L0701,2025-02-03 09:06:47,4
A00764,S1010,MATH150,discussion,MATH150-D1003,2025-03-06 09:44:30,22
A00765,S1037,CS301,video,CS301-V0904,2025-02-20 13:51:24,79
A00766,S1042,CS301,lecture,CS301-L1004,2025-02-14 09:12:55,82
A00767,S1025,DS200,quiz,DS200-Q0605,2025-02-17 06:07:33,56
A00768,S1015,CS101,assignment,CS101-A0305,2025-02-13 08:45:14,81
A00769,S1037,CS301,assignment,CS301-A0505,2025-02-17 07:32:46,42
A00770,S1014,CS101,lecture,CS101-L0104,2025-02-02 23:48:40,81
A00771,S1050,DS400,video,DS400-V0105,2025-04-11 13:41:48,70
A00772,S1006,DS400,quiz,DS400-Q0102,2025-03-17 22:08:15,82
A00773,S1041,MATH150,video,MATH150-V0402,2025-03-02 16:48:18,25
A00774,S1035,DS200,assignment,DS200-A0703,2025-04-06 21:06:26,7
A00775,S1018,CS101,video,CS101-V0105,2025-04-27 01:02:23,14
A00776,S1008,CS301,discussion,CS301-D0201,2025-02-15 15:25:33,37
A00777,S1017,DS200,lecture,DS200-L0204,2025-04-24 21:02:28,47
A00778,S1014,CS301,lecture,CS301-L0801,2025-03-14 01:01:17,10
A00779,S1032,CS101,video,CS101-V0704,2025-04-29 06:06:29,41
A00780,S1041,CS301,video,CS301-V0303,2025-02-02 20:33:14,23
A00781,S1043,DS400,assignment,DS400-A1001,2025-02-13 06:02:16,44
A00782,S1023,CS301,discussion,CS301-D1005,2025-02-02 08:36:37,21
A00783,S1034,MATH150,lecture,MATH150-L0405,2025-02-04 17:47:39,69
A00784,S1002,DS400,discussion,DS400-D0302,2025-04-27 00:53:20,47
A00785,S1008,DS200,lecture,DS200-L0602,2025-02-23 05:00:21,11
A00786,S1047,DS200,reading,DS200-R0504,2025-02-21 05:10:57,12
A00787,S1023,DS400,assignment,DS400-A0504,2025-04-15 05:21:16,64
A00788,S1028,DS400,quiz,DS400-Q0403,2025-02-18 15:57:01,26
A00789,S1044,MATH150,quiz,MATH150-Q0205,2025-04-19 21:06:23,76
A00790,S1020,DS200,video,DS200-V0804,2025-04-28 14:07:56,58
A00791,S1028,DS400,assignment,DS400-A0503,2025-04-03 08:24:47,14
A00792,S1039,CS301,quiz,CS301-Q0405,2025-03-08 03:16:41,48
A00793,S1041,CS101,quiz,CS101-Q0301,2025-03-23 12:28:23,33
A00794,S1038,CS301,reading,CS301-R1005,2025-03-08 01:44:07,51
A00795,S1002,CS101,video,CS101-V0604,2025-04-19 15:50:51,24
A00796,S1023,DS200,lecture,DS200-L0403,2025-03-09 23:39:54,19
A00797,S1050,MATH150,lecture,MATH150-L0103,2025-04-09 16:45:47,2
A00798,S1046,MATH150,video,MATH150-V0805,2025-04-20 01:58:03,42
A00799,S1015,DS400,lecture,DS400-L0703,2025-04-01 07:13:32,28
A00800,S1034,DS200,lecture,DS200-L0903,2025-04-12 09:56:43,78
A00801,S1043,CS101,discussion,CS101-D0704,2025-03-04 17:24:51,41
A00802,S1013,DS200,lecture,DS200-L0804,2025-02-06 09:57:30,36
A00803,S1027,CS101,lecture,CS101-L0802,2025-04-01 06:21:38,42
A00804,S1038,CS301,video,CS301-V1001,2025-03-01 13:06:34,3
A00805,S1042,DS400,lecture,DS400-L0803,2025-02-14 14:18:46,52
A00806,S1003,DS400,discussion,DS400-D0103,2025-04-05 11:21:42,3
A00807,S1005,CS301,lecture,CS301-L0703,2025-02-28 12:57:40,41
A00808,S1049,MATH150,quiz,MATH150-Q0205,2025-04-18 01:54:20,41
A00809,S1032,DS400,lecture,DS400-L0703,2025-04-10 11:47:16,59
A00810,S1032,CS101,reading,CS101-R1001,2025-02-04 17:10:19,29
A00811,S1004,CS101,video,CS101-V0203,2025-04-26 12:06:24,89
A00812,S1047,CS301,video,CS301-V0301,2025-02-20 10:21:35,48
A00813,S1035,CS101,assignment,CS101-A0103,2025-04-28 15:12:31,6
A00814,S1008,CS101,reading,CS101-R0203,2025-03-05 20:19:03,89
A00815,S1040,CS301,reading,CS301-R0302,2025-03-30 12:28:12,59
A00816,S1008,DS200,reading,DS200-R0305,2025-04-29 01:38:44,53
A00817,S1041,CS301,assignment,CS301-A0205,2025-03-25 02:17:48,31
A00818,S1037,CS301,assignment,CS301-A0803,2025-03-05 03:02:00,62
A00819,S1015,CS101,reading,CS101-R0501,2025-03-08 03:29:51,72
A00820,S1016,DS200,assignment,DS200-A0201,2025-03-21 21:26:25,8
A00821,S1014,CS101,assignment,CS101-A0404,2025-04-22 08:11:43,50
A00822,S1013,CS301,lecture,CS301-L0602,2025-04-21 21:40:20,76
A00823,S1049,DS400,discussion,DS400-D0603,2025-04-11 15:52:44,59
A00824,S1042,DS200,discussion,DS200-D0202,2025-02-23 02:43:52,47
A00825,S1025,CS301,discussion,CS301-D0902,2025-04-18 14:30:22,52
A00826,S1013,CS101,reading,CS101-R0702,2025-04-09 12:02:28,40
A00827,S1037,CS101,video,CS101-V0801,2025-04-15 04:57:43,15
A00828,S1016,CS101,quiz,CS101-Q0303,2025-02-04 15:32:10,61
A00829,S1043,DS400,quiz,DS400-Q0603,2025-02-13 08:38:44,71
A00830,S1006,MATH150,quiz,MATH150-Q0402,2025-03-12 09:50:05,65
A00831,S1028,DS400,reading,DS400-R0104,2025-02-28 08:06:13,48
A00832,S1007,CS101,assignment,CS101-A0704,2025-02-20 16:49:08,38
A00833,S1013,CS301,video,CS301-V1003,2025-03-25 06:53:46,78
A00834,S1032,DS400,quiz,DS400-Q0201,2025-04-05 15:01:05,32
A00835,S1008,DS200,lecture,DS200-L0101,2025-03-29 17:18:35,35
A00836,S1016,CS101,discussion,CS101-D0203,2025-02-23 20:37:38,80
A00837,S1045,CS301,quiz,CS301-Q0701,2025-02-23 05:18:08,89
A00838,S1018,CS301,video,CS301-V0302,2025-03-07 14:58:09,82
A00839,S1019,DS400,reading,DS400-R0101,2025-02-19 20:11:25,65
A00840,S1045,DS400,quiz,DS400-Q0502,2025-02-18 09:35:46,41
A00841,S1044,CS101,video,CS101-V0303,2025-04-30 05:46:22,59
A00842,S1010,CS101,assignment,CS101-A0804,2025-03-06 07:19:41,3
A00843,S1012,MATH150,lecture,MATH150-L0301,2025-03-31 13:03:28,46
A00844,S1031,DS400,lecture,DS400-L0802,2025-03-19 18:05:21,15
A00845,S1003,CS101,discussion,CS101-D0502,2025-03-24 20:53:29,65
A00846,S1011,DS200,lecture,DS200-L0203,2025-04-20 22:07:52,43
A00847,S1029,CS301,assignment,CS301-A0605,2025-02-26 20:34:12,85
A00848,S1032,MATH150,reading,MATH150-R0801,2025-04-23 05:43:17,46
A00849,S1020,MATH150,discussion,MATH150-D1004,2025-02-12 19:40:40,35
A00850,S1044,DS400,assignment,DS400-A0102,2025-03-13 17:02:16,29
A00851,S1043,DS200,reading,DS200-R0801,2025-02-25 14:20:37,74
A00852,S1048,CS301,reading,CS301-R0401,2025-02-20 16:36:37,49
A00853,S1041,CS101,reading,CS101-R0904,2025-04-27 22:22:11,68
A00854,S1012,MATH150,assignment,MATH150-A0603,2025-03-11 20:04:57,76
A00855,S1027,MATH150,reading,MATH150-R0401,2025-03-30 03:17:51,67
A00856,S1045,MATH150,discussion,MATH150-D0204,2025-04-20 02:11:07,59
A00857,S1037,MATH150,reading,MATH150-R0201,2025-03-22 07:30:35,88
A00858,S1010,CS301,assignment,CS301-A0305,2025-03-02 00:09:57,80
A00859,S1036,DS200,reading,DS200-R0803,2025-02-08 03:29:34,38
A00860,S1001,CS301,lecture,CS301-L0403,2025-04-23 00:24:41,76
A00861,S1008,CS101,quiz,CS101-Q0501,2025-03-15 15:39:01,46
A00862,S1043,CS101,lecture,CS101-L0502,2025-03-07 20:59:35,37
A00863,S1033,DS400,video,DS400-V0203,2025-02-15 17:18:38,26
A00864,S1028,DS400,lecture,DS400-L0502,2025-02-04 23:48:34,61
A00865,S1023,DS200,assignment,DS200-A0704,2025-03-12 14:55:39,13
A00866,S1017,MATH150,discussion,MATH150-D0502,2025-03-28 14:55:31,56
A00867,S1044,MATH150,discussion,MATH150-D0302,2025-02-26 03:30:55,18
A00868,S1027,DS400,video,DS400-V0503,2025-02-10 04:22:59,39
A00869,S1037,CS301,discussion,CS301-D0304,2025-04-18 20:03:46,56
A00870,S1007,DS200,discussion,DS200-D0803,2025-03-22 18:53:59,88
A00871,S1046,MATH150,quiz,MATH150-Q0604,2025-03-19 04:04:18,54
A00872,S1027,CS301,lecture,CS301-L0901,2025-04-17 07:37:42,54
A00873,S1006,DS200,discussion,DS200-D0502,2025-03-30 05:10:29,66
A00874,S1024,DS200,discussion,DS200-D0905,2025-04-28 02:21:36,38
A00875,S1004,CS301,video,CS301-V0701,2025-03-18 19:20:45,67
A00876,S1030,CS101,lecture,CS101-L0103,2025-04-23 10:43:09,84
A00877,S1007,MATH150,discussion,MATH150-D0203,2025-03-28 18:30:15,62
A00878,S1045,MATH150,lecture,MATH150-L0205,2025-04-08 08:25:18,66
A00879,S1048,CS101,assignment,CS101-A0405,2025-02-15 20:49:25,72
A00880,S1048,CS301,video,CS301-V0402,2025-03-03 02:03:18,81
A00881,S1020,CS101,quiz,CS101-Q1002,2025-02-13 00:12:59,9
A00882,S1001,DS200,discussion,DS200-D0205,2025-02-11 06:38:03,32
A00883,S1014,CS101,quiz,CS101-Q0105,2025-03-16 23:05:29,51
A00884,S1004,CS101,reading,CS101-R0704,2025-02-19 17:46:44,31
A00885,S1035,MATH150,discussion,MATH150-D0805,2025-02-13 19:59:39,56
A00886,S1010,CS101,video,CS101-V0302,2025-02-18 10:51:40,66
A00887,S1048,DS400,video,DS400-V0804,2025-03-02 00:45:31,38
A00888,S1043,CS101,discussion,CS101-D0803,2025-04-07 16:46:42,36
A00889,S1026,CS301,assignment,CS301-A0204,2025-03-14 08:21:53,55
A00890,S1010,CS101,reading,CS101-R0801,2025-03-28 15:37:40,50
A00891,S1001,DS400,reading,DS400-R0105,2025-03-17 00:38:15,6
A00892,S1023,DS200,quiz,DS200-Q0803,2025-02-02 18:10:36,21
A00893,S1023,DS400,discussion,DS400-D0403,2025-04-30 12:01:14,68
A00894,S1025,DS400,lecture,DS400-L0302,2025-03-08 00:50:06,84
A00895,S1047,DS400,reading,DS400-R0802,2025-02-28 21:30:18,85
A00896,S1020,CS301,lecture,CS301-L0804,2025-03-19 16:11:17,78
A00897,S1043,DS200,discussion,DS200-D0905,2025-02-27 00:57:57,17
A00898,S1045,MATH150,discussion,MATH150-D1003,2025-03-30 14:53:36,80
A00899,S1026,CS101,lecture,CS101-L0102,2025-02-24 08:50:08,13
A00900,S1043,CS101,quiz,CS101-Q0803,2025-04-16 15:38:33,30
A00901,S1050,DS200,lecture,DS200-L0304,2025-04-16 06:05:58,54
A00902,S1005,CS101,discussion,CS101-D0501,2025-02-05 12:06:59,10
A00903,S1029,MATH150,discussion,MATH150-D0102,2025-03-05 01:16:50,14
A00904,S1045,CS301,quiz,CS301-Q0305,2025-03-27 21:35:25,26
A00905,S1013,MATH150,quiz,MATH150-Q0803,2025-02-23 18:22:14,26
A00906,S1048,DS200,quiz,DS200-Q0902,2025-02-10 05:21:45,75
A00907,S1002,CS101,video,CS101-V0102,2025-04-29 14:26:40,1
A00908,S1024,CS301,discussion,CS301-D0901,2025-03-06 22:50:25,24
A00909,S1044,DS400,quiz,DS400-Q0402,2025-03-29 05:59:02,61
A00910,S1033,MATH150,reading,MATH150-R1005,2025-04-25 17:32:31,18
A00911,S1005,CS301,quiz,CS301-Q0701,2025-03-29 03:08:48,11
A00912,S1009,DS400,reading,DS400-R0201,2025-03-22 07:00:33,30
A00913,S1004,DS400,discussion,DS400-D0601,2025-02-23 14:55:58,38
A00914,S1017,CS301,assignment,CS301-A0601,2025-04-27 13:51:50,21
A00915,S1019,CS101,discussion,CS101-D1002,2025-04-25 17:00:52,67
A00916,S1040,DS400,reading,DS400-R0705,2025-02-07 08:55:31,70
A00917,S1045,CS101,discussion,CS101-D0803,2025-04-06 07:03:59,4
A00918,S1003,MATH150,quiz,MATH150-Q0502,2025-03-06 08:27:47,8
A00919,S1009,DS200,discussion,DS200-D0601,2025-02-24 17:57:12,64
A00920,S1005,DS400,discussion,DS400-D0103,2025-02-08 17:48:55,54
A00921,S1039,DS400,lecture,DS400-L0904,2025-02-14 10:35:59,35
A00922,S1047,CS101,lecture,CS101-L0104,2025-03-23 03:43:45,29
A00923,S1042,MATH150,quiz,MATH150-Q0803,2025-04-18 18:03:00,30
A00924,S1002,CS101,lecture,CS101-L0405,2025-04-01 21:59:30,49
A00925,S1044,CS101,discussion,CS101-D0801,2025-03-11 10:59:30,49
A00926,S1045,DS200,quiz,DS200-Q0705,2025-02-15 05:57:14,15
A00927,S1029,CS101,discussion,CS101-D0603,2025-02-20 16:09:09,44
A00928,S1028,CS101,video,CS101-V0401,2025-03-31 00:30:13,2
A00929,S1015,CS301,assignment,CS301-A0905,2025-02-06 07:36:00,2
A00930,S1047,DS200,lecture,DS200-L0201,2025-02-14 04:11:41,57
A00931,S1012,MATH150,lecture,MATH150-L0603,2025-04-01 08:39:23,84
A00932,S1016,MATH150,video,MATH150-V1004,2025-03-20 08:22:50,85
A00933,S1008,CS101,lecture,CS101-L0505,2025-02-21 20:36:58,64
A00934,S1046,MATH150,video,MATH150-V0803,2025-03-09 11:56:34,71
A00935,S1019,DS200,discussion,DS200-D0503,2025-04-10 14:51:05,70
A00936,S1033,CS101,lecture,CS101-L0604,2025-04-11 08:51:48,80
A00937,S1032,MATH150,lecture,MATH150-L0402,2025-04-24 13:35:19,67
A00938,S1015,MATH150,assignment,MATH150-A0902,2025-02-13 18:56:57,48
A00939,S1047,DS200,lecture,DS200-L0404,2025-04-05 23:19:16,59
A00940,S1008,CS101,quiz,CS101-Q0103,2025-02-28 20:38:10,76
A00941,S1025,MATH150,lecture,MATH150-L0103,2025-04-25 20:13:40,79
A00942,S1025,CS301,lecture,CS301-L0704,2025-03-16 23:33:59,6
A00943,S1015,DS200,quiz,DS200-Q0304,2025-03-25 13:43:18,7
A00944,S1043,MATH150,lecture,MATH150-L0903,2025-02-04 09:29:29,78
A00945,S1049,MATH150,reading,MATH150-R1002,2025-04-16 09:27:04,4
A00946,S1022,DS400,quiz,DS400-Q0701,2025-04-21 06:17:46,14
A00947,S1036,CS301,assignment,CS301-A0505,2025-03-18 20:57:53,55
A00948,S1037,DS400,discussion,DS400-D0502,2025-03-10 21:23:53,60
A00949,S1048,DS200,video,DS200-V0103,2025-04-20 12:06:10,88
A00950,S1018,CS101,video,CS101-V0903,2025-03-06 15:25:58,74
A00951,S1026,CS101,discussion,CS101-D0503,2025-02-27 23:09:08,85
A00952,S1017,DS400,lecture,DS400-L0203,2025-03-29 01:29:21,85
A00953,S1021,MATH150,video,MATH150-V0804,2025-02-03 13:09:35,57
A00954,S1001,CS301,lecture,CS301-L0604,2025-04-04 18:58:28,72
A00955,S1014,CS301,lecture,CS301-L1001,2025-02-28 17:05:26,79
A00956,S1036,MATH150,lecture,MATH150-L0802,2025-02-26 22:07:31,36
A00957,S1017,CS301,video,CS301-V0402,2025-02-16 03:13:53,80
A00958,S1042,CS101,video,CS101-V0201,2025-02-19 18:16:19,88
A00959,S1033,CS301,discussion,CS301-D0601,2025-03-27 14:27:32,30
A00960,S1004,MATH150,reading,MATH150-R0103,2025-03-26 08:14:42,6
A00961,S1039,DS200,reading,DS200-R0201,2025-03-23 02:10:35,57
A00962,S1008,DS400,lecture,DS400-L0402,2025-03-05 12:04:08,74
A00963,S1024,CS301,lecture,CS301-L0703,2025-02-15 18:19:29,4
A00964,S1021,DS400,reading,DS400-R0604,2025-04-30 00:00:03,84
A00965,S1024,CS301,reading,CS301-R1001,2025-02-17 10:28:53,48
A00966,S1003,MATH150,video,MATH150-V1001,2025-02-12 04:27:51,78
A00967,S1014,MATH150,discussion,MATH150-D0905,2025-04-12 01:57:49,45
A00968,S1014,CS301,discussion,CS301-D0102,2025-03-10 20:55:43,84
A00969,S1006,CS101,video,CS101-V1005,2025-03-29 15:27:57,81
A00970,S1036,CS301,discussion,CS301-D0205,2025-04-20 08:52:45,7
A00971,S1039,CS301,assignment,CS301-A0905,2025-03-16 16:34:14,41
A00972,S1018,DS200,discussion,DS200-D0502,2025-03-05 18:48:57,32
A00973,S1050,MATH150,video,MATH150-V0803,2025-04-15 12:19:50,15
A00974,S1045,DS200,quiz,DS200-Q0703,2025-02-09 14:37:00,46
A00975,S1036,DS400,lecture,DS400-L0604,2025-04-01 15:11:13,30
A00976,S1029,CS301,video,CS301-V1002,2025-05-02 18:00:08,69
A00977,S1016,CS301,assignment,CS301-A1002,2025-04-01 15:56:57,34
A00978,S1019,MATH150,reading,MATH150-R0201,2025-03-13 12:48:21,54
A00979,S1033,DS200,discussion,DS200-D0802,2025-04-30 05:46:49,24
A00980,S1030,CS101,video,CS101-V0204,2025-02-27 10:38:11,71
A00981,S1046,CS301,assignment,CS301-A0202,2025-04-27 06:54:41,5
A00982,S1028,CS101,assignment,CS101-A0301,2025-02-14 17:23:17,66
A00983,S1034,CS301,quiz,CS301-Q0602,2025-03-12 22:23:35,90
A00984,S1036,DS200,assignment,DS200-A0501,2025-03-06 13:44:44,44
A00985,S1038,DS400,discussion,DS400-D0201,2025-02-09 00:46:53,46
A00986,S1029,CS301,assignment,CS301-A0804,2025-03-01 23:01:21,62
A00987,S1045,DS200,assignment,DS200-A0305,2025-05-01 20:09:24,66
A00988,S1006,DS200,lecture,DS200-L1005,2025-03-09 18:47:39,87
A00989,S1042,CS301,quiz,CS301-Q0604,2025-02-19 00:43:05,66
A00990,S1047,DS400,reading,DS400-R0202,2025-03-02 17:47:52,64
A00991,S1022,CS101,discussion,CS101-D0905,2025-03-30 04:01:23,66
A00992,S1028,MATH150,reading,MATH150-R0703,2025-04-16 09:33:46,23
A00993,S1010,CS101,assignment,CS101-A0404,2025-03-24 06:35:51,36
A00994,S1037,DS400,reading,DS400-R0203,2025-03-01 12:32:11,22
A00995,S1008,MATH150,reading,MATH150-R0804,2025-02-23 14:01:44,22
A00996,S1019,MATH150,discussion,MATH150-D0202,2025-04-07 13:49:42,36
A00997,S1010,CS101,video,CS101-V0905,2025-04-16 03:53:16,22
A00998,S1002,DS400,lecture,DS400-L0905,2025-04-20 10:42:42,25
A00999,S1001,CS301,lecture,CS301-L0602,2025-03-01 05:39:16,74
A01000,S1028,CS301,discussion,CS301-D0304,2025-03-02 12:11:21,15
A01001,S1046,CS101,quiz,CS101-Q0704,2025-02-27 09:53:30,12
A01002,S1009,MATH150,assignment,MATH150-A0203,2025-04-20 21:32:42,11
A01003,S1048,DS200,assignment,DS200-A0203,2025-02-17 02:07:34,65
A01004,S1022,MATH150,quiz,MATH150-Q0901,2025-04-11 11:54:42,89
A01005,S1021,CS101,quiz,CS101-Q0205,2025-03-04 16:49:03,25
A01006,S1036,CS101,assignment,CS101-A0102,2025-02-15 03:51:59,76
A01007,S1025,DS200,assignment,DS200-A0403,2025-03-19 12:22:25,20
A01008,S1032,DS200,assignment,DS200-A0803,2025-02-14 16:01:22,26
A01009,S1041,CS101,discussion,CS101-D0401,2025-03-16 00:57:42,9
A01010,S1032,DS400,discussion,DS400-D0402,2025-02-05 15:21:56,54
A01011,S1045,MATH150,discussion,MATH150-D0705,2025-02-24 15:51:10,82
A01012,S1023,CS301,discussion,CS301-D0303,2025-04-24 11:52:46,30
A01013,S1019,CS301,quiz,CS301-Q0705,2025-03-08 13:05:37,70
A01014,S1031,MATH150,lecture,MATH150-L0401,2025-04-28 09:33:36,37
A01015,S1027,CS301,reading,CS301-R0404,2025-02-13 02:48:13,23
A01016,S1030,MATH150,assignment,MATH150-A0203,2025-04-10 12:58:48,51
A01017,S1046,DS200,quiz,DS200-Q0805,2025-03-13 20:57:42,88
A01018,S1016,CS101,reading,CS101-R0505,2025-02-22 18:09:33,53
A01019,S1004,DS400,reading,DS400-R0503,2025-03-13 19:09:31,51
A01020,S1029,CS301,quiz,CS301-Q0501,2025-02-27 22:09:00,63
A01021,S1047,DS200,reading,DS200-R0103,2025-03-17 07:59:37,53
A01022,S1015,DS400,video,DS400-V0902,2025-04-18 13:24:48,81
A01023,S1008,DS400,discussion,DS400-D0602,2025-04-01 14:35:14,70
A01024,S1002,CS101,quiz,CS101-Q0203,2025-05-01 10:34:19,46
A01025,S1050,DS400,lecture,DS400-L0105,2025-02-22 07:20:26,47
A01026,S1035,DS200,video,DS200-V0904,2025-04-26 08:13:29,30
A01027,S1019,DS200,reading,DS200-R0604,2025-02-22 19:20:42,71
A01028,S1047,DS200,lecture,DS200-L0101,2025-04-16 04:29:12,68
A01029,S1007,DS400,quiz,DS400-Q0801,2025-02-17 02:38:06,37
A01030,S1020,CS101,video,CS101-V0401,2025-02-28 07:47:57,16
A01031,S1025,CS301,video,CS301-V0501,2025-02-09 07:14:47,10
A01032,S1033,CS301,lecture,CS301-L0105,2025-04-01 14:22:44,20
A01033,S1007,DS400,quiz,DS400-Q0405,2025-04-26 07:14:48,40
A01034,S1021,CS301,discussion,CS301-D0103,2025-02-28 11:30:27,59
A01035,S1013,CS101,reading,CS101-R1004,2025-03-10 10:25:20,38
A01036,S1028,CS101,video,CS101-V0705,2025-02-28 22:00:45,62
A01037,S1019,DS400,discussion,DS400-D0404,2025-02-03 13:02:01,64
A01038,S1047,CS301,reading,CS301-R0901,2025-03-17 18:47:30,29
A01039,S1037,CS101,quiz,CS101-Q0404,2025-03-09 18:40:20,62
A01040,S1037,CS101,assignment,CS101-A0503,2025-02-15 19:56:12,81
A01041,S1006,CS101,discussion,CS101-D0302,2025-04-26 20:07:12,63
A01042,S1038,DS200,lecture,DS200-L0304,2025-04-02 17:26:52,61
A01043,S1034,DS400,video,DS400-V0104,2025-02-26 08:11:01,53
A01044,S1020,MATH150,video,MATH150-V0103,2025-04-09 18:24:22,73
A01045,S1039,CS301,lecture,CS301-L0502,2025-04-16 04:17:29,72
A01046,S1032,DS400,quiz,DS400-Q0602,2025-03-05 02:51:44,60
A01047,S1046,CS301,discussion,CS301-D0901,2025-05-02 07:32:52,14
A01048,S1028,CS101,quiz,CS101-Q0301,2025-02-17 14:37:47,67
A01049,S1048,CS101,video,CS101-V0404,2025-04-27 07:35:16,15
A01050,S1003,CS301,quiz,CS301-Q0305,2025-03-21 04:10:06,18
A01051,S1048,DS400,quiz,DS400-Q0701,2025-03-02 16:24:20,16
A01052,S1028,MATH150,assignment,MATH150-A0505,2025-03-05 04:08:22,79
A01053,S1024,DS400,assignment,DS400-A0302,2025-03-02 01:07:59,67
A01054,S1044,DS200,discussion,DS200-D0605,2025-04-01 13:33:14,33
A01055,S1031,CS301,video,CS301-V0602,2025-02-17 19:37:41,68
A01056,S1046,CS301,lecture,CS301-L0604,2025-02-19 06:33:06,20
A01057,S1031,CS101,lecture,CS101-L0502,2025-02-21 05:15:10,89
A01058,S1007,DS400,quiz,DS400-Q0601,2025-02-07 19:19:01,80
A01059,S1030,DS400,video,DS400-V0203,2025-04-04 15:42:48,72
A01060,S1015,MATH150,assignment,MATH150-A0102,2025-02-28 12:44:41,37
A01061,S1028,DS400,assignment,DS400-A0503,2025-04-03 12:07:05,52
A01062,S1017,DS400,discussion,DS400-D0401,2025-03-31 09:52:29,20
A01063,S1007,DS200,reading,DS200-R0303,2025-03-28 14:20:52,14
A01064,S1009,DS400,discussion,DS400-D0703,2025-03-29 18:18:02,76
A01065,S1039,MATH150,assignment,MATH150-A1004,2025-02-22 04:38:43,22
A01066,S1001,DS200,video,DS200-V0205,2025-02-16 02:16:33,19
A01067,S1011,CS301,lecture,CS301-L0601,2025-04-29 20:38:53,7
A01068,S1009,DS400,quiz,DS400-Q0704,2025-03-05 15:05:56,39
A01069,S1033,CS101,video,CS101-V0904,2025-03-10 12:07:13,50
A01070,S1046,CS301,reading,CS301-R0505,2025-03-04 15:31:25,68
A01071,S1006,DS400,video,DS400-V0303,2025-04-11 22:29:08,19
A01072,S1028,DS400,quiz,DS400-Q0803,2025-04-09 09:56:52,16
A01073,S1036,CS301,assignment,CS301-A0602,2025-02-04 07:52:06,47
A01074,S1030,MATH150,assignment,MATH150-A0702,2025-04-02 18:34:46,72
A01075,S1013,CS301,reading,CS301-R0301,2025-02-20 21:15:24,57
A01076,S1024,DS400,video,DS400-V0105,2025-03-04 00:11:17,43
A01077,S1007,MATH150,reading,MATH150-R0901,2025-04-01 18:48:44,35
A01078,S1003,MATH150,assignment,MATH150-A0804,2025-02-06 03:15:37,90
A01079,S1046,MATH150,reading,MATH150-R0105,2025-04-22 19:24:48,4
A01080,S1046,CS301,discussion,CS301-D0804,2025-02-18 17:50:28,61
A01081,S1048,DS400,lecture,DS400-L0103,2025-02-04 16:07:14,79
A01082,S1046,DS200,assignment,DS200-A0302,2025-02-09 21:55:15,54
A01083,S1008,CS101,quiz,CS101-Q0103,2025-02-11 08:03:35,70
A01084,S1018,DS200,assignment,DS200-A1001,2025-03-06 04:05:28,87
A01085,S1021,DS200,discussion,DS200-D0605,2025-02-03 05:56:48,86
A01086,S1026,CS301,assignment,CS301-A0101,2025-02-20 14:30:29,65
A01087,S1010,MATH150,lecture,MATH150-L0304,2025-02-06 04:38:15,36
A01088,S1039,DS200,assignment,DS200-A0904,2025-02-18 15:58:14,82
A01089,S1048,CS101,reading,CS101-R0505,2025-03-07 22:04:49,16
A01090,S1022,CS301,discussion,CS301-D0205,2025-03-18 19:48:22,12
A01091,S1008,CS101,video,CS101-V0202,2025-03-04 16:45:25,76
A01092,S1041,CS101,video,CS101-V0102,2025-04-04 19:26:47,48
A01093,S1030,CS101,assignment,CS101-A0403,2025-04-24 03:59:43,88
A01094,S1042,DS200,assignment,DS200-A0303,2025-02-07 01:12:20,49
A01095,S1046,MATH150,video,MATH150-V0502,2025-03-28 17:33:50,41
A01096,S1027,DS200,video,DS200-V0502,2025-02-19 01:37:35,38
A01097,S1017,CS301,reading,CS301-R0204,2025-03-08 08:29:32,75
A01098,S1024,MATH150,assignment,MATH150-A0904,2025-04-23 09:48:02,81
A01099,S1044,DS200,lecture,DS200-L1004,2025-02-16 23:44:33,69
A01100,S1037,DS200,assignment,DS200-A0703,2025-04-05 14:13:59,88
A01101,S1019,DS200,reading,DS200-R0905,2025-04-23 10:38:02,35
A01102,S1006,DS400,video,DS400-V0502,2025-03-19 06:43:04,34
A01103,S1003,CS101,discussion,CS101-D0304,2025-02-15 10:43:07,60
A01104,S1038,MATH150,reading,MATH150-R1004,2025-04-06 18:53:12,76
A01105,S1003,MATH150,assignment,MATH150-A0203,2025-04-27 06:36:33,2
A01106,S1011,CS301,quiz,CS301-Q0603,2025-04-05 18:35:54,13
A01107,S1012,MATH150,reading,MATH150-R0304,2025-03-26 23:00:39,24
A01108,S1049,CS101,quiz,CS101-Q1004,2025-03-31 12:03:17,74
A01109,S1045,CS301,assignment,CS301-A0704,2025-04-23 20:30:39,32
A01110,S1017,MATH150,discussion,MATH150-D0604,2025-04-08 18:04:30,52
A01111,S1020,CS101,video,CS101-V0901,2025-03-14 17:53:38,55
A01112,S1050,MATH150,discussion,MATH150-D0705,2025-02-04 15:27:50,21
A01113,S1033,DS200,reading,DS200-R1005,2025-02-21 03:22:33,73
A01114,S1049,DS200,video,DS200-V0601,2025-02-10 15:34:10,40
A01115,S1050,DS200,reading,DS200-R0804,2025-02-17 22:12:01,59
A01116,S1001,DS200,video,DS200-V0303,2025-03-03 17:30:53,11
A01117,S1012,DS200,video,DS200-V0701,2025-04-13 04:16:51,32
A01118,S1010,DS400,reading,DS400-R0104,2025-02-17 08:11:27,45
A01119,S1007,CS301,discussion,CS301-D0702,2025-05-01 11:58:50,61
A01120,S1043,CS301,quiz,CS301-Q0401,2025-03-11 12:02:17,17
A01121,S1021,DS200,quiz,DS200-Q0603,2025-04-22 11:10:37,87
A01122,S1047,CS301,discussion,CS301-D0705,2025-02-08 19:53:52,45
A01123,S1032,DS400,lecture,DS400-L0405,2025-02-19 04:04:06,31
A01124,S1024,MATH150,reading,MATH150-R0901,2025-04-02 03:38:55,77
A01125,S1049,CS301,lecture,CS301-L0402,2025-03-22 09:53:33,25
A01126,S1003,DS200,reading,DS200-R0701,2025-03-06 20:13:11,50
A01127,S1042,DS200,quiz,DS200-Q0303,2025-03-04 01:49:21,50
A01128,S1044,CS301,lecture,CS301-L0504,2025-02-19 07:13:57,21
A01129,S1026,DS400,lecture,DS400-L0801,2025-03-07 11:49:56,88
A01130,S1047,CS101,assignment,CS101-A0701,2025-02-17 11:48:42,41
A01131,S1009,DS400,discussion,DS400-D0704,2025-02-02 23:55:44,63
A01132,S1042,CS301,quiz,CS301-Q0103,2025-03-15 03:12:12,34
A01133,S1048,CS101,discussion,CS101-D0805,2025-03-10 01:40:17,61
A01134,S1046,MATH150,discussion,MATH150-D0601,2025-04-19 03:15:39,23
A01135,S1028,DS400,quiz,DS400-Q0202,2025-02-02 13:08:09,44
A01136,S1046,DS400,reading,DS400-R0405,2025-04-21 18:58:07,79
A01137,S1047,CS301,quiz,CS301-Q0104,2025-03-01 05:21:59,6
A01138,S1008,CS301,quiz,CS301-Q0601,2025-04-29 04:49:56,77
A01139,S1044,MATH150,reading,MATH150-R0703,2025-04-08 09:46:51,38
A01140,S1050,CS101,discussion,CS101-D0502,2025-03-02 08:13:24,46
A01141,S1027,CS101,quiz,CS101-Q0603,2025-04-04 14:52:21,5
A01142,S1039,CS101,reading,CS101-R0105,2025-04-14 14:10:31,51
A01143,S1016,DS200,lecture,DS200-L0901,2025-02-14 02:39:14,19
A01144,S1041,CS301,quiz,CS301-Q0503,2025-03-18 08:12:53,89
A01145,S1040,DS200,assignment,DS200-A0905,2025-03-18 09:07:14,6
A01146,S1005,MATH150,reading,MATH150-R0102,2025-04-02 00:49:19,82
A01147,S1007,CS301,discussion,CS301-D0203,2025-04-04 16:38:23,39
A01148,S1028,CS301,lecture,CS301-L0303,2025-04-12 22:21:40,84
A01149,S1048,CS101,quiz,CS101-Q0202,2025-03-29 07:12:27,34
A01150,S1020,DS400,discussion,DS400-D0902,2025-04-10 06:39:42,7
A01151,S1024,DS400,quiz,DS400-Q0404,2025-02-28 13:13:30,89
A01152,S1050,DS200,reading,DS200-R0901,2025-04-01 13:47:53,52
A01153,S1012,MATH150,reading,MATH150-R0104,2025-02-21 23:35:17,3
A01154,S1027,DS200,reading,DS200-R0504,2025-04-01 00:52:54,82
A01155,S1021,CS101,video,CS101-V0401,2025-04-11 17:02:06,42
A01156,S1015,CS101,discussion,CS101-D0505,2025-04-23 03:55:00,59
A01157,S1038,CS301,assignment,CS301-A1003,2025-03-26 10:36:50,50
A01158,S1031,DS400,lecture,DS400-L0603,2025-03-04 21:44:50,45
A01159,S1029,DS200,quiz,DS200-Q0802,2025-03-25 13:08:07,90
A01160,S1011,CS301,reading,CS301-R0701,2025-04-07 00:27:52,74
A01161,S1006,CS301,discussion,CS301-D0601,2025-02-22 00:33:17,68
A01162,S1024,MATH150,reading,MATH150-R0604,2025-04-08 08:37:39,60
A01163,S1002,DS200,discussion,DS200-D1002,2025-04-03 11:34:07,46
A01164,S1037,CS301,quiz,CS301-Q0103,2025-03-27 21:31:24,63
A01165,S1016,CS301,discussion,CS301-D0304,2025-04-01 19:37:18,16
A01166,S1007,CS301,video,CS301-V0401,2025-03-29 06:51:28,38
A01167,S1012,DS200,assignment,DS200-A0705,2025-03-13 12:50:14,46
A01168,S1049,DS200,quiz,DS200-Q1003,2025-03-04 21:11:22,47
A01169,S1041,CS101,assignment,CS101-A0605,2025-03-25 21:01:37,69
A01170,S1026,DS200,quiz,DS200-Q0804,2025-03-01 16:00:51,58
A01171,S1011,DS200,quiz,DS200-Q0501,2025-03-25 14:07:35,43
A01172,S1049,CS301,assignment,CS301-A0301,2025-03-11 02:12:13,75
A01173,S1042,CS301,quiz,CS301-Q0702,2025-04-04 15:53:03,4
A01174,S1040,DS200,video,DS200-V1005,2025-03-22 17:50:32,11
A01175,S1039,DS400,assignment,DS400-A0701,2025-03-05 10:16:39,79
A01176,S1016,DS200,discussion,DS200-D0801,2025-03-09 19:46:39,3
A01177,S1048,DS400,assignment,DS400-A0705,2025-03-23 12:25:24,25
A01178,S1011,CS301,reading,CS301-R0402,2025-03-19 17:09:31,26
A01179,S1021,DS200,reading,DS200-R0201,2025-02-21 23:17:14,74
A01180,S1030,CS301,video,CS301-V1004,2025-02-25 08:33:19,23
A01181,S1030,DS400,assignment,DS400-A0205,2025-04-24 05:19:00,43
A01182,S1011,DS200,quiz,DS200-Q0201,2025-04-15 13:18:35,5
A01183,S1044,CS301,discussion,CS301-D0804,2025-02-08 16:53:21,54
A01184,S1017,DS400,lecture,DS400-L1005,2025-04-12 06:26:48,4
A01185,S1029,CS301,assignment,CS301-A0103,2025-04-21 16:14:09,51
A01186,S1047,CS101,reading,CS101-R0705,2025-04-03 23:13:36,84
A01187,S1029,CS301,lecture,CS301-L0202,2025-04-25 02:44:33,34
A01188,S1049,DS400,lecture,DS400-L0303,2025-03-13 23:02:09,85
A01189,S1022,DS200,video,DS200-V0802,2025-02-27 13:16:23,13
A01190,S1022,CS101,quiz,CS101-Q0802,2025-04-16 08:49:05,34
A01191,S1022,MATH150,assignment,MATH150-A0803,2025-04-19 07:38:23,58
A01192,S1045,MATH150,discussion,MATH150-D0505,2025-02-05 08:12:59,18
A01193,S1010,DS400,reading,DS400-R0102,2025-04-28 07:52:18,48
A01194,S1037,MATH150,assignment,MATH150-A0503,2025-04-12 08:56:45,21
A01195,S1037,MATH150,quiz,MATH150-Q0803,2025-02-16 20:47:59,89
A01196,S1009,DS200,discussion,DS200-D0504,2025-02-26 20:29:29,82
A01197,S1015,CS101,video,CS101-V1003,2025-02-16 06:38:14,75
A01198,S1001,MATH150,reading,MATH150-R0905,2025-03-13 06:36:43,62
A01199,S1040,DS200,reading,DS200-R0305,2025-04-25 15:39:07,65
A01200,S1021,DS400,reading,DS400-R0704,2025-04-05 19:45:08,22
A01201,S1034,CS301,video,CS301-V0804,2025-02-03 06:05:23,86
A01202,S1005,MATH150,video,MATH150-V0502,2025-02-23 15:36:20,20
A01203,S1018,DS400,assignment,DS400-A0202,2025-03-08 11:38:03,64
A01204,S1030,DS400,assignment,DS400-A0105,2025-04-30 01:43:51,30
A01205,S1048,DS200,reading,DS200-R0104,2025-04-03 16:32:53,13
A01206,S1022,DS400,lecture,DS400-L0505,2025-03-25 18:59:32,69
A01207,S1006,CS101,quiz,CS101-Q1005,2025-02-25 22:44:31,32
A01208,S1017,DS200,assignment,DS200-A0402,2025-04-09 19:53:50,59
A01209,S1012,CS101,discussion,CS101-D0505,2025-02-28 19:29:34,12
A01210,S1048,DS200,assignment,DS200-A0202,2025-03-24 14:34:23,39
A01211,S1004,DS200,video,DS200-V0405,2025-04-16 19:46:11,75
A01212,S1031,CS301,lecture,CS301-L0901,2025-03-04 19:55:09,82
A01213,S1005,DS200,quiz,DS200-Q0204,2025-02-09 23:13:46,61
A01214,S1013,CS101,discussion,CS101-D1002,2025-03-31 23:03:03,63
A01215,S1020,DS400,lecture,DS400-L1004,2025-04-26 11:31:30,15
A01216,S1047,CS301,assignment,CS301-A0405,2025-04-21 02:29:45,82
A01217,S1040,CS301,lecture,CS301-L0504,2025-04-01 06:10:56,35
A01218,S1032,DS200,reading,DS200-R0904,2025-03-23 19:05:56,37
A01219,S1042,MATH150,reading,MATH150-R0902,2025-03-06 23:50:40,36
A01220,S1044,DS400,discussion,DS400-D0504,2025-02-12 16:40:10,24
A01221,S1032,CS101,reading,CS101-R0904,2025-03-22 00:11:42,21
A01222,S1012,CS101,quiz,CS101-Q0501,2025-05-02 17:01:11,57
A01223,S1022,DS400,video,DS400-V0401,2025-04-16 22:30:03,30
A01224,S1014,MATH150,discussion,MATH150-D0503,2025-04-17 06:48:53,68
A01225,S1031,CS101,assignment,CS101-A0505,2025-02-22 06:56:28,74
A01226,S1044,DS200,reading,DS200-R0302,2025-04-17 06:45:39,51
A01227,S1011,DS200,discussion,DS200-D0303,2025-03-24 00:22:45,61
A01228,S1042,DS400,quiz,DS400-Q0502,2025-02-27 09:25:23,61
A01229,S1020,MATH150,video,MATH150-V0503,2025-04-13 10:16:54,46
A01230,S1048,MATH150,quiz,MATH150-Q0504,2025-03-28 13:28:40,51
A01231,S1049,CS301,lecture,CS301-L0701,2025-03-13 13:28:12,46
A01232,S1042,DS200,quiz,DS200-Q0501,2025-04-22 08:14:45,26
A01233,S1014,MATH150,reading,MATH150-R0601,2025-03-05 02:52:50,55
A01234,S1025,MATH150,discussion,MATH150-D0902,2025-04-20 07:10:33,28
A01235,S1040,DS400,quiz,DS400-Q0501,2025-02-09 02:21:10,32
A01236,S1011,MATH150,assignment,MATH150-A0805,2025-03-19 11:48:21,6
A01237,S1050,CS301,assignment,CS301-A0802,2025-03-01 01:42:18,78
A01238,S1038,CS301,lecture,CS301-L0201,2025-04-04 23:22:06,44
A01239,S1018,DS400,reading,DS400-R0803,2025-02-12 15:38:45,61
A01240,S1009,CS101,reading,CS101-R0702,2025-04-27 17:22:41,20
A01241,S1038,MATH150,discussion,MATH150-D0405,2025-02-10 09:59:32,57
A01242,S1016,MATH150,discussion,MATH150-D0903,2025-03-27 22:04:15,68
A01243,S1019,CS101,video,CS101-V0203,2025-04-25 17:34:09,47
A01244,S1050,CS301,assignment,CS301-A0402,2025-03-05 01:31:56,60
A01245,S1015,CS301,reading,CS301-R0602,2025-04-08 16:00:29,34
A01246,S1017,DS400,assignment,DS400-A0102,2025-02-13 10:39:33,83
A01247,S1027,CS301,quiz,CS301-Q0801,2025-04-23 14:52:02,68
A01248,S1004,DS400,reading,DS400-R0105,2025-03-16 07:41:29,5
A01249,S1033,MATH150,discussion,MATH150-D0803,2025-03-29 16:20:33,43
A01250,S1041,CS101,assignment,CS101-A0205,2025-02-10 19:38:07,72
A01251,S1050,CS101,discussion,CS101-D0305,2025-04-25 00:56:45,12
A01252,S1037,CS301,discussion,CS301-D0401,2025-04-17 08:26:01,88
A01253,S1028,MATH150,quiz,MATH150-Q0802,2025-04-06 00:34:09,43
A01254,S1005,DS200,assignment,DS200-A1003,2025-03-17 22:55:54,68
A01255,S1050,CS301,lecture,CS301-L0705,2025-03-02 09:33:40,1
A01256,S1040,CS301,lecture,CS301-L0102,2025-03-05 04:08:07,55
A01257,S1010,MATH150,video,MATH150-V1003,2025-03-25 13:25:27,59
A01258,S1042,DS200,discussion,DS200-D0605,2025-02-16 16:31:13,25
A01259,S1050,DS200,video,DS200-V0502,2025-02-11 16:01:53,4
A01260,S1035,DS400,lecture,DS400-L0305,2025-03-07 17:02:06,9
A01261,S1021,MATH150,video,MATH150-V0402,2025-03-03 06:48:08,21
A01262,S1028,MATH150,video,MATH150-V0403,2025-02-04 12:31:51,18
A01263,S1029,CS101,quiz,CS101-Q0104,2025-04-27 02:25:24,27
A01264,S1025,CS101,quiz,CS101-Q0804,2025-02-21 03:47:06,27
A01265,S1050,CS301,discussion,CS301-D0201,2025-02-18 20:55:50,65
A01266,S1038,DS400,lecture,DS400-L0302,2025-02-13 13:22:50,63
A01267,S1048,DS400,reading,DS400-R0604,2025-02-20 09:56:37,27
A01268,S1006,DS400,reading,DS400-R0803,2025-03-23 06:21:52,15
A01269,S1030,CS101,lecture,CS101-L0704,2025-03-12 17:42:41,13
A01270,S1023,MATH150,reading,MATH150-R0204,2025-04-25 04:27:42,84
A01271,S1020,DS200,assignment,DS200-A0204,2025-04-27 22:01:04,61
A01272,S1002,MATH150,assignment,MATH150-A0601,2025-02-15 12:51:49,32
A01273,S1012,DS400,lecture,DS400-L0305,2025-02-16 23:52:07,18
A01274,S1045,CS301,lecture,CS301-L0105,2025-04-20 18:36:25,27
A01275,S1048,MATH150,reading,MATH150-R1004,2025-04-22 19:14:19,21
A01276,S1027,DS200,video,DS200-V0902,2025-04-14 21:49:59,86
A01277,S1012,MATH150,lecture,MATH150-L0301,2025-03-22 04:18:49,27
A01278,S1020,CS301,assignment,CS301-A0603,2025-04-03 06:05:21,42
A01279,S1002,CS101,reading,CS101-R0104,2025-02-05 04:40:13,19
A01280,S1027,CS101,discussion,CS101-D0705,2025-04-13 00:31:31,68
A01281,S1011,DS200,lecture,DS200-L0103,2025-04-29 23:31:36,29
A01282,S1006,CS301,lecture,CS301-L0204,2025-03-18 23:08:01,54
A01283,S1035,CS301,video,CS301-V1001,2025-03-04 02:36:43,61
A01284,S1031,MATH150,video,MATH150-V0605,2025-03-09 08:47:42,79
A01285,S1043,CS101,quiz,CS101-Q0805,2025-02-20 22:18:27,17
A01286,S1015,DS400,video,DS400-V0302,2025-04-06 20:59:45,11
A01287,S1048,CS101,assignment,CS101-A0703,2025-04-28 23:35:38,79
A01288,S1007,DS200,video,DS200-V0502,2025-04-13 18:01:09,85
A01289,S1020,MATH150,assignment,MATH150-A0805,2025-03-24 08:25:11,67
A01290,S1037,MATH150,video,MATH150-V0604,2025-03-10 06:12:16,85
A01291,S1010,DS400,assignment,DS400-A0104,2025-04-04 05:18:47,7
A01292,S1013,DS200,lecture,DS200-L0301,2025-04-23 23:29:59,31
A01293,S1011,CS301,reading,CS301-R0105,2025-03-20 13:12:56,62
A01294,S1023,DS200,assignment,DS200-A1004,2025-03-17 18:24:16,28
A01295,S1030,DS400,reading,DS400-R0904,2025-02-13 07:27:50,36
A01296,S1042,DS400,reading,DS400-R0602,2025-02-26 15:46:52,44
A01297,S1032,DS400,quiz,DS400-Q0203,2025-04-16 23:28:19,67
A01298,S1017,CS101,reading,CS101-R0701,2025-03-26 14:57:00,17
A01299,S1007,DS200,quiz,DS200-Q0201,2025-03-27 07:36:05,38
A01300,S1009,MATH150,reading,MATH150-R0804,2025-03-27 14:12:16,11
A01301,S1033,DS200,quiz,DS200-Q0902,2025-02-15 15:07:48,88
A01302,S1015,CS101,video,CS101-V0605,2025-04-01 05:12:31,20
A01303,S1037,DS400,discussion,DS400-D0105,2025-03-09 01:58:32,70
A01304,S1015,DS400,video,DS400-V0602,2025-02-11 14:15:51,88
A01305,S1011,DS400,video,DS400-V0305,2025-04-02 01:32:57,55
A01306,S1013,MATH150,lecture,MATH150-L0703,2025-03-11 17:09:39,67
A01307,S1027,CS301,quiz,CS301-Q0602,2025-04-12 22:15:12,39
A01308,S1001,CS101,reading,CS101-R0903,2025-02-22 03:21:34,79
A01309,S1039,CS101,lecture,CS101-L0702,2025-02-15 19:59:03,62
A01310,S1011,DS200,quiz,DS200-Q0304,2025-03-11 20:01:14,76
A01311,S1013,DS200,reading,DS200-R0202,2025-02-28 16:33:35,18
A01312,S1026,CS101,assignment,CS101-A1002,2025-02-21 20:32:48,57
A01313,S1010,MATH150,reading,MATH150-R0101,2025-03-24 10:03:31,40
A01314,S1034,CS101,assignment,CS101-A1004,2025-02-24 09:56:48,85
A01315,S1029,MATH150,lecture,MATH150-L0905,2025-03-17 23:40:42,20
A01316,S1005,MATH150,reading,MATH150-R0104,2025-04-24 05:33:16,33
A01317,S1008,CS301,quiz,CS301-Q1002,2025-04-27 22:43:05,89
A01318,S1032,MATH150,video,MATH150-V0901,2025-02-10 11:18:55,78
A01319,S1039,MATH150,video,MATH150-V0804,2025-03-14 19:29:50,8
A01320,S1041,CS101,reading,CS101-R0503,2025-04-05 00:51:07,66
A01321,S1022,CS301,assignment,CS301-A0503,2025-02-09 22:32:49,2
A01322,S1007,CS301,video,CS301-V1004,2025-02-23 08:47:50,76
A01323,S1028,MATH150,lecture,MATH150-L0805,2025-04-01 18:30:02,73
A01324,S1025,DS400,discussion,DS400-D0701,2025-04-01 06:54:01,14
A01325,S1038,CS101,discussion,CS101-D0201,2025-04-17 01:14:45,31
A01326,S1024,DS400,assignment,DS400-A1004,2025-04-22 00:40:26,51
A01327,S1046,CS101,reading,CS101-R0804,2025-03-29 12:54:57,67
A01328,S1003,CS301,assignment,CS301-A0701,2025-02-22 20:20:02,73
A01329,S1012,CS101,assignment,CS101-A0601,2025-03-02 05:58:47,53
A01330,S1002,CS301,reading,CS301-R0603,2025-03-08 02:01:36,32
A01331,S1018,CS301,lecture,CS301-L0604,2025-04-10 17:57:24,82
A01332,S1017,DS200,video,DS200-V0905,2025-04-05 19:32:36,42
A01333,S1048,CS301,reading,CS301-R0304,2025-04-26 01:03:22,12
A01334,S1022,MATH150,discussion,MATH150-D0902,2025-03-04 14:30:12,40
A01335,S1007,CS101,assignment,CS101-A0703,2025-04-03 05:49:26,64
A01336,S1041,DS200,quiz,DS200-Q0403,2025-04-25 23:29:39,63
A01337,S1023,MATH150,quiz,MATH150-Q0602,2025-02-18 05:39:34,42
A01338,S1002,CS101,video,CS101-V1003,2025-05-01 02:39:13,65
A01339,S1045,DS400,reading,DS400-R0905,2025-02-19 03:28:53,51
A01340,S1040,CS101,video,CS101-V0201,2025-04-11 23:13:35,77
A01341,S1043,CS301,reading,CS301-R0303,2025-03-25 14:30:15,46
A01342,S1026,DS200,quiz,DS200-Q0203,2025-04-02 10:17:52,73
A01343,S1006,MATH150,video,MATH150-V0801,2025-02-25 17:55:20,71
A01344,S1010,MATH150,lecture,MATH150-L0802,2025-04-23 18:32:02,89
A01345,S1015,DS200,video,DS200-V0802,2025-02-15 23:40:40,2
A01346,S1019,DS200,lecture,DS200-L1004,2025-04-24 05:26:44,57
A01347,S1027,DS400,discussion,DS400-D1002,2025-03-13 21:42:32,24
A01348,S1034,DS400,quiz,DS400-Q1004,2025-04-15 09:04:43,34
A01349,S1046,MATH150,reading,MATH150-R0703,2025-03-09 06:18:21,31
A01350,S1021,DS400,reading,DS400-R0202,2025-03-05 02:27:13,90
A01351,S1016,DS400,discussion,DS400-D0301,2025-05-01 22:48:27,65
A01352,S1046,CS301,discussion,CS301-D0601,2025-04-21 05:57:45,78
A01353,S1015,MATH150,assignment,MATH150-A0902,2025-03-19 01:07:17,35
A01354,S1037,CS101,quiz,CS101-Q1004,2025-03-22 03:19:45,76
A01355,S1028,CS101,video,CS101-V0105,2025-03-17 09:55:56,72
A01356,S1042,CS101,reading,CS101-R0802,2025-02-08 01:32:10,88
A01357,S1023,CS101,assignment,CS101-A0505,2025-02-26 08:09:22,4
A01358,S1046,DS400,quiz,DS400-Q0702,2025-03-12 08:14:44,28
A01359,S1043,CS301,reading,CS301-R0903,2025-03-05 23:07:25,30
A01360,S1037,DS400,quiz,DS400-Q0305,2025-04-09 00:31:12,76
A01361,S1021,CS101,discussion,CS101-D0103,2025-03-30 21:46:40,16
A01362,S1050,CS101,discussion,CS101-D0205,2025-03-14 00:56:35,21
A01363,S1047,DS200,video,DS200-V1002,2025-04-24 00:20:22,24
A01364,S1002,CS301,assignment,CS301-A0203,2025-02-10 12:33:25,13
A01365,S1026,DS400,assignment,DS400-A0704,2025-03-10 21:23:50,90
A01366,S1031,DS200,reading,DS200-R0301,2025-03-04 02:03:48,46
A01367,S1012,CS301,reading,CS301-R0801,2025-02-19 18:59:47,34
A01368,S1026,DS200,video,DS200-V0601,2025-03-06 20:31:51,58
A01369,S1049,CS101,discussion,CS101-D0501,2025-04-28 05:50:45,78
A01370,S1004,DS400,lecture,DS400-L0601,2025-02-18 05:35:22,1
A01371,S1034,CS101,lecture,CS101-L0604,2025-03-03 14:34:19,4
A01372,S1037,DS400,reading,DS400-R0202,2025-02-20 04:07:14,82
A01373,S1040,CS301,video,CS301-V0902,2025-03-07 09:24:41,13
A01374,S1044,DS200,discussion,DS200-D0605,2025-02-19 01:11:54,57
A01375,S1046,DS200,discussion,DS200-D0304,2025-02-04 19:37:36,80
A01376,S1003,DS400,lecture,DS400-L0503,2025-02-12 08:03:33,45
A01377,S1044,DS200,discussion,DS200-D0902,2025-04-30 06:36:53,13
A01378,S1032,DS200,discussion,DS200-D0305,2025-05-02 04:40:44,44
A01379,S1030,DS400,quiz,DS400-Q0801,2025-04-07 19:07:16,71
A01380,S1005,MATH150,video,MATH150-V0602,2025-02-25 02:53:15,63
A01381,S1013,CS301,lecture,CS301-L0601,2025-05-01 20:46:58,62
A01382,S1043,DS400,lecture,DS400-L0901,2025-04-07 07:01:19,84
A01383,S1021,DS400,discussion,DS400-D1005,2025-03-24 12:30:40,51
A01384,S1049,DS400,assignment,DS400-A0403,2025-03-04 23:19:00,18
A01385,S1029,DS200,reading,DS200-R0704,2025-03-16 02:52:21,49
A01386,S1006,CS301,lecture,CS301-L0801,2025-03-05 02:06:31,72
A01387,S1031,DS400,quiz,DS400-Q0504,2025-04-19 05:16:37,37
A01388,S1050,CS101,discussion,CS101-D0102,2025-02-10 12:44:50,40
A01389,S1038,DS400,discussion,DS400-D0303,2025-04-14 15:31:09,7
A01390,S1035,CS101,lecture,CS101-L0504,2025-02-20 03:33:15,46
A01391,S1035,CS101,assignment,CS101-A0705,2025-03-24 17:53:52,23
A01392,S1033,MATH150,assignment,MATH150-A0102,2025-02-11 10:47:54,59
A01393,S1012,DS200,assignment,DS200-A0601,2025-04-12 04:44:48,27
A01394,S1032,DS200,discussion,DS200-D1001,2025-02-06 06:19:41,49
A01395,S1014,CS101,reading,CS101-R0102,2025-04-06 21:53:29,43
A01396,S1012,CS301,video,CS301-V0604,2025-02-06 05:12:59,20
A01397,S1010,DS400,video,DS400-V1003,2025-04-28 12:00:21,55
A01398,S1044,DS400,assignment,DS400-A0502,2025-04-28 04:24:02,84
A01399,S1048,MATH150,quiz,MATH150-Q0104,2025-04-22 19:56:51,53
A01400,S1025,MATH150,video,MATH150-V0803,2025-04-01 03:19:44,2
A01401,S1041,CS301,lecture,CS301-L0802,2025-04-07 05:44:28,89
A01402,S1015,CS101,assignment,CS101-A0201,2025-02-17 07:14:41,63
A01403,S1005,DS200,discussion,DS200-D0602,2025-04-14 17:28:01,33
A01404,S1044,CS301,reading,CS301-R0903,2025-03-01 12:20:09,73
A01405,S1017,CS101,lecture,CS101-L0702,2025-02-10 06:29:32,72
A01406,S1032,DS200,video,DS200-V0901,2025-03-19 09:40:28,62
A01407,S1007,CS101,video,CS101-V0104,2025-02-19 18:47:28,11
A01408,S1049,CS101,video,CS101-V0705,2025-03-09 21:11:22,57
A01409,S1048,DS200,quiz,DS200-Q1001,2025-04-07 05:32:25,65
A01410,S1050,DS200,video,DS200-V0601,2025-03-29 02:19:43,2
A01411,S1010,MATH150,reading,MATH150-R0303,2025-03-18 17:32:46,26
A01412,S1042,CS101,quiz,CS101-Q0702,2025-03-02 04:52:54,65
A01413,S1005,DS200,video,DS200-V0403,2025-04-06 18:12:18,57
A01414,S1002,CS301,lecture,CS301-L0405,2025-03-25 04:33:06,37
A01415,S1036,DS200,video,DS200-V0903,2025-02-07 09:04:36,15
A01416,S1044,CS101,quiz,CS101-Q0905,2025-02-03 13:36:52,80
A01417,S1047,DS200,assignment,DS200-A0603,2025-02-05 14:28:26,19
A01418,S1007,DS200,lecture,DS200-L0701,2025-03-28 12:08:19,8
A01419,S1025,DS400,lecture,DS400-L0401,2025-03-28 14:17:56,70
A01420,S1005,CS101,assignment,CS101-A0805,2025-04-05 11:23:43,50
A01421,S1019,DS400,quiz,DS400-Q0802,2025-04-09 04:09:14,63
A01422,S1040,MATH150,reading,MATH150-R0804,2025-05-02 03:20:40,20
A01423,S1030,DS400,reading,DS400-R0402,2025-03-01 17:21:57,82
A01424,S1047,DS200,quiz,DS200-Q0502,2025-03-09 14:36:34,3
A01425,S1028,MATH150,video,MATH150-V0104,2025-03-13 17:09:37,70
A01426,S1015,CS301,video,CS301-V0602,2025-03-13 06:29:25,54
A01427,S1027,CS301,assignment,CS301-A0804,2025-03-11 14:03:46,60
A01428,S1024,MATH150,reading,MATH150-R0702,2025-04-13 02:21:16,68
A01429,S1014,DS200,video,DS200-V0405,2025-02-20 18:22:51,85
A01430,S1040,MATH150,quiz,MATH150-Q0904,2025-03-10 06:18:41,83
A01431,S1020,DS200,quiz,DS200-Q0304,2025-02-12 10:05:55,70
A01432,S1042,CS301,reading,CS301-R1004,2025-02-06 19:29:52,26
A01433,S1014,MATH150,discussion,MATH150-D0304,2025-03-24 02:47:23,56
A01434,S1012,CS301,lecture,CS301-L0404,2025-03-28 23:02:48,86
A01435,S1012,MATH150,assignment,MATH150-A1002,2025-04-05 03:07:07,52
A01436,S1037,DS200,video,DS200-V0703,2025-03-19 08:47:43,32
A01437,S1048,DS200,quiz,DS200-Q0605,2025-04-16 23:45:33,79
A01438,S1034,CS101,assignment,CS101-A0201,2025-02-10 04:44:15,3
A01439,S1001,CS101,reading,CS101-R0203,2025-04-30 10:16:50,46
A01440,S1013,DS200,video,DS200-V0501,2025-03-09 02:38:13,80
A01441,S1021,DS400,quiz,DS400-Q0803,2025-04-11 04:26:23,23
A01442,S1019,MATH150,lecture,MATH150-L0902,2025-04-30 07:58:53,20
A01443,S1011,CS301,lecture,CS301-L0905,2025-03-13 15:32:56,21
A01444,S1036,DS400,assignment,DS400-A0803,2025-04-09 20:39:27,32
A01445,S1008,DS200,quiz,DS200-Q0201,2025-02-15 00:53:36,49
A01446,S1031,CS301,quiz,CS301-Q0301,2025-03-30 18:48:47,89
A01447,S1024,CS301,discussion,CS301-D1002,2025-03-17 07:17:16,3
A01448,S1032,DS400,reading,DS400-R0601,2025-04-28 22:35:55,48
A01449,S1005,DS200,video,DS200-V1003,2025-04-08 15:19:09,51
A01450,S1010,CS101,assignment,CS101-A0403,2025-03-02 06:08:57,11
A01451,S1023,DS400,quiz,DS400-Q0105,2025-04-29 09:13:01,76
A01452,S1027,DS200,reading,DS200-R0502,2025-03-23 17:17:14,36
A01453,S1034,CS101,quiz,CS101-Q0602,2025-02-06 22:07:12,84
A01454,S1016,MATH150,reading,MATH150-R0804,2025-03-06 15:23:56,6
A01455,S1018,CS301,assignment,CS301-A0203,2025-03-27 09:29:14,5
A01456,S1009,DS400,lecture,DS400-L1001,2025-03-03 06:17:31,49
A01457,S1013,CS301,quiz,CS301-Q0701,2025-04-10 09:03:52,87
A01458,S1018,CS301,reading,CS301-R0605,2025-04-25 18:01:11,55
A01459,S1027,MATH150,video,MATH150-V0603,2025-03-27 12:04:13,25
A01460,S1032,MATH150,reading,MATH150-R0204,2025-05-02 01:49:44,86
A01461,S1006,MATH150,discussion,MATH150-D0201,2025-04-21 14:07:18,17
A01462,S1049,CS101,video,CS101-V0202,2025-03-10 02:59:00,9
A01463,S1010,DS400,video,DS400-V0201,2025-02-02 19:24:02,2
A01464,S1048,MATH150,discussion,MATH150-D0202,2025-03-30 10:50:34,81
A01465,S1030,MATH150,assignment,MATH150-A0205,2025-02-13 17:09:20,8
A01466,S1046,DS200,video,DS200-V0202,2025-02-10 18:36:39,12
A01467,S1001,CS301,assignment,CS301-A0402,2025-02-06 17:25:50,11
A01468,S1025,MATH150,assignment,MATH150-A0902,2025-03-20 02:11:19,26
A01469,S1046,CS301,discussion,CS301-D0304,2025-03-01 20:09:43,87
A01470,S1038,CS101,quiz,CS101-Q0305,2025-02-02 11:38:12,11
A01471,S1012,DS200,reading,DS200-R0305,2025-03-29 17:47:02,25
A01472,S1045,CS101,assignment,CS101-A0202,2025-02-20 00:46:44,42
A01473,S1049,DS200,video,DS200-V0705,2025-03-02 16:19:55,77
A01474,S1027,DS400,assignment,DS400-A0502,2025-03-15 06:47:48,33
A01475,S1023,DS200,discussion,DS200-D0103,2025-03-01 04:44:58,21
A01476,S1005,CS101,lecture,CS101-L0803,2025-04-30 12:21:13,8
A01477,S1040,CS301,lecture,CS301-L0801,2025-04-15 03:11:50,87
A01478,S1006,MATH150,discussion,MATH150-D0605,2025-04-08 17:14:08,9
A01479,S1037,MATH150,assignment,MATH150-A0604,2025-03-08 15:23:17,62
A01480,S1024,CS301,reading,CS301-R0803,2025-03-26 21:00:14,25
A01481,S1015,DS400,video,DS400-V0103,2025-03-13 15:40:16,60
A01482,S1030,MATH150,quiz,MATH150-Q0804,2025-03-17 18:34:22,20
A01483,S1010,CS301,quiz,CS301-Q0102,2025-04-19 09:43:00,41
A01484,S1025,DS200,quiz,DS200-Q0601,2025-03-16 01:06:26,85
A01485,S1012,DS200,discussion,DS200-D0302,2025-02-11 01:55:59,3
A01486,S1026,CS301,video,CS301-V0503,2025-02-21 01:43:53,3
A01487,S1032,CS301,video,CS301-V0505,2025-02-28 19:56:33,30
A01488,S1013,CS301,discussion,CS301-D0804,2025-03-16 02:47:58,21
A01489,S1032,CS101,reading,CS101-R0201,2025-03-05 06:13:42,62
A01490,S1039,MATH150,video,MATH150-V0405,2025-03-21 20:34:07,28
A01491,S1027,CS301,lecture,CS301-L0502,2025-03-06 17:52:31,81
A01492,S1020,DS400,quiz,DS400-Q1001,2025-04-01 00:57:59,17
A01493,S1034,MATH150,reading,MATH150-R0602,2025-03-09 18:04:49,73
A01494,S1031,CS101,lecture,CS101-L0803,2025-03-14 08:36:26,32
A01495,S1014,MATH150,assignment,MATH150-A0403,2025-04-04 09:57:10,61
A01496,S1018,DS400,reading,DS400-R1003,2025-04-10 16:09:04,25
A01497,S1009,MATH150,assignment,MATH150-A1002,2025-04-11 14:55:46,76
A01498,S1040,DS200,video,DS200-V0805,2025-03-19 11:31:41,3
A01499,S1021,DS400,lecture,DS400-L0702,2025-04-03 10:02:06,42
A01500,S1006,DS400,quiz,DS400-Q0805,2025-04-30 07:04:50,35
A01501,S1005,CS301,quiz,CS301-Q0403,2025-04-11 23:47:25,19
A01502,S1024,CS101,quiz,CS101-Q0402,2025-04-04 08:05:06,1
A01503,S1021,MATH150,discussion,MATH150-D0805,2025-02-16 01:24:37,35
A01504,S1021,CS301,reading,CS301-R1005,2025-02-21 07:05:42,83
A01505,S1013,DS400,discussion,DS400-D0203,2025-04-14 01:55:04,8
A01506,S1048,DS200,discussion,DS200-D0903,2025-02-25 23:20:06,49
A01507,S1028,CS101,reading,CS101-R0502,2025-02-15 20:36:31,38
A01508,S1002,CS101,assignment,CS101-A0701,2025-03-09 15:53:58,60
A01509,S1050,DS200,quiz,DS200-Q0705,2025-02-17 02:42:42,77
A01510,S1029,MATH150,lecture,MATH150-L0504,2025-02-28 15:56:03,26
A01511,S1046,DS400,quiz,DS400-Q0502,2025-03-30 19:31:25,17
A01512,S1021,CS101,lecture,CS101-L0103,2025-03-27 12:31:08,62
A01513,S1024,DS200,reading,DS200-R0705,2025-02-04 08:15:50,81
A01514,S1028,MATH150,quiz,MATH150-Q0303,2025-04-02 09:30:37,5
A01515,S1042,MATH150,reading,MATH150-R1005,2025-02-05 16:41:27,66
A01516,S1004,DS200,quiz,DS200-Q0201,2025-02-15 10:56:34,20
A01517,S1007,DS400,video,DS400-V0401,2025-04-16 03:24:35,47
A01518,S1023,MATH150,lecture,MATH150-L0703,2025-04-15 18:32:04,9
A01519,S1032,CS301,discussion,CS301-D0105,2025-03-14 07:05:53,83
A01520,S1026,DS200,discussion,DS200-D0202,2025-03-17 10:00:07,21
A01521,S1008,MATH150,video,MATH150-V0401,2025-04-05 11:19:18,88
A01522,S1036,CS101,lecture,CS101-L0404,2025-02-05 23:42:45,6
A01523,S1015,DS200,video,DS200-V0305,2025-03-04 21:19:08,42
A01524,S1025,CS301,lecture,CS301-L0903,2025-03-21 15:53:53,4
A01525,S1043,CS301,discussion,CS301-D0201,2025-02-21 07:14:57,76
A01526,S1003,DS200,video,DS200-V1004,2025-02-02 13:35:30,45
A01527,S1045,CS101,discussion,CS101-D0605,2025-04-30 02:45:58,22
A01528,S1026,DS200,video,DS200-V0901,2025-05-01 17:29:51,81
A01529,S1048,DS400,reading,DS400-R0505,2025-03-10 05:06:32,66
A01530,S1025,DS200,video,DS200-V1003,2025-03-06 08:20:01,26
A01531,S1021,MATH150,quiz,MATH150-Q0203,2025-03-17 17:20:44,4
A01532,S1029,DS400,assignment,DS400-A0904,2025-02-21 17:39:17,24
A01533,S1008,CS101,quiz,CS101-Q0202,2025-02-21 07:17:30,73
A01534,S1048,MATH150,assignment,MATH150-A0405,2025-04-22 06:40:41,39
A01535,S1024,CS301,lecture,CS301-L0405,2025-04-29 07:15:25,33
A01536,S1014,DS400,lecture,DS400-L0501,2025-02-22 21:13:44,24
A01537,S1022,DS200,quiz,DS200-Q0703,2025-03-18 07:52:24,51
A01538,S1039,DS200,quiz,DS200-Q0805,2025-03-31 19:25:53,37
A01539,S1043,DS200,lecture,DS200-L1001,2025-04-28 17:45:20,1
A01540,S1002,DS400,lecture,DS400-L0103,2025-02-01 20:56:51,39
A01541,S1029,CS301,assignment,CS301-A1002,2025-02-11 07:29:38,7
A01542,S1024,DS200,assignment,DS200-A0404,2025-04-14 21:33:11,48
A01543,S1005,MATH150,quiz,MATH150-Q0103,2025-04-17 16:11:22,5
A01544,S1008,MATH150,video,MATH150-V0504,2025-04-29 00:37:43,27
A01545,S1008,CS101,quiz,CS101-Q0301,2025-02-12 19:16:18,12
A01546,S1047,DS200,quiz,DS200-Q1005,2025-02-28 09:22:30,35
A01547,S1002,DS400,quiz,DS400-Q0202,2025-02-22 19:01:12,9
A01548,S1026,CS301,lecture,CS301-L0104,2025-03-15 20:41:40,60
A01549,S1027,DS200,lecture,DS200-L1001,2025-04-06 14:56:16,9
A01550,S1050,MATH150,assignment,MATH150-A0504,2025-02-21 13:14:51,35
A01551,S1002,MATH150,video,MATH150-V0404,2025-04-21 13:11:13,1
A01552,S1042,CS101,discussion,CS101-D0705,2025-04-11 02:54:38,63
A01553,S1015,CS101,reading,CS101-R0601,2025-03-31 22:28:51,48
A01554,S1030,CS301,discussion,CS301-D0303,2025-04-06 19:34:40,48
A01555,S1047,DS400,discussion,DS400-D0303,2025-04-14 06:03:14,82
A01556,S1023,CS301,video,CS301-V1004,2025-03-10 00:00:16,60
A01557,S1023,MATH150,video,MATH150-V0805,2025-03-13 11:13:42,47
A01558,S1028,CS101,discussion,CS101-D0502,2025-03-06 04:24:54,46
A01559,S1042,CS301,quiz,CS301-Q0902,2025-04-29 06:10:19,6
A01560,S1022,DS400,assignment,DS400-A0305,2025-03-07 01:01:38,70
A01561,S1041,DS200,discussion,DS200-D0302,2025-04-22 22:34:55,89
A01562,S1026,CS101,quiz,CS101-Q0205,2025-03-26 16:31:47,6
A01563,S1034,CS101,discussion,CS101-D0103,2025-03-27 07:33:49,86
A01564,S1011,DS200,assignment,DS200-A0604,2025-02-13 05:22:19,42
A01565,S1047,MATH150,discussion,MATH150-D0705,2025-04-06 15:35:40,51
A01566,S1015,DS400,reading,DS400-R0701,2025-02-23 19:06:43,82
A01567,S1042,CS301,video,CS301-V0401,2025-04-29 14:11:38,65
A01568,S1007,CS301,video,CS301-V0203,2025-02-25 08:26:17,52
A01569,S1020,DS200,discussion,DS200-D0202,2025-02-04 03:41:51,3
A01570,S1002,MATH150,lecture,MATH150-L0402,2025-04-23 05:30:18,88
A01571,S1005,CS101,reading,CS101-R0801,2025-03-14 20:03:52,46
A01572,S1043,CS301,lecture,CS301-L1003,2025-03-07 04:34:07,50
A01573,S1024,DS200,reading,DS200-R0705,2025-03-31 03:00:16,62
A01574,S1041,DS400,discussion,DS400-D0104,2025-02-04 22:22:04,64
A01575,S1021,MATH150,lecture,MATH150-L0504,2025-04-26 11:36:30,50
A01576,S1049,DS400,lecture,DS400-L0705,2025-04-03 02:10:12,45
A01577,S1044,CS301,lecture,CS301-L0701,2025-03-21 04:45:45,12
A01578,S1031,MATH150,discussion,MATH150-D0201,2025-02-25 16:43:28,81
A01579,S1007,CS301,quiz,CS301-Q0602,2025-04-01 11:26:09,61
A01580,S1003,MATH150,reading,MATH150-R0904,2025-02-22 21:32:09,79
A01581,S1027,CS101,lecture,CS101-L0305,2025-04-26 15:12:04,87
A01582,S1050,CS101,discussion,CS101-D0801,2025-03-22 14:50:22,24
A01583,S1030,MATH150,assignment,MATH150-A1004,2025-04-20 16:06:27,69
A01584,S1042,CS101,reading,CS101-R1001,2025-04-10 15:53:17,67
A01585,S1032,DS200,quiz,DS200-Q0502,2025-02-05 17:42:16,38
A01586,S1039,MATH150,quiz,MATH150-Q0202,2025-04-24 04:08:57,10
A01587,S1013,CS301,quiz,CS301-Q0401,2025-03-11 11:24:30,84
A01588,S1012,CS301,lecture,CS301-L0502,2025-02-23 13:32:17,44
A01589,S1044,DS400,quiz,DS400-Q0404,2025-04-21 08:40:37,90
A01590,S1008,CS101,video,CS101-V0302,2025-04-14 18:04:51,78
A01591,S1037,CS101,quiz,CS101-Q0803,2025-04-19 23:51:56,90
A01592,S1028,CS101,assignment,CS101-A0903,2025-04-04 12:11:28,70
A01593,S1007,CS301,quiz,CS301-Q0103,2025-03-16 05:33:27,72
A01594,S1045,CS301,lecture,CS301-L0201,2025-02-27 09:14:13,86
A01595,S1023,CS301,quiz,CS301-Q0902,2025-04-30 21:29:40,18
A01596,S1008,CS101,video,CS101-V0205,2025-02-20 00:10:46,86
A01597,S1013,CS301,assignment,CS301-A0903,2025-03-27 23:41:17,34
A01598,S1031,CS101,assignment,CS101-A0305,2025-03-13 23:52:52,15
A01599,S1036,CS101,video,CS101-V0402,2025-03-03 00:46:32,18
A01600,S1048,CS301,lecture,CS301-L0601,2025-03-23 09:46:06,2
A01601,S1008,DS400,assignment,DS400-A0505,2025-03-25 09:07:30,2
A01602,S1020,DS200,reading,DS200-R0404,2025-04-20 15:54:56,28
A01603,S1013,CS301,quiz,CS301-Q0802,2025-02-11 11:43:18,23
A01604,S1025,DS400,assignment,DS400-A0901,2025-02-16 01:23:31,86
A01605,S1009,DS400,video,DS400-V0204,2025-03-23 17:11:54,10
A01606,S1037,DS200,video,DS200-V0703,2025-02-23 18:00:38,34
A01607,S1027,CS101,quiz,CS101-Q0103,2025-04-18 15:55:47,51
A01608,S1002,DS200,assignment,DS200-A0604,2025-03-17 13:06:05,78
A01609,S1015,DS200,quiz,DS200-Q1005,2025-04-29 03:50:58,53
A01610,S1042,DS200,video,DS200-V1005,2025-03-01 19:08:47,64
A01611,S1050,CS101,quiz,CS101-Q1001,2025-03-14 09:20:36,9
A01612,S1036,CS101,assignment,CS101-A0301,2025-03-09 17:58:19,36
A01613,S1026,MATH150,quiz,MATH150-Q0603,2025-04-24 01:42:10,69
A01614,S1039,MATH150,reading,MATH150-R0805,2025-03-21 05:33:10,50
A01615,S1049,DS400,assignment,DS400-A0905,2025-04-01 01:29:36,85
A01616,S1037,DS200,quiz,DS200-Q0601,2025-04-10 00:03:37,63
A01617,S1022,DS400,discussion,DS400-D1001,2025-02-26 07:10:46,81
A01618,S1018,MATH150,reading,MATH150-R1005,2025-02-23 23:50:11,41
A01619,S1021,DS200,discussion,DS200-D0403,2025-03-03 14:46:02,25
A01620,S1022,DS400,assignment,DS400-A0703,2025-02-27 11:52:50,77
A01621,S1028,DS200,discussion,DS200-D0303,2025-02-20 07:34:42,88
A01622,S1044,MATH150,assignment,MATH150-A0905,2025-03-05 01:14:30,27
A01623,S1030,DS400,discussion,DS400-D0301,2025-04-13 05:20:56,38
A01624,S1041,DS200,video,DS200-V1003,2025-02-19 15:31:40,83
A01625,S1032,MATH150,video,MATH150-V0704,2025-04-12 11:45:11,35
A01626,S1037,CS301,discussion,CS301-D0602,2025-02-26 14:28:46,78
A01627,S1005,MATH150,lecture,MATH150-L0705,2025-03-12 00:52:14,1
A01628,S1005,DS200,reading,DS200-R0804,2025-03-27 08:01:10,75
A01629,S1018,DS400,discussion,DS400-D0702,2025-02-27 16:03:15,7
A01630,S1028,CS301,discussion,CS301-D0204,2025-03-16 07:36:38,50
A01631,S1021,CS101,video,CS101-V0301,2025-03-08 22:53:49,7
A01632,S1003,CS101,reading,CS101-R0205,2025-03-25 20:05:04,35
A01633,S1009,CS101,assignment,CS101-A0702,2025-02-05 17:59:11,85
A01634,S1037,CS101,lecture,CS101-L0203,2025-04-03 11:47:23,36
A01635,S1019,CS301,video,CS301-V0402,2025-04-02 21:41:48,78
A01636,S1037,MATH150,discussion,MATH150-D0602,2025-02-16 14:25:08,3
A01637,S1036,DS400,reading,DS400-R0402,2025-04-21 02:21:59,50
A01638,S1014,DS400,discussion,DS400-D0102,2025-02-10 17:23:06,74
A01639,S1048,DS400,reading,DS400-R0801,2025-02-11 03:53:04,32
A01640,S1027,DS200,video,DS200-V0805,2025-02-17 22:54:02,23
A01641,S1015,MATH150,lecture,MATH150-L0102,2025-04-08 00:50:43,40
A01642,S1028,DS400,discussion,DS400-D0704,2025-02-22 14:09:18,30
A01643,S1007,CS101,quiz,CS101-Q0804,2025-02-16 11:20:57,50
A01644,S1040,CS301,lecture,CS301-L0903,2025-02-21 18:54:36,87
A01645,S1032,CS301,discussion,CS301-D0603,2025-02-03 21:11:48,64
A01646,S1033,DS400,quiz,DS400-Q0805,2025-02-21 19:42:15,48
A01647,S1010,CS101,discussion,CS101-D0702,2025-04-19 09:15:41,52
A01648,S1014,DS200,reading,DS200-R0604,2025-02-28 11:43:19,32
A01649,S1046,MATH150,video,MATH150-V0705,2025-04-28 02:11:09,61
A01650,S1002,DS400,video,DS400-V0204,2025-04-12 02:29:53,3
A01651,S1025,DS400,reading,DS400-R0604,2025-02-03 20:40:49,63
A01652,S1028,CS301,quiz,CS301-Q0204,2025-02-26 14:56:44,45
A01653,S1015,MATH150,reading,MATH150-R0504,2025-02-17 05:19:15,22
A01654,S1015,DS400,assignment,DS400-A0905,2025-03-25 10:05:50,26
A01655,S1003,CS301,reading,CS301-R0102,2025-02-10 14:34:36,21
A01656,S1006,DS400,assignment,DS400-A0901,2025-02-26 04:22:44,11
A01657,S1034,MATH150,quiz,MATH150-Q0303,2025-02-15 14:57:24,56
A01658,S1018,DS200,video,DS200-V0703,2025-02-18 01:11:55,67
A01659,S1005,DS200,lecture,DS200-L1001,2025-03-29 11:12:04,84
A01660,S1048,DS200,reading,DS200-R0904,2025-03-14 23:12:07,22
A01661,S1016,CS101,video,CS101-V1001,2025-02-08 09:56:14,13
A01662,S1018,DS200,discussion,DS200-D0204,2025-03-27 14:31:51,48
A01663,S1047,DS200,video,DS200-V0902,2025-02-25 17:19:24,2
A01664,S1021,DS200,reading,DS200-R0901,2025-03-22 12:08:15,65
A01665,S1004,CS301,video,CS301-V0301,2025-03-19 09:55:50,20
A01666,S1009,DS200,discussion,DS200-D0605,2025-04-18 21:48:52,36
A01667,S1030,DS200,quiz,DS200-Q0301,2025-04-12 03:20:14,32
A01668,S1011,DS400,lecture,DS400-L0204,2025-02-15 01:36:19,1
A01669,S1019,CS301,discussion,CS301-D0804,2025-03-27 07:15:15,70
A01670,S1047,CS301,discussion,CS301-D0805,2025-03-08 05:39:18,78
A01671,S1037,CS301,reading,CS301-R0904,2025-02-18 01:49:13,65
A01672,S1032,DS200,lecture,DS200-L0401,2025-04-01 02:33:24,48
A01673,S1020,CS101,discussion,CS101-D0704,2025-03-10 08:56:20,39
A01674,S1024,CS101,reading,CS101-R0802,2025-04-15 17:16:40,3
A01675,S1014,CS301,assignment,CS301-A0304,2025-04-26 20:58:51,76
A01676,S1049,DS200,assignment,DS200-A0504,2025-02-25 14:37:57,19
A01677,S1002,DS200,quiz,DS200-Q0504,2025-03-12 15:13:13,60
A01678,S1046,CS301,reading,CS301-R0404,2025-02-14 12:48:44,54
A01679,S1004,DS200,video,DS200-V0203,2025-03-10 04:29:30,7
A01680,S1023,CS301,quiz,CS301-Q0701,2025-03-31 22:55:03,38
A01681,S1023,DS400,discussion,DS400-D0801,2025-04-27 04:58:40,62
A01682,S1005,MATH150,reading,MATH150-R0403,2025-05-02 09:18:25,65
A01683,S1011,CS101,lecture,CS101-L0305,2025-02-28 01:09:32,8
A01684,S1002,DS400,video,DS400-V0903,2025-02-04 05:10:31,58
A01685,S1026,MATH150,discussion,MATH150-D0803,2025-04-03 05:45:39,42
A01686,S1019,MATH150,lecture,MATH150-L0905,2025-02-13 20:13:48,57
A01687,S1049,CS301,quiz,CS301-Q0901,2025-04-07 13:33:49,71
A01688,S1047,DS400,discussion,DS400-D0202,2025-04-22 22:38:45,49
A01689,S1022,CS301,assignment,CS301-A0502,2025-02-15 16:18:06,26
A01690,S1006,DS400,quiz,DS400-Q0504,2025-02-23 06:06:58,6
A01691,S1003,MATH150,lecture,MATH150-L0302,2025-03-14 11:48:43,73
A01692,S1013,CS301,video,CS301-V0705,2025-03-29 00:53:48,33
A01693,S1014,CS101,lecture,CS101-L0301,2025-02-27 15:36:11,62
A01694,S1005,DS200,quiz,DS200-Q0304,2025-02-12 23:07:01,11
A01695,S1043,CS301,reading,CS301-R1003,2025-04-25 10:57:10,61
A01696,S1017,DS400,discussion,DS400-D0903,2025-04-04 04:29:03,86
A01697,S1021,DS400,video,DS400-V1005,2025-04-09 03:30:07,36
A01698,S1039,DS200,video,DS200-V0104,2025-03-20 19:19:11,35
A01699,S1022,DS400,reading,DS400-R0804,2025-02-06 20:25:54,76
A01700,S1020,MATH150,lecture,MATH150-L0305,2025-02-23 14:00:36,29
A01701,S1016,CS301,video,CS301-V0205,2025-03-22 23:37:36,47
A01702,S1027,CS301,quiz,CS301-Q1003,2025-03-02 21:50:34,11
A01703,S1016,DS200,discussion,DS200-D0801,2025-04-18 02:43:38,41
A01704,S1004,CS301,quiz,CS301-Q0702,2025-03-14 02:08:05,61
A01705,S1002,MATH150,reading,MATH150-R0203,2025-02-24 18:06:18,63
A01706,S1032,CS301,discussion,CS301-D0404,2025-03-15 15:08:39,31
A01707,S1019,DS200,discussion,DS200-D0303,2025-02-17 07:52:11,77
A01708,S1021,DS400,quiz,DS400-Q0201,2025-02-09 20:13:13,11
A01709,S1048,CS101,video,CS101-V0904,2025-03-21 16:52:46,12
A01710,S1045,DS200,lecture,DS200-L0104,2025-02-19 02:42:02,5
A01711,S1009,MATH150,reading,MATH150-R0605,2025-02-10 08:51:44,6
A01712,S1011,MATH150,reading,MATH150-R0201,2025-03-30 11:05:45,11
A01713,S1003,DS400,lecture,DS400-L0402,2025-04-29 23:13:04,51
A01714,S1032,CS101,reading,CS101-R1003,2025-04-02 14:59:35,68
A01715,S1005,DS400,reading,DS400-R0301,2025-03-18 18:14:52,78
A01716,S1017,DS200,assignment,DS200-A0901,2025-03-22 01:39:27,78
A01717,S1015,MATH150,lecture,MATH150-L0703,2025-04-07 10:30:28,21
A01718,S1045,CS301,quiz,CS301-Q0605,2025-03-03 14:53:11,38
A01719,S1042,CS301,quiz,CS301-Q0403,2025-04-07 13:24:47,42
A01720,S1014,DS200,quiz,DS200-Q0302,2025-02-05 10:40:13,11
A01721,S1004,DS400,lecture,DS400-L0301,2025-03-17 10:59:07,17
A01722,S1010,CS101,reading,CS101-R0603,2025-03-30 02:43:23,31
A01723,S1046,CS301,quiz,CS301-Q0701,2025-04-05 10:16:44,86
A01724,S1043,DS400,assignment,DS400-A1003,2025-04-11 17:16:24,27
A01725,S1031,CS101,reading,CS101-R0304,2025-02-20 11:07:34,45
A01726,S1005,CS101,lecture,CS101-L0504,2025-02-19 23:38:51,64
A01727,S1030,CS301,assignment,CS301-A0604,2025-02-14 18:36:45,42
A01728,S1048,CS301,assignment,CS301-A0605,2025-04-27 03:49:26,90
A01729,S1012,CS101,video,CS101-V0504,2025-02-10 22:08:07,63
A01730,S1022,DS200,lecture,DS200-L0302,2025-03-23 15:47:59,78
A01731,S1032,MATH150,video,MATH150-V0304,2025-02-05 14:31:06,2
A01732,S1041,MATH150,assignment,MATH150-A0605,2025-03-10 02:08:03,44
A01733,S1001,CS101,quiz,CS101-Q0902,2025-02-22 08:44:06,19
A01734,S1022,DS400,reading,DS400-R0904,2025-04-29 05:48:43,68
A01735,S1038,DS400,discussion,DS400-D0404,2025-04-17 14:29:02,6
A01736,S1030,DS400,discussion,DS400-D0505,2025-04-16 06:00:20,59
A01737,S1003,MATH150,reading,MATH150-R0104,2025-03-31 02:08:28,81
A01738,S1005,CS301,quiz,CS301-Q0805,2025-03-29 09:32:37,30
A01739,S1021,DS400,video,DS400-V0803,2025-03-03 00:38:04,84
A01740,S1003,DS200,assignment,DS200-A1003,2025-03-12 04:54:19,34
A01741,S1001,DS400,video,DS400-V0102,2025-04-22 15:10:33,58
A01742,S1016,CS301,lecture,CS301-L0701,2025-02-09 06:15:52,36
A01743,S1035,DS400,quiz,DS400-Q0105,2025-04-27 04:47:03,82
A01744,S1020,DS400,assignment,DS400-A0104,2025-03-30 04:50:03,28
A01745,S1035,DS400,reading,DS400-R0202,2025-05-02 17:47:52,50
A01746,S1036,MATH150,video,MATH150-V0902,2025-02-03 06:02:25,88
A01747,S1028,CS101,reading,CS101-R0404,2025-02-03 21:08:19,13
A01748,S1009,MATH150,video,MATH150-V0503,2025-03-14 05:17:13,21
A01749,S1028,DS200,assignment,DS200-A0303,2025-02-11 08:21:36,37
A01750,S1020,DS400,assignment,DS400-A0901,2025-02-09 06:32:40,20
A01751,S1008,CS101,video,CS101-V0203,2025-02-19 05:57:25,15
A01752,S1049,CS301,reading,CS301-R0205,2025-04-17 05:50:03,69
A01753,S1030,DS400,lecture,DS400-L0805,2025-02-28 21:24:46,11
A01754,S1023,CS101,reading,CS101-R0304,2025-04-21 04:26:39,25
A01755,S1035,MATH150,assignment,MATH150-A0105,2025-04-20 23:15:21,12
A01756,S1005,DS200,video,DS200-V0602,2025-03-24 13:28:32,89
A01757,S1035,DS200,quiz,DS200-Q0601,2025-03-06 21:36:15,50
A01758,S1049,CS301,lecture,CS301-L0904,2025-02-22 11:45:36,22
A01759,S1013,DS400,assignment,DS400-A0805,2025-04-15 11:16:22,90
A01760,S1005,DS200,assignment,DS200-A0805,2025-04-17 17:06:38,59
A01761,S1025,MATH150,assignment,MATH150-A0602,2025-04-30 06:00:32,6
A01762,S1003,CS301,video,CS301-V0105,2025-03-08 09:07:03,3
A01763,S1043,MATH150,assignment,MATH150-A0604,2025-04-15 15:55:45,1
A01764,S1021,CS301,lecture,CS301-L0301,2025-03-31 14:33:25,67
A01765,S1036,CS101,discussion,CS101-D0304,2025-03-21 20:50:01,71
A01766,S1036,MATH150,lecture,MATH150-L1001,2025-04-19 04:46:44,82
A01767,S1021,DS200,reading,DS200-R0904,2025-03-02 08:43:00,5
A01768,S1007,CS101,reading,CS101-R0303,2025-04-22 01:37:43,49
A01769,S1010,MATH150,reading,MATH150-R0701,2025-03-25 10:09:26,47
A01770,S1005,CS301,reading,CS301-R0504,2025-02-04 01:53:43,4
A01771,S1019,MATH150,video,MATH150-V0202,2025-03-24 20:09:28,78
A01772,S1039,CS101,reading,CS101-R0201,2025-02-27 12:33:20,43
A01773,S1021,CS101,video,CS101-V1002,2025-03-30 09:36:56,11
A01774,S1015,CS101,reading,CS101-R0505,2025-04-16 03:49:54,70
A01775,S1006,DS400,discussion,DS400-D0903,2025-04-30 20:48:10,71
A01776,S1043,MATH150,lecture,MATH150-L0701,2025-03-04 03:41:13,54
A01777,S1006,MATH150,reading,MATH150-R0102,2025-02-08 13:07:08,13
A01778,S1038,CS101,lecture,CS101-L0801,2025-03-19 10:17:40,47
A01779,S1026,DS400,lecture,DS400-L0502,2025-03-31 05:42:53,72
A01780,S1016,CS101,reading,CS101-R0302,2025-04-05 20:00:24,73
A01781,S1045,CS101,assignment,CS101-A0104,2025-02-23 01:52:33,17
A01782,S1011,DS400,video,DS400-V0701,2025-04-09 00:43:43,67
A01783,S1018,DS400,assignment,DS400-A0404,2025-03-27 00:50:29,31
A01784,S1004,CS301,video,CS301-V1004,2025-02-20 13:25:02,68
A01785,S1019,MATH150,video,MATH150-V0705,2025-03-13 19:53:25,75
A01786,S1019,MATH150,video,MATH150-V1001,2025-04-11 12:07:55,54
A01787,S1017,DS400,quiz,DS400-Q0101,2025-03-13 05:54:49,76
A01788,S1013,MATH150,assignment,MATH150-A0305,2025-02-19 18:30:38,83
A01789,S1038,CS101,assignment,CS101-A0402,2025-04-11 21:50:04,6
A01790,S1015,DS200,assignment,DS200-A0101,2025-04-09 06:55:11,51
A01791,S1009,DS200,reading,DS200-R0205,2025-02-02 03:29:28,84
A01792,S1014,CS101,assignment,CS101-A0104,2025-02-12 06:08:44,44
A01793,S1014,CS301,video,CS301-V0301,2025-04-27 05:22:44,48
A01794,S1021,CS301,quiz,CS301-Q0903,2025-03-16 22:08:59,85
A01795,S1013,DS200,video,DS200-V0703,2025-02-20 02:59:56,86
A01796,S1043,DS200,quiz,DS200-Q0803,2025-03-16 08:15:35,7
A01797,S1017,CS101,quiz,CS101-Q0802,2025-02-07 20:00:31,8
A01798,S1048,CS301,discussion,CS301-D0502,2025-03-14 00:13:39,15
A01799,S1019,DS200,reading,DS200-R0502,2025-03-15 05:55:56,2
A01800,S1031,DS400,lecture,DS400-L1004,2025-03-07 15:27:30,39
A01801,S1042,DS200,quiz,DS200-Q0403,2025-04-24 09:01:39,62
A01802,S1025,MATH150,video,MATH150-V0802,2025-03-16 09:50:26,18
A01803,S1002,DS200,assignment,DS200-A0804,2025-02-23 02:56:10,71
A01804,S1033,DS200,lecture,DS200-L0503,2025-03-24 13:20:22,33
A01805,S1045,CS101,reading,CS101-R0903,2025-04-15 08:10:13,52
A01806,S1002,CS101,discussion,CS101-D0202,2025-04-30 03:13:28,37
A01807,S1017,DS200,assignment,DS200-A0905,2025-03-29 15:24:23,68
A01808,S1012,CS301,discussion,CS301-D0102,2025-02-03 18:31:37,42
A01809,S1050,DS400,quiz,DS400-Q1003,2025-02-02 00:19:43,62
A01810,S1013,DS200,lecture,DS200-L0504,2025-02-26 06:11:19,90
A01811,S1018,DS400,video,DS400-V0705,2025-03-28 17:58:24,73
A01812,S1023,CS101,quiz,CS101-Q0805,2025-02-20 22:15:53,32
A01813,S1021,CS101,reading,CS101-R0604,2025-04-16 13:21:09,31
A01814,S1035,MATH150,quiz,MATH150-Q0404,2025-03-28 11:29:41,3
A01815,S1045,CS101,lecture,CS101-L1002,2025-02-24 07:54:14,53
A01816,S1003,DS200,quiz,DS200-Q0705,2025-04-14 14:01:26,10
A01817,S1007,DS400,quiz,DS400-Q0302,2025-04-14 12:38:50,28
A01818,S1014,MATH150,lecture,MATH150-L0103,2025-02-03 00:11:00,76
A01819,S1027,CS101,reading,CS101-R1004,2025-04-29 14:00:20,27
A01820,S1006,MATH150,video,MATH150-V1001,2025-02-10 22:49:12,33
A01821,S1039,DS400,assignment,DS400-A0401,2025-03-20 02:06:53,89
A01822,S1018,DS400,video,DS400-V0104,2025-04-22 04:49:33,28
A01823,S1027,MATH150,lecture,MATH150-L0205,2025-03-30 11:07:57,30
A01824,S1037,MATH150,lecture,MATH150-L0703,2025-03-08 12:33:43,58
A01825,S1036,DS200,lecture,DS200-L0205,2025-02-03 22:42:04,86
A01826,S1018,DS200,video,DS200-V0302,2025-04-14 11:22:00,6
A01827,S1047,DS200,video,DS200-V0402,2025-02-14 17:58:17,38
A01828,S1030,CS101,assignment,CS101-A0802,2025-04-02 22:28:32,18
A01829,S1003,CS101,assignment,CS101-A0403,2025-04-03 18:14:44,39
A01830,S1044,CS301,video,CS301-V0202,2025-03-19 20:47:47,49
A01831,S1001,DS200,reading,DS200-R0105,2025-02-18 20:55:41,88
A01832,S1027,CS101,lecture,CS101-L0302,2025-02-08 23:31:27,20
A01833,S1027,CS101,quiz,CS101-Q0402,2025-02-27 17:04:36,67
A01834,S1046,DS400,assignment,DS400-A0905,2025-04-30 03:41:21,75
A01835,S1022,CS301,video,CS301-V1005,2025-04-07 00:02:27,73
A01836,S1014,CS301,quiz,CS301-Q0305,2025-04-24 02:33:16,57
A01837,S1018,MATH150,reading,MATH150-R1002,2025-05-02 19:09:30,3
A01838,S1013,CS301,reading,CS301-R0705,2025-03-19 00:08:50,12
A01839,S1038,CS101,assignment,CS101-A0301,2025-02-24 04:15:12,90
A01840,S1035,CS101,discussion,CS101-D0804,2025-05-01 03:49:29,84
A01841,S1038,DS200,lecture,DS200-L0902,2025-03-26 04:56:44,30
A01842,S1009,DS200,lecture,DS200-L0905,2025-03-26 15:46:10,10
A01843,S1016,DS400,discussion,DS400-D0203,2025-03-24 20:26:27,69
A01844,S1006,MATH150,reading,MATH150-R0605,2025-02-15 02:14:52,23
A01845,S1003,CS301,quiz,CS301-Q0402,2025-04-20 19:44:54,29
A01846,S1045,CS101,discussion,CS101-D0305,2025-03-16 19:40:13,10
A01847,S1028,DS400,lecture,DS400-L0604,2025-02-17 20:33:07,88
A01848,S1018,MATH150,lecture,MATH150-L0101,2025-04-18 14:34:05,4
A01849,S1050,CS101,assignment,CS101-A0101,2025-03-05 04:23:49,22
A01850,S1049,DS400,lecture,DS400-L0202,2025-03-20 13:13:25,13
A01851,S1029,DS400,assignment,DS400-A0601,2025-04-19 07:51:13,81
A01852,S1048,DS400,lecture,DS400-L0303,2025-03-04 05:54:17,49
A01853,S1044,CS101,discussion,CS101-D0503,2025-02-27 04:38:35,21
A01854,S1006,DS400,video,DS400-V1005,2025-03-26 07:14:52,62
A01855,S1019,CS301,discussion,CS301-D0202,2025-02-18 22:23:39,37
A01856,S1033,DS400,lecture,DS400-L0604,2025-03-19 09:28:55,6
A01857,S1033,CS301,quiz,CS301-Q0101,2025-04-01 01:11:23,7
A01858,S1001,MATH150,video,MATH150-V0703,2025-04-04 16:28:09,44
A01859,S1006,MATH150,assignment,MATH150-A0903,2025-03-25 07:59:49,20
A01860,S1026,CS301,discussion,CS301-D0202,2025-03-13 23:13:15,20
A01861,S1018,DS400,video,DS400-V0603,2025-04-07 01:55:19,7
A01862,S1024,MATH150,video,MATH150-V1004,2025-04-13 17:00:57,6
A01863,S1036,CS101,assignment,CS101-A0801,2025-03-13 08:40:46,27
A01864,S1016,CS301,discussion,CS301-D1005,2025-03-18 12:51:30,80
A01865,S1023,CS101,discussion,CS101-D0902,2025-02-14 01:58:59,9
A01866,S1004,MATH150,lecture,MATH150-L0204,2025-02-26 10:01:38,68
A01867,S1008,DS400,discussion,DS400-D0103,2025-04-03 14:37:44,34
A01868,S1042,DS200,discussion,DS200-D0804,2025-04-28 08:31:55,32
A01869,S1034,DS200,quiz,DS200-Q0405,2025-04-05 18:16:30,9
A01870,S1026,MATH150,video,MATH150-V0301,2025-02-15 14:38:48,90
A01871,S1026,DS400,assignment,DS400-A0502,2025-03-24 12:37:45,74
A01872,S1042,MATH150,quiz,MATH150-Q0502,2025-02-03 21:10:54,32
A01873,S1027,DS200,reading,DS200-R0904,2025-02-22 15:17:19,14
A01874,S1020,MATH150,lecture,MATH150-L0801,2025-04-22 16:24:37,50
A01875,S1019,CS301,video,CS301-V0603,2025-04-16 10:23:48,38
A01876,S1003,DS200,quiz,DS200-Q0403,2025-03-06 21:01:17,70
A01877,S1044,DS200,reading,DS200-R0401,2025-04-07 19:01:35,11
A01878,S1031,CS301,reading,CS301-R0703,2025-04-26 16:03:26,38
A01879,S1033,DS400,discussion,DS400-D0901,2025-04-17 19:54:06,29
A01880,S1047,CS101,reading,CS101-R0405,2025-04-10 13:59:58,65
A01881,S1034,DS200,reading,DS200-R0602,2025-03-19 02:02:41,79
A01882,S1045,CS101,assignment,CS101-A0601,2025-03-01 23:57:59,88
A01883,S1041,CS101,reading,CS101-R0402,2025-05-01 20:29:33,28
A01884,S1014,MATH150,video,MATH150-V0903,2025-03-30 21:01:04,41
A01885,S1046,CS101,quiz,CS101-Q0402,2025-04-21 02:55:13,14
A01886,S1006,CS101,assignment,CS101-A1004,2025-03-24 23:05:13,60
A01887,S1047,CS101,discussion,CS101-D0105,2025-02-21 03:44:27,31
A01888,S1038,CS101,assignment,CS101-A0404,2025-02-22 22:03:53,18
A01889,S1026,MATH150,video,MATH150-V0104,2025-04-25 20:47:07,5
A01890,S1047,CS101,lecture,CS101-L1005,2025-03-22 02:14:31,42
A01891,S1025,CS101,quiz,CS101-Q0904,2025-04-18 11:55:30,71
A01892,S1047,DS400,lecture,DS400-L0102,2025-02-22 03:14:24,4
A01893,S1002,DS400,lecture,DS400-L0604,2025-02-12 17:56:18,71
A01894,S1009,DS400,discussion,DS400-D0102,2025-04-09 17:00:22,49
A01895,S1022,CS301,assignment,CS301-A0803,2025-04-13 16:13:37,37
A01896,S1039,CS101,assignment,CS101-A0701,2025-04-28 12:47:23,80
A01897,S1044,DS200,quiz,DS200-Q0605,2025-04-19 18:36:41,45
A01898,S1009,CS101,lecture,CS101-L0505,2025-02-08 18:09:50,16
A01899,S1034,DS400,reading,DS400-R0205,2025-03-02 05:54:08,29
A01900,S1015,CS301,discussion,CS301-D0803,2025-04-24 05:45:32,4
A01901,S1038,DS200,quiz,DS200-Q0402,2025-04-21 23:53:18,21
A01902,S1014,DS400,discussion,DS400-D0902,2025-02-09 00:11:47,31
A01903,S1029,MATH150,reading,MATH150-R0604,2025-02-09 07:45:12,12
A01904,S1017,CS101,assignment,CS101-A0502,2025-03-24 07:52:05,69
A01905,S1027,CS101,reading,CS101-R0103,2025-02-24 22:41:13,64
A01906,S1026,CS301,quiz,CS301-Q0105,2025-04-10 05:19:54,13
A01907,S1008,DS200,quiz,DS200-Q0101,2025-02-20 14:30:18,8
A01908,S1034,DS200,reading,DS200-R0704,2025-04-28 18:03:07,78
A01909,S1006,CS101,quiz,CS101-Q0304,2025-02-08 22:16:51,42
A01910,S1048,DS200,lecture,DS200-L0302,2025-02-26 12:51:04,44
A01911,S1023,CS101,quiz,CS101-Q0905,2025-02-19 16:17:15,56
A01912,S1037,CS101,quiz,CS101-Q0804,2025-04-16 22:57:55,72
A01913,S1042,DS200,discussion,DS200-D0405,2025-04-23 14:12:29,34
A01914,S1019,CS101,lecture,CS101-L0403,2025-04-29 21:35:48,71
A01915,S1001,DS400,quiz,DS400-Q0403,2025-03-02 20:20:30,31
A01916,S1031,DS400,assignment,DS400-A0902,2025-03-13 10:22:11,6
A01917,S1014,DS200,assignment,DS200-A0605,2025-04-13 03:38:07,16
A01918,S1004,CS101,assignment,CS101-A0604,2025-04-09 23:19:24,89
A01919,S1002,DS400,lecture,DS400-L0903,2025-03-28 16:13:00,75
A01920,S1046,CS101,reading,CS101-R0505,2025-02-19 12:29:56,3
A01921,S1046,CS301,reading,CS301-R1002,2025-03-12 23:38:45,77
A01922,S1046,DS400,discussion,DS400-D0705,2025-03-29 11:26:55,49
A01923,S1050,MATH150,discussion,MATH150-D1005,2025-04-15 07:16:33,87
A01924,S1044,CS301,lecture,CS301-L0903,2025-02-15 23:13:18,69
A01925,S1024,DS400,quiz,DS400-Q1002,2025-02-16 03:18:05,43
A01926,S1037,CS101,reading,CS101-R0105,2025-04-29 00:34:26,40
A01927,S1037,DS400,video,DS400-V0302,2025-02-12 09:24:38,24
A01928,S1050,DS200,reading,DS200-R0304,2025-03-13 02:48:29,73
A01929,S1036,CS101,quiz,CS101-Q1001,2025-03-28 00:56:48,61
A01930,S1010,CS301,assignment,CS301-A0204,2025-04-17 00:41:20,54
A01931,S1002,CS301,video,CS301-V0403,2025-03-28 09:41:14,30
A01932,S1034,DS400,video,DS400-V0605,2025-05-01 00:23:33,47
A01933,S1042,DS200,discussion,DS200-D0305,2025-04-16 08:53:30,3
A01934,S1019,CS101,reading,CS101-R0701,2025-02-15 16:52:21,89
A01935,S1037,DS400,quiz,DS400-Q0601,2025-03-27 04:46:33,19
A01936,S1026,DS400,reading,DS400-R0902,2025-03-16 00:33:29,85
A01937,S1018,CS101,discussion,CS101-D0705,2025-03-10 14:25:09,45
A01938,S1027,CS101,video,CS101-V0105,2025-03-20 15:54:06,55
A01939,S1007,DS200,video,DS200-V0903,2025-03-29 08:38:00,44
A01940,S1049,CS101,reading,CS101-R0403,2025-03-12 13:53:42,70
A01941,S1010,DS200,discussion,DS200-D0505,2025-02-28 06:30:06,81
A01942,S1003,CS101,video,CS101-V0802,2025-02-01 23:12:17,1
A01943,S1043,DS400,quiz,DS400-Q1004,2025-04-30 23:10:43,50
A01944,S1005,CS101,lecture,CS101-L0705,2025-02-21 11:45:23,10
A01945,S1006,DS200,discussion,DS200-D0601,2025-02-06 12:34:41,9
A01946,S1025,DS400,lecture,DS400-L1003,2025-02-09 15:34:56,38
A01947,S1041,DS400,lecture,DS400-L0601,2025-03-17 20:48:39,53
A01948,S1050,DS200,assignment,DS200-A0902,2025-04-27 12:27:41,75
A01949,S1029,CS301,assignment,CS301-A0301,2025-04-13 17:53:37,48
A01950,S1015,MATH150,reading,MATH150-R0104,2025-03-16 15:42:48,57
A01951,S1039,MATH150,quiz,MATH150-Q0301,2025-04-12 05:24:03,58
A01952,S1009,CS301,quiz,CS301-Q0305,2025-02-15 04:36:31,45
A01953,S1002,DS400,lecture,DS400-L0804,2025-05-02 11:16:21,50
A01954,S1004,DS200,discussion,DS200-D1001,2025-04-17 13:05:20,34
A01955,S1002,CS301,discussion,CS301-D0903,2025-02-08 09:24:54,25
A01956,S1013,DS200,quiz,DS200-Q0401,2025-02-14 18:03:32,41
A01957,S1023,DS200,video,DS200-V0604,2025-02-12 10:14:45,60
A01958,S1035,CS101,quiz,CS101-Q0102,2025-04-25 08:30:36,22
A01959,S1044,CS101,lecture,CS101-L1002,2025-02-01 22:00:28,49
A01960,S1008,DS200,quiz,DS200-Q0405,2025-04-07 21:16:59,41
A01961,S1009,CS301,quiz,CS301-Q0905,2025-03-07 08:45:10,49
A01962,S1008,DS200,video,DS200-V0801,2025-04-29 10:02:21,86
A01963,S1035,MATH150,reading,MATH150-R0505,2025-02-06 15:31:59,22
A01964,S1038,MATH150,lecture,MATH150-L0304,2025-03-02 10:02:01,66
A01965,S1003,CS101,quiz,CS101-Q0503,2025-02-07 00:11:30,31
A01966,S1029,DS200,assignment,DS200-A0501,2025-03-12 13:10:14,61
A01967,S1035,CS101,video,CS101-V0804,2025-04-07 15:47:31,66
A01968,S1011,DS200,lecture,DS200-L0102,2025-04-04 22:02:56,12
A01969,S1032,DS400,discussion,DS400-D0301,2025-04-03 20:53:26,25
A01970,S1017,DS400,quiz,DS400-Q0305,2025-03-26 21:29:21,44
A01971,S1048,CS301,assignment,CS301-A1004,2025-02-24 13:52:09,55
A01972,S1015,DS400,video,DS400-V0205,2025-02-19 01:52:12,70
A01973,S1044,MATH150,quiz,MATH150-Q0103,2025-02-24 02:19:13,74
A01974,S1049,CS301,assignment,CS301-A0104,2025-04-19 03:31:26,90
A01975,S1038,DS400,assignment,DS400-A0704,2025-04-08 23:10:37,16
A01976,S1030,CS301,assignment,CS301-A0104,2025-04-26 10:58:38,64
A01977,S1016,CS301,discussion,CS301-D0301,2025-03-09 07:38:17,1
A01978,S1025,DS400,video,DS400-V0202,2025-02-19 09:24:07,29
A01979,S1041,MATH150,reading,MATH150-R0301,2025-03-12 01:30:47,87
A01980,S1043,MATH150,lecture,MATH150-L0605,2025-03-17 07:10:08,14
A01981,S1044,MATH150,quiz,MATH150-Q1002,2025-04-13 23:45:00,10
A01982,S1034,DS200,lecture,DS200-L1002,2025-03-05 15:48:19,73
A01983,S1026,CS301,discussion,CS301-D0105,2025-03-31 05:11:58,69
A01984,S1050,MATH150,video,MATH150-V0705,2025-04-01 23:54:29,70
A01985,S1019,DS400,lecture,DS400-L0302,2025-04-29 11:50:51,5
A01986,S1022,CS101,discussion,CS101-D0405,2025-03-15 22:14:24,77
A01987,S1046,MATH150,discussion,MATH150-D0502,2025-03-02 19:38:08,78
A01988,S1022,DS400,discussion,DS400-D0901,2025-04-05 17:10:32,11
A01989,S1019,MATH150,quiz,MATH150-Q0905,2025-03-18 07:52:33,5
A01990,S1045,CS301,lecture,CS301-L0602,2025-02-24 17:10:11,70
A01991,S1026,CS301,quiz,CS301-Q0802,2025-03-26 05:30:57,85
A01992,S1012,CS101,discussion,CS101-D0803,2025-03-10 19:26:03,10
A01993,S1040,CS101,assignment,CS101-A0804,2025-04-02 03:20:06,69
A01994,S1032,CS301,discussion,CS301-D0305,2025-03-29 15:49:26,56
A01995,S1033,CS301,assignment,CS301-A0302,2025-03-04 22:51:01,67
A01996,S1037,DS200,quiz,DS200-Q0105,2025-03-04 18:30:38,88
A01997,S1034,CS101,quiz,CS101-Q0302,2025-03-09 16:00:51,7
A01998,S1045,MATH150,lecture,MATH150-L0604,2025-03-10 20:34:41,80
A01999,S1022,CS301,discussion,CS301-D0101,2025-04-08 05:09:19,16
A02000,S1011,MATH150,discussion,MATH150-D0303,2025-04-25 15:21:05,48
A02001,S1018,MATH150,video,MATH150-V0904,2025-03-18 14:24:04,76
A02002,S1026,DS200,video,DS200-V0605,2025-03-02 10:22:37,24
A02003,S1041,DS200,assignment,DS200-A0305,2025-04-14 15:45:37,74
A02004,S1018,CS301,video,CS301-V0405,2025-04-30 09:36:52,74
A02005,S1007,MATH150,quiz,MATH150-Q0303,2025-02-09 14:25:23,88
A02006,S1044,MATH150,video,MATH150-V0903,2025-04-13 00:17:17,62
A02007,S1012,MATH150,quiz,MATH150-Q0305,2025-02-18 13:22:54,52
A02008,S1038,DS200,assignment,DS200-A0403,2025-03-25 07:18:40,78
A02009,S1044,MATH150,lecture,MATH150-L0405,2025-02-12 04:24:51,72
A02010,S1046,CS301,reading,CS301-R0601,2025-04-05 13:47:49,63
A02011,S1034,MATH150,quiz,MATH150-Q0903,2025-02-03 09:21:06,79
A02012,S1021,CS301,assignment,CS301-A0503,2025-02-23 15:21:54,1
A02013,S1013,MATH150,assignment,MATH150-A1001,2025-04-28 02:13:53,87
A02014,S1033,DS400,lecture,DS400-L0204,2025-04-01 00:41:56,62
A02015,S1011,CS101,video,CS101-V0903,2025-03-30 09:01:48,31
A02016,S1018,CS101,lecture,CS101-L0602,2025-03-12 04:14:55,40
A02017,S1006,MATH150,reading,MATH150-R0801,2025-03-05 14:20:59,42
A02018,S1013,CS101,video,CS101-V0303,2025-04-03 00:11:04,28
A02019,S1027,CS301,assignment,CS301-A0901,2025-02-24 23:51:09,55
A02020,S1029,MATH150,lecture,MATH150-L0105,2025-02-27 16:10:41,20
A02021,S1045,CS101,reading,CS101-R0201,2025-04-18 05:54:51,46
A02022,S1012,CS301,quiz,CS301-Q1005,2025-02-13 17:14:17,90
A02023,S1038,DS400,quiz,DS400-Q0901,2025-04-01 14:50:41,17
A02024,S1049,CS301,lecture,CS301-L0503,2025-02-14 11:19:31,31
A02025,S1033,DS400,discussion,DS400-D0604,2025-02-17 16:15:09,18
A02026,S1022,DS400,quiz,DS400-Q0701,2025-03-05 08:57:39,75
A02027,S1033,CS301,quiz,CS301-Q0904,2025-03-01 00:17:47,39
A02028,S1011,DS200,quiz,DS200-Q0605,2025-03-06 14:51:26,86
A02029,S1018,DS400,assignment,DS400-A0605,2025-03-14 20:10:27,47
A02030,S1021,DS400,reading,DS400-R0305,2025-02-14 09:16:37,39
A02031,S1040,CS101,lecture,CS101-L0703,2025-02-04 08:06:06,18
A02032,S1001,CS101,lecture,CS101-L0303,2025-03-10 00:55:18,82
A02033,S1015,DS400,assignment,DS400-A0401,2025-02-24 19:49:37,17
A02034,S1042,CS101,reading,CS101-R0601,2025-02-22 02:24:07,1
A02035,S1021,MATH150,quiz,MATH150-Q0105,2025-02-21 16:29:33,82
A02036,S1041,CS301,discussion,CS301-D0301,2025-03-01 10:28:57,39
A02037,S1019,DS400,discussion,DS400-D1004,2025-03-11 07:57:52,76
A02038,S1040,CS301,video,CS301-V0802,2025-03-14 22:45:19,58
A02039,S1041,CS301,assignment,CS301-A0504,2025-02-16 09:45:45,1
A02040,S1009,MATH150,discussion,MATH150-D0303,2025-03-01 19:48:43,27
A02041,S1005,DS400,video,DS400-V0305,2025-04-21 07:04:15,14
A02042,S1048,DS200,video,DS200-V0202,2025-02-21 07:22:52,78
A02043,S1010,CS101,assignment,CS101-A0505,2025-02-10 20:42:31,8
A02044,S1025,CS101,lecture,CS101-L0902,2025-03-14 04:48:11,34
A02045,S1032,DS200,video,DS200-V0904,2025-03-07 08:51:01,4
A02046,S1035,DS200,quiz,DS200-Q0705,2025-04-11 10:24:47,12
A02047,S1043,CS301,video,CS301-V0303,2025-03-20 11:35:31,60
A02048,S1021,MATH150,assignment,MATH150-A0605,2025-04-03 19:39:10,35
A02049,S1031,DS200,quiz,DS200-Q0305,2025-02-05 01:06:27,42
A02050,S1010,DS400,lecture,DS400-L0904,2025-03-11 00:00:42,85
A02051,S1036,DS200,assignment,DS200-A0204,2025-02-07 00:38:57,71
A02052,S1012,CS301,lecture,CS301-L0802,2025-02-08 00:28:34,59
A02053,S1044,DS200,video,DS200-V0802,2025-05-02 18:11:03,73
A02054,S1042,DS400,video,DS400-V0103,2025-02-19 12:31:30,23
A02055,S1010,DS400,discussion,DS400-D1002,2025-04-14 19:34:05,53
A02056,S1011,CS101,assignment,CS101-A0703,2025-04-06 16:25:20,75
A02057,S1005,MATH150,video,MATH150-V0905,2025-02-15 20:10:25,31
A02058,S1011,MATH150,assignment,MATH150-A0602,2025-04-19 12:14:53,74
A02059,S1035,DS200,reading,DS200-R0903,2025-02-27 18:33:50,54
A02060,S1008,CS301,assignment,CS301-A0804,2025-02-23 02:55:13,21
A02061,S1026,MATH150,video,MATH150-V0105,2025-03-06 03:59:45,34
A02062,S1017,DS400,quiz,DS400-Q1001,2025-02-19 09:25:44,58
A02063,S1039,DS400,quiz,DS400-Q0102,2025-03-29 07:33:09,23
A02064,S1029,CS101,video,CS101-V0103,2025-02-25 19:17:14,86
A02065,S1039,CS301,discussion,CS301-D0801,2025-02-22 16:08:03,63
A02066,S1046,MATH150,video,MATH150-V1005,2025-05-01 16:59:06,67
A02067,S1016,DS200,video,DS200-V0101,2025-02-14 22:50:14,47
A02068,S1026,CS101,discussion,CS101-D0402,2025-02-05 12:40:22,6
A02069,S1017,DS400,quiz,DS400-Q1004,2025-03-24 05:24:25,65
A02070,S1033,DS400,quiz,DS400-Q0602,2025-04-10 04:28:38,48
A02071,S1043,DS400,reading,DS400-R0302,2025-04-04 18:14:18,69
A02072,S1026,CS101,lecture,CS101-L0401,2025-02-28 21:00:57,39
A02073,S1016,CS301,assignment,CS301-A0205,2025-04-25 21:39:08,74
A02074,S1021,CS101,quiz,CS101-Q0203,2025-04-23 23:02:43,21
A02075,S1014,DS400,lecture,DS400-L0102,2025-04-05 07:01:05,74
A02076,S1011,DS400,assignment,DS400-A0601,2025-02-10 20:24:29,39
A02077,S1013,CS301,reading,CS301-R0902,2025-02-07 09:01:10,79
A02078,S1013,CS101,discussion,CS101-D0704,2025-02-09 21:30:32,27
A02079,S1044,DS400,quiz,DS400-Q0205,2025-02-13 01:17:29,19
A02080,S1026,CS101,assignment,CS101-A0302,2025-02-13 02:11:56,27
A02081,S1011,CS101,assignment,CS101-A0804,2025-03-19 04:04:20,85
A02082,S1009,CS101,lecture,CS101-L1001,2025-02-13 03:04:16,15
A02083,S1025,CS301,lecture,CS301-L0302,2025-02-05 22:26:44,16
A02084,S1040,CS101,quiz,CS101-Q0303,2025-04-07 02:50:22,68
A02085,S1049,CS301,video,CS301-V0405,2025-04-15 09:01:58,28
A02086,S1003,MATH150,discussion,MATH150-D0404,2025-03-10 19:03:02,44
A02087,S1014,DS400,lecture,DS400-L0304,2025-04-06 00:59:42,86
A02088,S1020,DS400,lecture,DS400-L0303,2025-02-18 23:21:17,13
A02089,S1006,MATH150,lecture,MATH150-L0904,2025-04-03 14:05:34,68
A02090,S1009,MATH150,lecture,MATH150-L1003,2025-02-14 22:38:45,20
A02091,S1039,MATH150,quiz,MATH150-Q0301,2025-04-24 10:14:50,76
A02092,S1013,MATH150,reading,MATH150-R0701,2025-04-21 13:26:41,84
A02093,S1001,DS200,assignment,DS200-A1005,2025-03-07 09:23:24,17
A02094,S1050,DS400,quiz,DS400-Q0101,2025-02-24 02:12:55,59
A02095,S1008,DS200,reading,DS200-R0404,2025-03-08 17:29:37,71
A02096,S1021,DS400,reading,DS400-R0703,2025-04-16 21:50:50,17
A02097,S1014,CS101,reading,CS101-R0202,2025-02-04 08:41:02,19
A02098,S1031,CS101,quiz,CS101-Q0203,2025-04-02 12:14:04,21
A02099,S1031,DS200,discussion,DS200-D0803,2025-02-07 17:27:20,22
A02100,S1039,DS400,lecture,DS400-L0801,2025-03-15 17:44:43,55
A02101,S1038,CS101,quiz,CS101-Q0402,2025-02-14 03:39:06,37
A02102,S1034,CS101,reading,CS101-R0603,2025-04-26 18:19:12,21
A02103,S1044,CS101,video,CS101-V0501,2025-02-26 02:45:45,8
A02104,S1008,CS101,discussion,CS101-D0604,2025-03-22 01:35:28,73
A02105,S1050,CS301,reading,CS301-R0703,2025-04-03 08:24:09,9
A02106,S1024,CS301,discussion,CS301-D0603,2025-03-01 13:07:31,55
A02107,S1012,DS200,reading,DS200-R0801,2025-02-15 03:49:49,33
A02108,S1030,CS301,lecture,CS301-L0201,2025-03-27 18:01:57,8
A02109,S1050,CS101,discussion,CS101-D0201,2025-02-21 23:46:54,4
A02110,S1048,CS301,discussion,CS301-D0401,2025-03-17 11:55:49,52
A02111,S1018,CS101,quiz,CS101-Q0304,2025-03-23 23:56:41,6
A02112,S1035,CS101,discussion,CS101-D0203,2025-03-17 08:17:05,14
A02113,S1010,DS400,lecture,DS400-L0203,2025-04-11 06:04:20,8
A02114,S1030,CS101,video,CS101-V0901,2025-03-13 13:00:06,58
A02115,S1007,DS200,lecture,DS200-L0802,2025-03-06 02:51:58,11
A02116,S1004,MATH150,reading,MATH150-R0903,2025-03-21 15:26:45,39
A02117,S1013,CS301,video,CS301-V0202,2025-02-04 06:41:26,3
A02118,S1037,CS301,video,CS301-V0605,2025-04-26 07:28:59,68
A02119,S1044,MATH150,quiz,MATH150-Q0704,2025-03-31 18:04:46,33
A02120,S1032,CS101,video,CS101-V0205,2025-02-02 09:39:49,43
A02121,S1013,DS200,discussion,DS200-D0702,2025-04-22 17:41:18,57
A02122,S1017,CS301,quiz,CS301-Q0702,2025-02-09 12:51:13,46
A02123,S1038,CS101,discussion,CS101-D0402,2025-04-10 18:49:32,61
A02124,S1002,CS101,lecture,CS101-L0504,2025-03-14 03:29:20,55
A02125,S1007,MATH150,reading,MATH150-R1001,2025-04-16 04:25:36,9
A02126,S1008,CS101,quiz,CS101-Q1004,2025-04-07 14:04:05,60
A02127,S1008,MATH150,lecture,MATH150-L0103,2025-03-30 17:23:23,31
A02128,S1035,DS400,lecture,DS400-L1003,2025-03-29 14:50:09,1
A02129,S1021,DS200,assignment,DS200-A0203,2025-04-19 00:50:40,23
A02130,S1003,MATH150,discussion,MATH150-D1005,2025-02-05 13:14:01,76
A02131,S1020,DS400,quiz,DS400-Q0705,2025-03-25 06:01:21,64
A02132,S1041,DS200,assignment,DS200-A0202,2025-03-18 20:22:15,76
A02133,S1029,CS101,quiz,CS101-Q0705,2025-03-27 21:45:44,38
A02134,S1007,CS301,quiz,CS301-Q0202,2025-02-22 20:54:10,63
A02135,S1019,CS101,quiz,CS101-Q0805,2025-02-27 17:09:22,32
A02136,S1015,DS200,reading,DS200-R0702,2025-02-22 08:26:26,89
A02137,S1033,DS400,discussion,DS400-D0505,2025-03-29 01:32:21,15
A02138,S1040,CS301,lecture,CS301-L0203,2025-02-17 21:44:09,56
A02139,S1043,DS200,lecture,DS200-L0404,2025-02-06 19:43:09,66
A02140,S1030,DS400,video,DS400-V0201,2025-03-13 18:01:24,8
A02141,S1011,CS101,assignment,CS101-A0501,2025-04-25 08:40:55,70
A02142,S1006,DS200,reading,DS200-R1005,2025-03-23 16:11:52,77
A02143,S1033,DS400,quiz,DS400-Q0301,2025-02-09 23:29:47,57
A02144,S1002,DS400,discussion,DS400-D1003,2025-04-07 02:18:01,66
A02145,S1002,CS101,discussion,CS101-D0703,2025-03-03 09:33:45,69
A02146,S1009,DS200,lecture,DS200-L0803,2025-03-24 13:08:54,66
A02147,S1048,DS200,discussion,DS200-D0805,2025-03-10 03:56:27,57
A02148,S1001,DS400,video,DS400-V0101,2025-02-27 01:36:21,70
A02149,S1003,CS301,quiz,CS301-Q0604,2025-04-07 14:10:44,12
A02150,S1012,DS200,quiz,DS200-Q1001,2025-03-02 22:56:27,77
A02151,S1026,CS101,assignment,CS101-A0202,2025-03-23 11:24:17,64
A02152,S1044,DS400,reading,DS400-R0305,2025-04-07 23:05:58,55
A02153,S1036,DS400,video,DS400-V0804,2025-03-30 01:09:06,86
A02154,S1031,CS101,reading,CS101-R0105,2025-03-08 07:17:58,30
A02155,S1046,CS101,reading,CS101-R0205,2025-03-14 23:48:18,15
A02156,S1023,CS301,lecture,CS301-L0805,2025-04-05 05:39:19,32
A02157,S1012,CS301,reading,CS301-R0905,2025-02-23 15:11:16,43
A02158,S1047,CS301,reading,CS301-R0204,2025-03-30 06:49:56,85
A02159,S1043,CS301,video,CS301-V0501,2025-04-28 18:34:59,78
A02160,S1027,MATH150,discussion,MATH150-D0704,2025-03-26 23:03:29,32
A02161,S1047,MATH150,discussion,MATH150-D0701,2025-02-27 15:55:21,58
A02162,S1033,MATH150,video,MATH150-V0204,2025-02-02 23:59:27,20
A02163,S1036,MATH150,lecture,MATH150-L0702,2025-02-17 09:18:12,46
A02164,S1038,DS200,assignment,DS200-A0703,2025-03-26 13:19:15,70
A02165,S1009,CS101,discussion,CS101-D1002,2025-02-27 16:33:35,69
A02166,S1026,DS400,assignment,DS400-A0902,2025-04-02 11:50:10,6
A02167,S1028,DS200,reading,DS200-R0704,2025-02-16 13:34:12,68
A02168,S1029,DS400,discussion,DS400-D0204,2025-02-04 00:19:01,80
A02169,S1005,CS101,reading,CS101-R0202,2025-04-23 10:15:28,15
A02170,S1038,DS200,reading,DS200-R1002,2025-04-22 13:24:29,27
A02171,S1046,CS301,lecture,CS301-L0402,2025-03-20 00:00:46,53
A02172,S1001,MATH150,video,MATH150-V0401,2025-05-02 00:50:15,33
A02173,S1021,DS400,discussion,DS400-D0204,2025-03-06 03:35:30,90
A02174,S1002,DS200,reading,DS200-R0503,2025-03-21 23:44:18,19
A02175,S1017,CS101,discussion,CS101-D0204,2025-03-04 17:38:53,84
A02176,S1003,DS200,assignment,DS200-A0503,2025-02-04 14:45:51,73
A02177,S1027,CS301,lecture,CS301-L0804,2025-04-29 22:05:54,9
A02178,S1050,DS400,video,DS400-V0505,2025-03-26 03:06:57,74
A02179,S1049,DS400,assignment,DS400-A0105,2025-03-26 09:38:39,1
A02180,S1026,CS301,discussion,CS301-D0301,2025-02-28 05:33:47,11
A02181,S1029,MATH150,quiz,MATH150-Q0901,2025-04-19 07:24:49,29
A02182,S1021,DS400,video,DS400-V0704,2025-02-27 14:28:55,70
A02183,S1028,DS400,assignment,DS400-A0905,2025-04-21 00:10:01,32
A02184,S1045,DS400,quiz,DS400-Q1005,2025-03-16 15:00:27,40
A02185,S1033,CS301,discussion,CS301-D0501,2025-03-05 15:39:06,44
A02186,S1038,MATH150,reading,MATH150-R0101,2025-02-13 22:08:19,79
A02187,S1009,DS400,assignment,DS400-A0301,2025-04-24 21:29:43,88
A02188,S1050,CS301,reading,CS301-R0404,2025-04-29 04:48:14,89
A02189,S1003,MATH150,lecture,MATH150-L0204,2025-02-09 12:05:29,55
A02190,S1044,CS101,video,CS101-V1005,2025-04-15 22:51:30,72
A02191,S1026,DS200,quiz,DS200-Q0602,2025-03-13 18:08:04,83
A02192,S1009,CS101,discussion,CS101-D1003,2025-03-05 16:24:51,48
A02193,S1039,CS101,quiz,CS101-Q0801,2025-02-06 15:27:26,4
A02194,S1039,DS400,reading,DS400-R0303,2025-03-25 08:44:14,75
A02195,S1017,DS200,lecture,DS200-L0504,2025-03-10 06:50:34,88
A02196,S1018,DS400,discussion,DS400-D0704,2025-03-22 04:11:33,53
A02197,S1004,MATH150,quiz,MATH150-Q0502,2025-02-03 06:22:31,40
A02198,S1021,CS301,reading,CS301-R0804,2025-03-06 20:59:20,69
A02199,S1002,DS400,quiz,DS400-Q0503,2025-02-23 07:16:11,25
A02200,S1033,DS400,lecture,DS400-L0702,2025-02-25 10:01:48,48
A02201,S1017,CS301,quiz,CS301-Q0302,2025-04-17 16:08:42,54
A02202,S1022,MATH150,lecture,MATH150-L0204,2025-04-04 07:02:46,43
A02203,S1039,DS400,reading,DS400-R0401,2025-02-02 18:15:38,89
A02204,S1044,CS301,video,CS301-V0301,2025-02-18 20:29:25,20
A02205,S1019,DS200,quiz,DS200-Q0704,2025-04-10 05:56:43,85
A02206,S1031,MATH150,quiz,MATH150-Q0303,2025-04-02 09:57:19,9
A02207,S1025,CS101,lecture,CS101-L0202,2025-03-01 03:32:28,13
A02208,S1006,MATH150,discussion,MATH150-D0505,2025-04-20 05:47:42,67
A02209,S1041,CS301,lecture,CS301-L0105,2025-02-03 07:54:38,14
A02210,S1031,DS400,discussion,DS400-D0704,2025-04-11 21:35:55,64
A02211,S1036,DS200,video,DS200-V0202,2025-03-29 23:23:21,77
A02212,S1023,CS301,lecture,CS301-L0504,2025-02-14 23:17:19,53
A02213,S1017,DS200,assignment,DS200-A0701,2025-02-16 04:06:02,15
A02214,S1011,CS101,video,CS101-V0903,2025-02-24 02:05:08,62
A02215,S1022,DS200,quiz,DS200-Q0605,2025-04-13 16:46:29,50
A02216,S1049,DS400,lecture,DS400-L0805,2025-03-07 21:18:37,82
A02217,S1011,MATH150,reading,MATH150-R0902,2025-03-03 22:43:31,17
A02218,S1008,DS400,assignment,DS400-A0405,2025-03-05 08:35:48,33
A02219,S1024,MATH150,lecture,MATH150-L0104,2025-02-26 13:52:16,40
A02220,S1042,MATH150,reading,MATH150-R0803,2025-04-14 16:42:31,19
A02221,S1013,CS101,lecture,CS101-L0302,2025-02-16 20:09:11,58
A02222,S1019,DS400,discussion,DS400-D0805,2025-04-14 01:57:51,11
A02223,S1029,CS301,quiz,CS301-Q0402,2025-04-07 09:19:05,38
A02224,S1042,DS200,quiz,DS200-Q0301,2025-02-20 11:27:05,72
A02225,S1035,CS301,assignment,CS301-A0301,2025-04-30 00:48:34,61
A02226,S1023,CS101,assignment,CS101-A0901,2025-04-20 15:50:52,9
A02227,S1039,CS301,video,CS301-V0103,2025-03-05 19:26:15,82
A02228,S1013,CS101,quiz,CS101-Q1002,2025-03-05 10:13:47,70
A02229,S1033,DS200,reading,DS200-R1002,2025-03-06 00:16:03,30
A02230,S1020,CS101,lecture,CS101-L0205,2025-02-08 13:59:42,51
A02231,S1029,CS301,discussion,CS301-D0505,2025-04-30 17:44:07,9
A02232,S1028,MATH150,video,MATH150-V0503,2025-02-26 13:42:17,86
A02233,S1024,MATH150,reading,MATH150-R0701,2025-04-23 01:17:59,69
A02234,S1014,DS400,reading,DS400-R0204,2025-04-01 09:28:31,80
A02235,S1014,CS301,assignment,CS301-A0901,2025-02-03 09:12:19,83
A02236,S1044,MATH150,video,MATH150-V1001,2025-02-16 03:39:18,69
A02237,S1030,DS400,discussion,DS400-D0505,2025-04-14 06:23:40,50
A02238,S1040,DS400,discussion,DS400-D0705,2025-03-25 02:32:28,66
A02239,S1050,DS200,assignment,DS200-A1001,2025-03-03 14:07:55,41
A02240,S1031,DS400,assignment,DS400-A0304,2025-02-12 00:47:14,36
A02241,S1029,DS200,reading,DS200-R0702,2025-02-05 09:48:42,12
A02242,S1047,DS400,discussion,DS400-D0703,2025-02-18 20:46:26,35
A02243,S1009,DS200,discussion,DS200-D0405,2025-03-17 12:24:26,21
A02244,S1034,DS200,video,DS200-V1001,2025-02-16 12:39:34,15
A02245,S1042,DS400,quiz,DS400-Q0104,2025-05-02 04:33:57,21
A02246,S1037,DS200,video,DS200-V0905,2025-05-02 14:21:35,7
A02247,S1046,DS400,discussion,DS400-D0402,2025-02-16 00:26:39,16
A02248,S1003,CS101,lecture,CS101-L0302,2025-02-18 22:24:14,1
A02249,S1002,CS101,assignment,CS101-A0904,2025-03-18 15:51:13,56
A02250,S1025,CS101,lecture,CS101-L0105,2025-04-24 13:14:18,81
A02251,S1039,DS400,assignment,DS400-A0804,2025-02-13 16:30:48,2
A02252,S1036,CS101,reading,CS101-R0403,2025-03-11 03:02:54,12
A02253,S1019,CS101,assignment,CS101-A0405,2025-03-01 23:11:24,41
A02254,S1042,DS200,assignment,DS200-A0205,2025-03-23 10:05:30,7
A02255,S1031,MATH150,quiz,MATH150-Q0902,2025-02-20 19:16:44,41
A02256,S1020,CS301,discussion,CS301-D0601,2025-02-05 06:10:36,1
A02257,S1013,CS101,quiz,CS101-Q0702,2025-02-02 05:06:01,48
A02258,S1018,MATH150,assignment,MATH150-A1004,2025-03-16 08:27:20,10
A02259,S1022,CS101,assignment,CS101-A0104,2025-03-15 21:32:27,86
A02260,S1025,CS301,reading,CS301-R0201,2025-02-03 03:18:55,83
A02261,S1026,MATH150,reading,MATH150-R0201,2025-04-11 05:33:00,29
A02262,S1019,CS101,quiz,CS101-Q0903,2025-02-11 15:16:27,52
A02263,S1040,DS400,reading,DS400-R1004,2025-02-05 22:41:38,67
A02264,S1040,CS101,reading,CS101-R0902,2025-03-15 14:39:25,54
A02265,S1036,DS200,reading,DS200-R0902,2025-03-10 13:32:40,69
A02266,S1047,DS400,discussion,DS400-D1004,2025-02-17 08:08:04,50
A02267,S1039,CS301,lecture,CS301-L0902,2025-03-26 07:04:00,56
A02268,S1036,DS400,discussion,DS400-D1001,2025-03-19 17:52:48,68
A02269,S1044,CS301,discussion,CS301-D0203,2025-02-04 20:18:35,48
A02270,S1038,CS301,video,CS301-V0604,2025-04-24 19:20:19,10
A02271,S1037,CS301,quiz,CS301-Q0105,2025-02-24 20:35:14,17
A02272,S1002,CS101,video,CS101-V0703,2025-03-18 00:06:31,81
A02273,S1034,DS400,discussion,DS400-D0304,2025-02-03 07:09:41,39
A02274,S1006,DS400,lecture,DS400-L1003,2025-02-15 09:17:07,10
A02275,S1030,MATH150,reading,MATH150-R0903,2025-02-13 07:22:10,59
A02276,S1032,CS301,reading,CS301-R0202,2025-03-21 06:41:42,38
A02277,S1025,DS400,video,DS400-V0201,2025-03-26 11:26:09,87
A02278,S1042,DS400,video,DS400-V0501,2025-04-01 22:57:13,76
A02279,S1026,DS200,quiz,DS200-Q0502,2025-02-17 16:05:16,19
A02280,S1039,CS301,reading,CS301-R0905,2025-02-09 02:24:08,58
A02281,S1004,MATH150,assignment,MATH150-A0603,2025-05-01 19:56:15,17
A02282,S1007,DS400,reading,DS400-R0503,2025-03-21 01:38:09,6
A02283,S1021,CS301,discussion,CS301-D0301,2025-04-24 21:44:10,74
A02284,S1010,DS200,reading,DS200-R0801,2025-04-11 20:03:35,74
A02285,S1002,CS101,lecture,CS101-L0702,2025-05-02 17:07:32,44
A02286,S1027,MATH150,lecture,MATH150-L0802,2025-02-22 09:13:30,18
A02287,S1018,CS301,video,CS301-V0902,2025-05-02 03:36:52,72
A02288,S1040,MATH150,assignment,MATH150-A0501,2025-02-07 13:01:57,12
A02289,S1032,DS400,assignment,DS400-A0902,2025-02-17 11:53:28,89
A02290,S1017,CS301,video,CS301-V0202,2025-03-14 14:51:47,10
A02291,S1025,DS400,reading,DS400-R0104,2025-02-08 06:30:34,8
A02292,S1023,DS400,assignment,DS400-A0101,2025-02-13 03:37:05,74
A02293,S1024,CS101,discussion,CS101-D0304,2025-04-28 21:14:31,14
A02294,S1043,CS101,reading,CS101-R0304,2025-02-09 17:22:05,6
A02295,S1048,MATH150,video,MATH150-V0801,2025-04-22 13:33:51,73
A02296,S1009,DS200,lecture,DS200-L0104,2025-02-08 18:05:17,56
A02297,S1038,MATH150,assignment,MATH150-A0101,2025-03-20 20:25:01,33
A02298,S1045,CS101,discussion,CS101-D1003,2025-03-28 09:57:17,42
A02299,S1045,MATH150,video,MATH150-V0305,2025-03-24 13:02:51,60
A02300,S1027,DS400,discussion,DS400-D1002,2025-04-26 20:59:53,53
A02301,S1023,DS200,discussion,DS200-D0503,2025-03-19 17:16:18,15
A02302,S1027,CS101,discussion,CS101-D0902,2025-03-19 21:44:24,26
A02303,S1020,DS400,lecture,DS400-L0401,2025-02-05 07:41:49,34
A02304,S1022,CS101,video,CS101-V0605,2025-04-07 08:07:45,79
A02305,S1026,DS200,assignment,DS200-A0301,2025-03-19 08:04:42,38
A02306,S1014,MATH150,quiz,MATH150-Q0505,2025-04-17 01:02:12,31
A02307,S1022,DS200,quiz,DS200-Q0901,2025-03-13 06:06:56,35
A02308,S1035,CS301,lecture,CS301-L0704,2025-02-20 16:24:36,76
A02309,S1036,DS200,assignment,DS200-A0503,2025-03-26 11:44:31,65
A02310,S1013,DS400,reading,DS400-R0303,2025-04-20 13:31:52,30
A02311,S1025,MATH150,quiz,MATH150-Q0305,2025-02-06 11:27:07,43
A02312,S1022,CS101,quiz,CS101-Q0803,2025-04-11 06:58:02,7
A02313,S1026,MATH150,quiz,MATH150-Q1003,2025-03-08 02:10:06,11
A02314,S1024,CS301,video,CS301-V0405,2025-02-19 14:48:56,2
A02315,S1039,CS101,discussion,CS101-D0603,2025-02-12 06:34:48,6
A02316,S1032,MATH150,assignment,MATH150-A0105,2025-02-11 17:56:33,30
A02317,S1007,CS101,lecture,CS101-L0805,2025-03-11 12:47:55,13
A02318,S1039,CS101,video,CS101-V0603,2025-04-11 05:44:10,57
A02319,S1044,CS301,lecture,CS301-L0302,2025-04-04 09:53:36,4
A02320,S1026,DS400,reading,DS400-R0403,2025-04-22 06:00:28,35
A02321,S1045,CS101,assignment,CS101-A0301,2025-04-29 13:41:37,11
A02322,S1043,DS200,video,DS200-V0803,2025-04-19 01:57:12,73
A02323,S1023,CS101,lecture,CS101-L0304,2025-04-16 14:47:50,90
A02324,S1004,CS101,reading,CS101-R0203,2025-02-22 16:58:37,24
A02325,S1023,DS400,reading,DS400-R0805,2025-03-06 20:40:49,5
A02326,S1029,MATH150,lecture,MATH150-L0801,2025-04-17 03:28:11,57
A02327,S1046,DS200,video,DS200-V0805,2025-03-27 08:15:12,7
A02328,S1023,DS400,assignment,DS400-A0601,2025-05-01 13:25:50,30
A02329,S1043,CS101,lecture,CS101-L0104,2025-03-01 19:39:16,87
A02330,S1040,DS200,reading,DS200-R0102,2025-04-09 20:48:37,75
A02331,S1008,CS101,reading,CS101-R0602,2025-02-04 22:10:08,28
A02332,S1028,CS101,discussion,CS101-D1003,2025-02-08 03:00:37,10
A02333,S1035,MATH150,assignment,MATH150-A1001,2025-02-23 08:46:53,84
A02334,S1022,DS400,discussion,DS400-D0305,2025-03-08 17:51:43,45
A02335,S1049,DS200,reading,DS200-R1003,2025-02-16 02:18:49,6
A02336,S1024,CS301,lecture,CS301-L0101,2025-03-13 10:36:08,63
A02337,S1037,DS400,lecture,DS400-L0104,2025-03-29 07:54:05,55
A02338,S1036,CS101,lecture,CS101-L0904,2025-04-12 11:57:24,57
A02339,S1031,MATH150,lecture,MATH150-L0404,2025-03-22 12:13:57,35
A02340,S1045,DS200,assignment,DS200-A0402,2025-03-29 05:45:53,37
A02341,S1020,DS400,assignment,DS400-A0602,2025-02-03 20:43:12,1
A02342,S1026,CS301,quiz,CS301-Q0702,2025-03-06 07:36:29,42
A02343,S1001,DS200,video,DS200-V0601,2025-02-08 22:44:41,64
A02344,S1014,CS301,reading,CS301-R0502,2025-04-30 03:23:01,51
A02345,S1012,MATH150,lecture,MATH150-L0805,2025-02-26 14:35:07,24
A02346,S1038,CS101,assignment,CS101-A0305,2025-04-11 01:46:03,20
A02347,S1015,DS200,reading,DS200-R0601,2025-02-08 15:26:27,2
A02348,S1048,CS101,discussion,CS101-D0104,2025-04-24 07:46:29,87
A02349,S1003,MATH150,video,MATH150-V0105,2025-03-27 20:00:01,53
A02350,S1033,MATH150,video,MATH150-V0102,2025-04-28 22:23:01,15
A02351,S1006,CS301,quiz,CS301-Q0802,2025-04-20 00:25:37,18
A02352,S1040,CS101,reading,CS101-R0604,2025-03-06 07:23:43,73
A02353,S1036,DS400,quiz,DS400-Q0605,2025-04-26 10:30:38,24
A02354,S1006,DS200,discussion,DS200-D1004,2025-03-04 03:12:14,22
A02355,S1026,CS101,video,CS101-V0404,2025-04-08 00:33:13,23
A02356,S1001,DS200,quiz,DS200-Q0603,2025-03-24 10:09:10,24
A02357,S1005,MATH150,quiz,MATH150-Q0801,2025-04-10 08:10:01,77
A02358,S1009,CS101,quiz,CS101-Q0201,2025-04-20 15:44:51,45
A02359,S1011,DS200,assignment,DS200-A0901,2025-02-19 10:31:44,25
A02360,S1028,DS200,lecture,DS200-L1002,2025-02-08 10:16:14,46
A02361,S1034,CS101,discussion,CS101-D1004,2025-04-13 01:08:48,1
A02362,S1044,MATH150,discussion,MATH150-D0204,2025-02-12 04:53:34,15
A02363,S1033,CS301,video,CS301-V0903,2025-03-06 03:16:38,71
A02364,S1036,CS101,assignment,CS101-A1003,2025-03-29 02:44:00,60
A02365,S1045,CS301,video,CS301-V0204,2025-03-27 20:31:46,67
A02366,S1003,CS101,reading,CS101-R0404,2025-03-25 19:30:52,90
A02367,S1039,DS200,lecture,DS200-L0904,2025-04-01 23:11:52,20
A02368,S1033,DS400,quiz,DS400-Q0305,2025-02-28 16:18:38,43
A02369,S1020,CS101,assignment,CS101-A0205,2025-02-15 06:43:36,22
A02370,S1047,CS301,video,CS301-V0101,2025-02-19 02:50:19,71
A02371,S1014,DS400,reading,DS400-R0902,2025-04-03 13:54:54,30
A02372,S1009,DS200,lecture,DS200-L0501,2025-02-28 19:22:15,36
A02373,S1032,MATH150,assignment,MATH150-A0402,2025-05-02 15:17:39,68
A02374,S1048,CS101,lecture,CS101-L0703,2025-03-29 22:04:20,78
A02375,S1046,DS200,assignment,DS200-A0102,2025-04-14 07:16:32,81
A02376,S1048,CS101,video,CS101-V0102,2025-02-06 19:04:58,36
A02377,S1046,DS200,video,DS200-V0302,2025-04-12 11:30:56,57
A02378,S1032,MATH150,video,MATH150-V0202,2025-03-10 01:55:01,25
A02379,S1003,DS200,discussion,DS200-D0204,2025-03-06 10:36:57,7
A02380,S1027,MATH150,quiz,MATH150-Q0401,2025-04-09 02:31:28,8
A02381,S1023,DS400,video,DS400-V0804,2025-03-18 11:52:06,46
A02382,S1026,DS400,lecture,DS400-L1005,2025-02-23 15:27:15,17
A02383,S1050,CS101,assignment,CS101-A0102,2025-03-31 22:52:02,12
A02384,S1027,CS101,quiz,CS101-Q0504,2025-04-26 20:57:44,78
A02385,S1003,DS200,discussion,DS200-D0902,2025-02-13 10:59:18,4
A02386,S1017,DS200,assignment,DS200-A0903,2025-02-08 08:46:09,80
A02387,S1025,CS301,video,CS301-V0305,2025-02-09 18:02:30,26
A02388,S1008,CS301,quiz,CS301-Q0105,2025-02-07 07:07:42,47
A02389,S1026,DS400,reading,DS400-R0704,2025-03-18 13:58:44,6
A02390,S1025,DS200,assignment,DS200-A0702,2025-02-10 00:55:20,74
A02391,S1033,CS301,reading,CS301-R0601,2025-03-03 07:25:30,75
A02392,S1019,MATH150,reading,MATH150-R0104,2025-03-15 18:21:32,51
A02393,S1013,MATH150,discussion,MATH150-D0402,2025-03-28 23:25:10,54
A02394,S1023,CS101,reading,CS101-R1004,2025-02-18 02:42:14,59
A02395,S1013,DS200,video,DS200-V0702,2025-03-15 23:50:44,16
A02396,S1006,MATH150,video,MATH150-V0502,2025-04-19 04:02:35,53
A02397,S1043,DS200,assignment,DS200-A0605,2025-04-10 09:23:10,42
A02398,S1018,DS200,lecture,DS200-L0905,2025-04-04 15:27:14,6
A02399,S1035,CS301,discussion,CS301-D1001,2025-04-14 17:01:47,80
A02400,S1027,DS200,assignment,DS200-A0403,2025-04-30 23:24:49,11
A02401,S1043,DS400,discussion,DS400-D0703,2025-02-23 06:58:05,26
A02402,S1036,MATH150,video,MATH150-V0303,2025-03-18 14:58:38,24
A02403,S1024,CS101,reading,CS101-R0902,2025-02-23 17:00:37,32
A02404,S1017,DS200,lecture,DS200-L0401,2025-02-09 12:16:34,47
A02405,S1043,DS400,quiz,DS400-Q0701,2025-03-10 04:05:14,35
A02406,S1024,CS301,assignment,CS301-A0705,2025-04-08 10:06:52,35
A02407,S1032,MATH150,quiz,MATH150-Q0705,2025-04-12 00:15:12,35
A02408,S1047,MATH150,video,MATH150-V0602,2025-03-16 06:14:41,48
A02409,S1037,CS301,reading,CS301-R0704,2025-04-13 13:35:58,77
A02410,S1050,DS400,quiz,DS400-Q0204,2025-02-22 03:02:57,36
A02411,S1009,CS101,video,CS101-V0603,2025-03-09 18:56:46,3
A02412,S1035,CS101,discussion,CS101-D0605,2025-05-01 21:50:31,40
A02413,S1033,CS101,reading,CS101-R0304,2025-03-31 17:34:37,19
A02414,S1021,MATH150,discussion,MATH150-D0704,2025-03-03 04:50:21,58
A02415,S1012,CS101,video,CS101-V0104,2025-04-27 08:26:31,36
A02416,S1009,DS200,reading,DS200-R1001,2025-02-27 16:02:23,24
A02417,S1025,CS101,reading,CS101-R0103,2025-04-06 01:05:06,70
A02418,S1038,DS200,video,DS200-V0304,2025-04-22 03:41:24,15
A02419,S1020,MATH150,reading,MATH150-R0401,2025-03-17 20:02:17,73
A02420,S1027,DS200,assignment,DS200-A0802,2025-02-11 23:50:42,88
A02421,S1002,CS101,discussion,CS101-D0204,2025-03-25 09:50:58,46
A02422,S1011,DS200,lecture,DS200-L0203,2025-04-13 17:41:28,71
A02423,S1029,CS101,discussion,CS101-D0503,2025-02-17 01:24:24,27
A02424,S1024,MATH150,assignment,MATH150-A0304,2025-04-29 04:51:55,65
A02425,S1030,MATH150,reading,MATH150-R0801,2025-02-12 18:54:11,64
A02426,S1013,DS200,assignment,DS200-A0105,2025-03-13 18:26:36,44
A02427,S1048,DS200,video,DS200-V0804,2025-03-17 20:24:49,17
A02428,S1037,CS301,quiz,CS301-Q0604,2025-02-20 03:41:49,25
A02429,S1030,CS101,lecture,CS101-L0501,2025-04-05 13:31:42,6
A02430,S1049,MATH150,video,MATH150-V0805,2025-02-07 23:27:02,4
A02431,S1024,MATH150,assignment,MATH150-A0901,2025-02-05 09:39:56,4
A02432,S1010,CS301,assignment,CS301-A0302,2025-02-08 06:02:49,40
A02433,S1012,MATH150,quiz,MATH150-Q0401,2025-03-15 04:13:55,4
A02434,S1039,MATH150,video,MATH150-V1001,2025-04-17 13:22:59,28
A02435,S1049,CS301,discussion,CS301-D0204,2025-02-17 20:11:16,5
A02436,S1013,CS101,video,CS101-V0705,2025-03-07 10:50:42,45
A02437,S1046,DS200,discussion,DS200-D0702,2025-04-30 21:11:12,4
A02438,S1039,DS200,discussion,DS200-D0802,2025-03-07 06:25:56,17
A02439,S1047,MATH150,discussion,MATH150-D0602,2025-05-01 04:19:05,31
A02440,S1010,DS200,video,DS200-V0802,2025-04-10 18:26:13,79
A02441,S1013,DS400,discussion,DS400-D1002,2025-02-02 00:14:38,37
A02442,S1024,CS301,assignment,CS301-A0403,2025-02-23 18:22:58,17
A02443,S1015,CS301,quiz,CS301-Q0205,2025-03-07 20:30:12,5
A02444,S1031,CS301,lecture,CS301-L0105,2025-03-18 10:44:25,6
A02445,S1033,DS200,quiz,DS200-Q1004,2025-04-19 08:53:38,16
A02446,S1049,DS400,video,DS400-V0404,2025-02-05 14:48:37,13
A02447,S1001,CS301,lecture,CS301-L0304,2025-02-11 13:25:19,46
A02448,S1042,DS400,video,DS400-V0905,2025-04-04 05:52:18,24
A02449,S1046,CS101,quiz,CS101-Q0703,2025-03-25 17:32:39,34
A02450,S1050,CS301,quiz,CS301-Q0403,2025-03-16 20:17:45,34
A02451,S1009,DS200,video,DS200-V0402,2025-02-15 14:57:27,21
A02452,S1046,DS400,lecture,DS400-L0205,2025-03-02 05:25:15,33
A02453,S1010,MATH150,discussion,MATH150-D1002,2025-04-12 12:29:01,86
A02454,S1044,DS200,video,DS200-V0604,2025-02-07 10:07:04,49
A02455,S1012,DS400,reading,DS400-R0403,2025-04-06 13:43:31,7
A02456,S1025,DS200,assignment,DS200-A0802,2025-02-08 08:16:32,83
A02457,S1008,DS400,lecture,DS400-L0504,2025-04-09 06:00:06,63
A02458,S1018,CS101,video,CS101-V0104,2025-04-07 19:48:50,41
A02459,S1015,DS400,reading,DS400-R0205,2025-03-05 07:48:15,20
A02460,S1001,CS101,video,CS101-V0702,2025-03-12 20:00:18,85
A02461,S1004,DS400,reading,DS400-R0702,2025-03-29 07:14:36,61
A02462,S1043,MATH150,quiz,MATH150-Q0203,2025-04-13 19:06:29,36
A02463,S1031,CS101,reading,CS101-R0603,2025-03-29 02:02:20,10
A02464,S1012,CS101,reading,CS101-R0204,2025-04-12 19:31:56,35
A02465,S1005,CS101,discussion,CS101-D0603,2025-03-15 10:51:20,35
A02466,S1002,DS400,assignment,DS400-A0205,2025-04-12 20:44:10,49
A02467,S1038,DS200,discussion,DS200-D0604,2025-03-26 23:48:41,64
A02468,S1023,DS200,lecture,DS200-L0801,2025-04-21 15:09:59,18
A02469,S1002,MATH150,video,MATH150-V0702,2025-04-07 14:21:51,2
A02470,S1005,DS400,assignment,DS400-A0801,2025-02-15 01:43:27,85
A02471,S1006,DS200,reading,DS200-R0202,2025-03-29 08:47:19,32
A02472,S1049,CS301,discussion,CS301-D0704,2025-03-25 12:31:46,73
A02473,S1042,CS301,quiz,CS301-Q0105,2025-03-24 16:06:58,61
A02474,S1014,CS101,video,CS101-V0704,2025-04-29 14:13:26,62
A02475,S1015,CS101,discussion,CS101-D0302,2025-03-16 09:11:16,84
A02476,S1025,CS101,quiz,CS101-Q0605,2025-03-25 08:53:19,69
A02477,S1040,CS301,assignment,CS301-A0904,2025-03-08 02:06:59,31
A02478,S1041,DS200,assignment,DS200-A1003,2025-02-21 13:59:07,15
A02479,S1039,CS101,assignment,CS101-A0703,2025-03-03 20:24:14,25
A02480,S1002,DS400,assignment,DS400-A1003,2025-02-19 12:17:29,30
A02481,S1008,DS200,lecture,DS200-L0301,2025-03-30 18:37:20,9
A02482,S1023,CS101,reading,CS101-R0804,2025-02-28 07:24:04,37
A02483,S1037,CS301,reading,CS301-R0801,2025-04-11 21:35:50,7
A02484,S1001,DS200,quiz,DS200-Q0904,2025-03-12 06:50:27,40
A02485,S1020,DS400,assignment,DS400-A0704,2025-03-12 19:07:19,39
A02486,S1037,CS301,discussion,CS301-D0803,2025-04-28 18:41:25,12
A02487,S1027,DS200,quiz,DS200-Q0604,2025-04-09 22:12:04,5
A02488,S1017,MATH150,lecture,MATH150-L0104,2025-02-25 14:06:06,46
A02489,S1021,DS200,quiz,DS200-Q0401,2025-03-31 01:04:35,50
A02490,S1018,DS400,quiz,DS400-Q1002,2025-03-18 23:03:47,57
A02491,S1006,CS101,assignment,CS101-A1003,2025-02-15 04:58:54,73
A02492,S1045,CS301,video,CS301-V0602,2025-02-06 16:22:28,89
A02493,S1024,DS400,quiz,DS400-Q0102,2025-03-09 14:26:37,45
A02494,S1008,DS200,discussion,DS200-D0304,2025-03-14 00:30:35,87
A02495,S1014,CS301,reading,CS301-R0401,2025-04-25 17:19:04,41
A02496,S1040,MATH150,discussion,MATH150-D1005,2025-04-24 11:25:23,73
A02497,S1049,MATH150,discussion,MATH150-D0703,2025-05-02 10:44:48,37
A02498,S1027,CS301,video,CS301-V0503,2025-04-16 01:13:07,34
A02499,S1019,DS200,reading,DS200-R0501,2025-04-19 17:44:12,40
A02500,S1040,CS101,quiz,CS101-Q1005,2025-03-31 01:36:02,32
A02501,S1049,DS400,video,DS400-V0503,2025-03-30 00:30:26,58
A02502,S1019,DS200,discussion,DS200-D0504,2025-02-27 11:36:39,3
A02503,S1034,DS400,video,DS400-V0302,2025-02-06 12:10:39,76
A02504,S1022,DS400,quiz,DS400-Q0305,2025-04-13 01:31:16,62
A02505,S1047,DS200,discussion,DS200-D0905,2025-03-30 10:34:04,35
A02506,S1007,DS200,video,DS200-V0201,2025-04-29 16:36:01,74
A02507,S1029,DS200,lecture,DS200-L0301,2025-04-26 09:51:08,62
A02508,S1049,CS101,quiz,CS101-Q0603,2025-04-30 04:18:05,67
A02509,S1023,DS200,reading,DS200-R0703,2025-03-06 13:26:32,61
A02510,S1038,DS200,video,DS200-V0102,2025-02-02 20:36:05,6
A02511,S1020,MATH150,discussion,MATH150-D0703,2025-03-10 21:53:18,9
A02512,S1010,DS400,video,DS400-V1001,2025-04-22 18:33:45,4
A02513,S1010,MATH150,lecture,MATH150-L0301,2025-02-21 16:22:24,60
A02514,S1022,CS301,reading,CS301-R0905,2025-03-11 21:26:03,25
A02515,S1022,DS400,reading,DS400-R0801,2025-03-27 19:02:53,56
A02516,S1006,DS400,discussion,DS400-D0401,2025-02-27 05:18:45,47
A02517,S1036,MATH150,video,MATH150-V0503,2025-03-12 08:57:04,50
A02518,S1015,CS101,lecture,CS101-L0405,2025-03-27 08:13:10,48
A02519,S1004,DS200,reading,DS200-R0302,2025-04-23 08:12:04,53
A02520,S1011,DS200,lecture,DS200-L0402,2025-03-03 23:20:30,59
A02521,S1019,DS200,reading,DS200-R0702,2025-04-06 13:34:14,14
A02522,S1002,MATH150,video,MATH150-V0805,2025-03-14 05:32:32,65
A02523,S1048,CS301,discussion,CS301-D0101,2025-03-27 11:34:20,84
A02524,S1021,DS200,discussion,DS200-D0504,2025-04-16 00:09:22,75
A02525,S1004,DS200,assignment,DS200-A0204,2025-03-16 09:53:55,37
A02526,S1005,CS301,reading,CS301-R0401,2025-03-03 04:51:54,27
A02527,S1021,CS101,video,CS101-V0405,2025-04-19 22:56:16,47
A02528,S1004,DS200,video,DS200-V0905,2025-03-01 02:08:38,55
A02529,S1026,MATH150,video,MATH150-V0803,2025-04-13 17:33:32,21
A02530,S1013,DS200,video,DS200-V0902,2025-04-03 10:02:19,30
A02531,S1001,DS200,lecture,DS200-L0303,2025-03-12 19:57:31,74
A02532,S1007,DS200,video,DS200-V0102,2025-02-04 00:06:40,29
A02533,S1013,MATH150,quiz,MATH150-Q0804,2025-02-08 10:43:35,89
A02534,S1008,CS301,quiz,CS301-Q0601,2025-03-16 08:28:00,55
A02535,S1010,CS301,discussion,CS301-D1003,2025-04-15 18:39:29,41
A02536,S1016,CS101,video,CS101-V0503,2025-02-22 07:40:51,8
A02537,S1006,DS200,video,DS200-V1005,2025-04-17 14:10:57,34
A02538,S1032,DS200,video,DS200-V0102,2025-02-28 04:03:33,17
A02539,S1003,DS200,discussion,DS200-D0504,2025-02-08 11:36:47,75
A02540,S1048,CS101,lecture,CS101-L0802,2025-02-17 17:41:25,85
A02541,S1009,MATH150,lecture,MATH150-L0601,2025-03-16 12:40:38,53
A02542,S1017,DS400,quiz,DS400-Q0204,2025-04-05 05:20:38,82
A02543,S1045,CS301,reading,CS301-R0504,2025-02-12 03:37:21,80
A02544,S1039,DS200,reading,DS200-R0104,2025-03-08 19:13:43,82
A02545,S1035,DS200,discussion,DS200-D0802,2025-04-19 10:32:34,87
A02546,S1031,DS200,reading,DS200-R0901,2025-02-19 08:04:24,20
A02547,S1021,DS400,lecture,DS400-L1003,2025-03-11 06:41:12,51
A02548,S1049,DS400,reading,DS400-R0505,2025-04-13 05:36:55,19
A02549,S1016,CS301,video,CS301-V0404,2025-03-29 13:03:08,10
A02550,S1012,CS101,video,CS101-V0201,2025-02-06 10:47:03,16
A02551,S1034,CS301,discussion,CS301-D0102,2025-04-10 12:47:41,45
A02552,S1045,DS400,quiz,DS400-Q1001,2025-04-07 21:13:44,10
A02553,S1030,CS101,quiz,CS101-Q0501,2025-04-20 08:15:18,81
A02554,S1015,DS400,video,DS400-V0601,2025-03-30 22:29:54,80
A02555,S1040,MATH150,assignment,MATH150-A0602,2025-03-31 22:46:49,41
A02556,S1048,CS101,quiz,CS101-Q0202,2025-02-18 21:52:36,19
A02557,S1032,CS301,assignment,CS301-A0502,2025-02-23 06:17:23,72
A02558,S1030,DS200,video,DS200-V0103,2025-04-26 02:14:29,38
A02559,S1010,DS200,lecture,DS200-L0702,2025-03-10 11:07:45,87
A02560,S1021,MATH150,discussion,MATH150-D0702,2025-05-01 02:31:00,25
A02561,S1048,CS101,assignment,CS101-A0902,2025-02-21 12:27:02,38
A02562,S1019,MATH150,quiz,MATH150-Q0103,2025-03-22 15:08:39,67
A02563,S1032,DS400,discussion,DS400-D1003,2025-02-03 00:17:24,35
A02564,S1030,CS101,video,CS101-V0103,2025-04-02 11:17:56,88
A02565,S1025,DS400,assignment,DS400-A0601,2025-04-02 07:10:09,41
A02566,S1013,CS301,quiz,CS301-Q0505,2025-04-11 00:40:57,24
A02567,S1026,CS301,assignment,CS301-A0402,2025-04-28 01:59:38,77
A02568,S1048,MATH150,quiz,MATH150-Q0403,2025-02-19 19:58:31,58
A02569,S1032,CS301,reading,CS301-R0302,2025-05-01 10:09:09,46
A02570,S1037,DS200,lecture,DS200-L0701,2025-04-28 21:02:27,52
A02571,S1023,DS400,lecture,DS400-L0305,2025-02-14 20:45:05,4
A02572,S1042,MATH150,discussion,MATH150-D0302,2025-03-31 09:37:06,37
A02573,S1008,CS101,reading,CS101-R0702,2025-02-05 22:53:21,20
A02574,S1038,MATH150,reading,MATH150-R1004,2025-02-24 10:54:09,56
A02575,S1016,CS301,assignment,CS301-A0304,2025-02-18 14:33:16,80
A02576,S1047,MATH150,assignment,MATH150-A0301,2025-03-15 18:18:38,49
A02577,S1005,MATH150,assignment,MATH150-A0505,2025-03-23 19:29:57,4
A02578,S1042,DS400,reading,DS400-R0202,2025-02-21 18:03:26,14
A02579,S1015,DS400,lecture,DS400-L0103,2025-03-29 14:12:05,69
A02580,S1015,DS200,lecture,DS200-L0202,2025-04-25 10:44:34,20
A02581,S1007,DS200,lecture,DS200-L0603,2025-03-23 12:29:05,85
A02582,S1008,MATH150,discussion,MATH150-D0304,2025-03-26 15:13:56,54
A02583,S1035,CS301,quiz,CS301-Q0501,2025-02-11 23:13:09,75
A02584,S1008,DS400,reading,DS400-R0505,2025-03-26 00:46:15,8
A02585,S1025,MATH150,reading,MATH150-R0301,2025-02-06 00:08:40,50
A02586,S1012,DS400,discussion,DS400-D0804,2025-04-04 20:13:40,68
A02587,S1031,DS200,reading,DS200-R0903,2025-04-18 04:59:34,50
A02588,S1041,CS301,reading,CS301-R0703,2025-04-18 02:58:17,16
A02589,S1039,CS301,assignment,CS301-A0302,2025-03-02 15:06:29,85
A02590,S1012,CS101,discussion,CS101-D0304,2025-04-21 09:14:51,19
A02591,S1012,CS101,video,CS101-V0301,2025-03-03 13:06:51,89
A02592,S1005,CS101,reading,CS101-R0305,2025-02-26 10:18:29,69
A02593,S1014,CS101,reading,CS101-R0805,2025-05-01 21:46:32,73
A02594,S1050,CS101,lecture,CS101-L0805,2025-03-17 05:22:38,20
A02595,S1049,CS301,discussion,CS301-D1005,2025-04-02 09:14:25,36
A02596,S1037,DS400,lecture,DS400-L0305,2025-04-10 16:06:12,26
A02597,S1008,DS400,lecture,DS400-L0102,2025-04-27 20:15:02,56
A02598,S1028,CS301,lecture,CS301-L0301,2025-02-07 22:18:00,1
A02599,S1023,DS200,assignment,DS200-A0305,2025-03-06 13:24:05,25
A02600,S1035,CS301,video,CS301-V0201,2025-03-05 02:41:36,81
A02601,S1003,MATH150,video,MATH150-V0502,2025-04-28 22:08:41,68
A02602,S1016,DS400,assignment,DS400-A0103,2025-03-27 13:51:36,89
A02603,S1011,CS301,discussion,CS301-D0305,2025-04-17 08:52:44,79
A02604,S1004,CS101,quiz,CS101-Q0705,2025-04-10 14:14:00,56
A02605,S1011,CS301,quiz,CS301-Q0402,2025-02-19 02:05:19,72
A02606,S1014,DS400,discussion,DS400-D0702,2025-02-22 16:43:25,62
A02607,S1027,CS101,discussion,CS101-D0601,2025-04-28 15:06:01,81
A02608,S1035,CS301,video,CS301-V0704,2025-02-12 01:01:19,32
A02609,S1028,DS400,reading,DS400-R0201,2025-02-09 02:15:23,25
A02610,S1010,DS400,video,DS400-V0402,2025-04-12 11:24:53,78
A02611,S1010,CS101,assignment,CS101-A0905,2025-04-13 20:29:17,29
A02612,S1023,DS200,quiz,DS200-Q1001,2025-03-25 04:04:54,62
A02613,S1021,CS101,quiz,CS101-Q0804,2025-03-11 07:32:17,13
A02614,S1042,CS101,quiz,CS101-Q0605,2025-02-18 02:10:33,1
A02615,S1041,DS400,discussion,DS400-D0203,2025-02-25 21:19:17,10
A02616,S1040,DS200,quiz,DS200-Q1004,2025-03-13 15:42:57,15
A02617,S1030,DS400,assignment,DS400-A0203,2025-03-31 11:41:46,54
A02618,S1038,DS400,assignment,DS400-A0405,2025-04-10 03:13:04,39
A02619,S1023,CS301,video,CS301-V0102,2025-04-10 23:31:40,51
A02620,S1025,MATH150,assignment,MATH150-A0705,2025-03-11 04:48:38,22
A02621,S1040,MATH150,discussion,MATH150-D0202,2025-03-05 07:08:16,58
A02622,S1014,MATH150,discussion,MATH150-D0905,2025-03-28 18:38:46,21
A02623,S1022,MATH150,video,MATH150-V1003,2025-04-08 00:50:50,56
A02624,S1041,CS101,quiz,CS101-Q0502,2025-03-30 02:51:57,78
A02625,S1002,CS301,reading,CS301-R0802,2025-04-17 03:06:49,80
A02626,S1027,CS301,discussion,CS301-D0501,2025-04-17 02:16:09,57
A02627,S1037,DS400,quiz,DS400-Q0801,2025-03-28 11:29:46,1
A02628,S1036,DS400,quiz,DS400-Q0504,2025-02-26 14:54:32,72
A02629,S1023,DS400,discussion,DS400-D0504,2025-02-28 15:35:06,10
A02630,S1033,DS200,discussion,DS200-D0903,2025-02-12 19:10:24,53
A02631,S1030,DS200,reading,DS200-R0805,2025-04-04 00:43:51,44
A02632,S1014,CS301,assignment,CS301-A1005,2025-04-21 08:41:51,69
A02633,S1007,CS301,reading,CS301-R1005,2025-02-04 14:03:50,34
A02634,S1019,MATH150,lecture,MATH150-L1002,2025-04-07 05:33:03,82
A02635,S1033,CS301,lecture,CS301-L0602,2025-02-13 08:30:32,5
A02636,S1011,CS301,video,CS301-V0801,2025-03-12 09:19:16,52
A02637,S1019,DS400,discussion,DS400-D0101,2025-04-24 09:57:29,70
A02638,S1012,MATH150,discussion,MATH150-D0503,2025-03-24 08:48:28,14
A02639,S1050,DS200,lecture,DS200-L0905,2025-03-29 12:25:31,72
A02640,S1013,CS101,reading,CS101-R0803,2025-04-07 14:34:57,70
A02641,S1036,DS200,discussion,DS200-D1004,2025-02-27 07:13:24,14
A02642,S1036,MATH150,quiz,MATH150-Q0401,2025-02-16 08:59:59,58
A02643,S1024,CS101,lecture,CS101-L0102,2025-02-06 07:56:12,87
A02644,S1023,CS301,assignment,CS301-A0701,2025-03-31 08:47:26,77
A02645,S1023,DS200,lecture,DS200-L0604,2025-03-02 07:09:40,13
A02646,S1036,MATH150,discussion,MATH150-D0404,2025-03-26 10:23:28,86
A02647,S1019,CS301,quiz,CS301-Q1001,2025-03-22 16:11:36,62
A02648,S1047,CS101,assignment,CS101-A0205,2025-03-19 17:00:28,21
A02649,S1027,CS101,lecture,CS101-L0202,2025-03-15 09:36:04,48
A02650,S1045,CS101,lecture,CS101-L0403,2025-05-02 02:11:49,38
A02651,S1020,MATH150,video,MATH150-V1005,2025-02-06 01:44:32,51
A02652,S1031,MATH150,assignment,MATH150-A0604,2025-03-28 02:37:07,52
A02653,S1024,DS200,reading,DS200-R0104,2025-02-15 15:15:29,17
A02654,S1008,MATH150,reading,MATH150-R1005,2025-03-16 05:19:01,62
A02655,S1009,MATH150,quiz,MATH150-Q0302,2025-04-25 21:28:21,24
A02656,S1008,DS400,lecture,DS400-L0602,2025-02-22 18:58:18,82
A02657,S1042,MATH150,quiz,MATH150-Q0103,2025-03-22 07:27:21,40
A02658,S1031,CS301,reading,CS301-R0903,2025-04-09 08:28:19,42
A02659,S1024,DS400,video,DS400-V1004,2025-03-05 13:09:39,22
A02660,S1007,DS200,discussion,DS200-D0403,2025-02-02 11:09:18,63
A02661,S1006,DS200,reading,DS200-R0603,2025-02-23 01:16:42,14
A02662,S1011,DS400,lecture,DS400-L0102,2025-03-12 03:54:45,17
A02663,S1043,DS200,lecture,DS200-L0204,2025-02-24 20:46:33,82
A02664,S1010,CS301,quiz,CS301-Q0304,2025-04-17 20:45:00,35
A02665,S1035,DS400,assignment,DS400-A0405,2025-03-07 12:20:27,72
A02666,S1021,MATH150,discussion,MATH150-D0602,2025-02-19 10:33:25,75
A02667,S1043,MATH150,video,MATH150-V0602,2025-04-12 01:52:34,41
A02668,S1007,CS301,lecture,CS301-L0903,2025-03-21 08:58:08,48
A02669,S1040,CS101,quiz,CS101-Q0201,2025-03-06 11:50:05,7
A02670,S1034,CS101,reading,CS101-R0505,2025-02-10 21:02:23,34
A02671,S1029,CS301,reading,CS301-R0504,2025-02-24 05:36:45,47
A02672,S1041,DS200,reading,DS200-R0303,2025-03-16 10:22:45,68
A02673,S1047,MATH150,lecture,MATH150-L0801,2025-03-08 11:24:51,75
A02674,S1020,DS400,quiz,DS400-Q0403,2025-03-01 23:14:28,78
A02675,S1014,CS101,reading,CS101-R0404,2025-03-23 10:34:54,69
A02676,S1002,DS200,video,DS200-V0205,2025-02-23 00:22:26,54
A02677,S1006,CS101,assignment,CS101-A0402,2025-04-23 00:28:33,83
A02678,S1034,DS400,video,DS400-V0701,2025-03-23 16:15:18,61
A02679,S1033,DS400,video,DS400-V0901,2025-03-08 02:36:16,23
A02680,S1031,DS400,quiz,DS400-Q0401,2025-03-01 13:35:07,72
A02681,S1028,DS200,reading,DS200-R0203,2025-02-19 11:56:33,16
A02682,S1029,MATH150,quiz,MATH150-Q0602,2025-05-02 20:01:06,42
A02683,S1047,DS200,quiz,DS200-Q0901,2025-02-11 17:30:03,66
A02684,S1037,CS101,reading,CS101-R0704,2025-02-20 02:58:39,38
A02685,S1018,CS301,quiz,CS301-Q0204,2025-03-16 20:28:30,49
A02686,S1011,DS400,quiz,DS400-Q1001,2025-03-04 00:11:25,29
A02687,S1014,CS301,video,CS301-V1005,2025-03-29 18:09:05,33
A02688,S1025,CS301,reading,CS301-R0601,2025-04-02 01:22:35,76
A02689,S1037,DS400,lecture,DS400-L0101,2025-02-06 13:17:46,69
A02690,S1039,DS400,reading,DS400-R0802,2025-03-29 22:27:25,3
A02691,S1035,DS200,assignment,DS200-A0602,2025-02-11 02:45:24,11
A02692,S1035,DS400,quiz,DS400-Q0903,2025-04-30 16:48:04,37
A02693,S1011,MATH150,quiz,MATH150-Q0505,2025-04-18 06:15:09,67
A02694,S1020,DS400,assignment,DS400-A1004,2025-03-30 11:02:19,48
A02695,S1029,DS200,discussion,DS200-D0604,2025-03-05 18:36:13,82
A02696,S1046,DS400,reading,DS400-R0902,2025-03-24 04:40:54,15
A02697,S1038,CS101,video,CS101-V0301,2025-03-16 16:46:48,75
A02698,S1030,DS400,discussion,DS400-D0202,2025-03-02 22:12:16,68
A02699,S1035,DS200,assignment,DS200-A1004,2025-04-30 03:04:48,11
A02700,S1030,CS101,reading,CS101-R1005,2025-03-02 22:13:32,34
A02701,S1022,CS101,reading,CS101-R0404,2025-03-22 01:28:51,21
A02702,S1034,CS301,discussion,CS301-D0201,2025-02-19 13:32:27,28
A02703,S1041,CS101,video,CS101-V0905,2025-03-07 01:11:18,56
A02704,S1035,CS101,lecture,CS101-L1002,2025-04-02 01:45:24,63
A02705,S1035,CS101,reading,CS101-R0605,2025-02-02 23:23:17,3
A02706,S1048,DS400,assignment,DS400-A1002,2025-04-23 18:52:31,14
A02707,S1029,CS301,discussion,CS301-D0103,2025-03-04 12:22:48,19
A02708,S1036,CS301,quiz,CS301-Q1002,2025-02-23 07:55:07,48
A02709,S1006,MATH150,assignment,MATH150-A0905,2025-04-15 18:33:05,3
A02710,S1049,CS301,assignment,CS301-A0103,2025-02-20 19:40:43,17
A02711,S1044,CS301,lecture,CS301-L0201,2025-03-29 18:20:29,31
A02712,S1038,CS101,lecture,CS101-L0405,2025-02-14 01:42:42,74
A02713,S1031,MATH150,video,MATH150-V0603,2025-02-13 15:29:16,32
A02714,S1047,CS301,lecture,CS301-L1001,2025-04-09 20:56:19,68
A02715,S1021,DS400,lecture,DS400-L0901,2025-02-06 00:27:43,37
A02716,S1021,CS101,video,CS101-V0502,2025-04-12 06:08:33,60
A02717,S1014,CS301,lecture,CS301-L0605,2025-03-22 01:07:49,27
A02718,S1025,CS301,video,CS301-V0801,2025-02-22 22:38:56,89
A02719,S1023,DS400,assignment,DS400-A1004,2025-03-29 01:16:36,32
A02720,S1014,MATH150,video,MATH150-V1001,2025-04-11 06:05:50,1
A02721,S1041,MATH150,discussion,MATH150-D0604,2025-02-10 15:27:02,47
A02722,S1041,MATH150,quiz,MATH150-Q0401,2025-04-06 01:04:36,43
A02723,S1025,CS301,video,CS301-V1004,2025-03-29 00:41:38,24
A02724,S1023,MATH150,lecture,MATH150-L0204,2025-03-02 01:05:15,32
A02725,S1026,DS400,lecture,DS400-L0305,2025-05-01 07:44:27,31
A02726,S1031,CS301,video,CS301-V0801,2025-04-25 21:49:35,21
A02727,S1035,DS400,quiz,DS400-Q0704,2025-02-02 07:50:40,44
A02728,S1016,MATH150,video,MATH150-V0901,2025-03-10 13:03:21,33
A02729,S1017,CS101,assignment,CS101-A0701,2025-02-05 06:23:33,14
A02730,S1040,CS301,reading,CS301-R0403,2025-03-25 20:31:43,82
A02731,S1020,CS301,reading,CS301-R0103,2025-02-13 22:53:28,5
A02732,S1013,DS400,discussion,DS400-D0102,2025-03-21 11:40:30,28
A02733,S1001,MATH150,video,MATH150-V0804,2025-02-22 02:50:13,55
A02734,S1009,DS400,lecture,DS400-L0503,2025-04-08 13:07:36,35
A02735,S1030,CS101,discussion,CS101-D1002,2025-03-31 08:20:00,41
A02736,S1014,CS101,discussion,CS101-D0705,2025-04-20 06:44:26,6
A02737,S1027,CS301,quiz,CS301-Q0505,2025-04-03 17:14:00,89
A02738,S1001,DS400,video,DS400-V0305,2025-03-25 23:15:00,36
A02739,S1040,DS400,quiz,DS400-Q0503,2025-04-16 02:48:07,45
A02740,S1008,DS200,reading,DS200-R0904,2025-02-15 01:19:37,63
A02741,S1008,CS301,reading,CS301-R0401,2025-04-05 04:26:09,55
A02742,S1036,DS400,lecture,DS400-L0204,2025-04-24 08:16:19,35
A02743,S1050,CS101,video,CS101-V0502,2025-03-31 05:14:03,65
A02744,S1049,DS400,lecture,DS400-L0904,2025-02-21 19:53:00,71
A02745,S1031,CS301,assignment,CS301-A0605,2025-02-23 11:15:33,30
A02746,S1014,CS301,reading,CS301-R0804,2025-02-03 05:22:19,33
A02747,S1007,DS200,assignment,DS200-A0105,2025-02-03 01:57:03,80
A02748,S1008,MATH150,video,MATH150-V0904,2025-02-04 02:58:01,24
A02749,S1035,DS200,quiz,DS200-Q0303,2025-02-27 13:16:20,22
A02750,S1003,MATH150,lecture,MATH150-L0302,2025-04-29 17:07:07,11
A02751,S1040,CS101,assignment,CS101-A0604,2025-03-18 17:03:23,18
A02752,S1001,MATH150,reading,MATH150-R0201,2025-02-07 08:48:22,89
A02753,S1032,DS400,assignment,DS400-A0501,2025-03-28 17:31:54,28
A02754,S1011,MATH150,reading,MATH150-R0405,2025-04-05 07:47:55,10
A02755,S1004,DS400,quiz,DS400-Q1003,2025-02-11 11:07:28,82
A02756,S1010,DS200,reading,DS200-R0904,2025-02-04 14:32:45,76
A02757,S1047,DS400,quiz,DS400-Q0304,2025-02-26 16:53:16,74
A02758,S1027,DS200,video,DS200-V0303,2025-02-09 10:58:42,64
A02759,S1020,DS200,video,DS200-V0501,2025-02-27 14:27:16,89
A02760,S1042,DS200,video,DS200-V0701,2025-02-12 08:18:34,69
A02761,S1040,CS101,lecture,CS101-L0403,2025-03-11 00:22:57,68
A02762,S1028,CS101,assignment,CS101-A0702,2025-02-06 18:02:27,61
A02763,S1001,DS200,discussion,DS200-D0704,2025-04-10 07:07:52,84
A02764,S1011,CS101,video,CS101-V0101,2025-03-31 14:20:36,43
A02765,S1050,DS200,quiz,DS200-Q0702,2025-02-08 16:13:12,74
A02766,S1024,DS200,quiz,DS200-Q0905,2025-02-04 21:34:25,2
A02767,S1022,CS301,quiz,CS301-Q1003,2025-02-04 18:53:20,8
A02768,S1007,CS301,video,CS301-V0303,2025-04-20 08:15:49,73
A02769,S1001,CS101,quiz,CS101-Q0405,2025-03-18 16:14:59,12
A02770,S1013,CS101,assignment,CS101-A0802,2025-02-17 10:19:47,12
A02771,S1007,DS200,discussion,DS200-D0705,2025-02-05 21:03:36,66
A02772,S1031,CS101,assignment,CS101-A0704,2025-02-15 17:03:22,24
A02773,S1008,CS101,reading,CS101-R0603,2025-04-15 01:21:46,53
A02774,S1008,CS301,lecture,CS301-L1002,2025-03-26 23:53:43,9
A02775,S1031,CS101,quiz,CS101-Q0503,2025-02-25 15:32:00,53
A02776,S1004,DS200,video,DS200-V0503,2025-04-26 01:28:50,17
A02777,S1012,MATH150,video,MATH150-V0204,2025-02-03 08:48:09,19
A02778,S1022,DS200,video,DS200-V1003,2025-04-16 04:58:09,11
A02779,S1010,CS101,discussion,CS101-D0503,2025-04-14 21:41:45,58
A02780,S1031,DS200,quiz,DS200-Q1001,2025-02-22 02:10:10,87
A02781,S1012,CS301,assignment,CS301-A0603,2025-02-11 00:49:53,29
A02782,S1009,CS301,quiz,CS301-Q0204,2025-04-01 09:16:00,39
A02783,S1047,DS400,lecture,DS400-L0303,2025-03-07 08:42:32,89
A02784,S1023,DS400,discussion,DS400-D0601,2025-03-10 23:40:02,5
A02785,S1009,CS101,lecture,CS101-L1001,2025-03-04 21:48:31,69
A02786,S1038,CS101,video,CS101-V0705,2025-04-28 09:26:12,52
A02787,S1049,MATH150,assignment,MATH150-A1005,2025-04-28 18:52:58,53
A02788,S1017,CS301,discussion,CS301-D0705,2025-04-08 08:32:30,54
A02789,S1009,DS200,quiz,DS200-Q0701,2025-05-01 00:22:48,2
A02790,S1033,DS400,reading,DS400-R0504,2025-02-27 00:00:53,4
A02791,S1033,DS200,quiz,DS200-Q0901,2025-03-28 16:26:03,15
A02792,S1037,CS101,quiz,CS101-Q0505,2025-04-25 01:06:44,73
A02793,S1009,CS101,quiz,CS101-Q0501,2025-02-06 18:15:14,52
A02794,S1037,DS400,video,DS400-V0705,2025-04-13 18:47:34,81
A02795,S1009,DS200,reading,DS200-R0403,2025-03-26 07:59:29,35
A02796,S1033,CS301,reading,CS301-R0801,2025-03-22 19:43:33,21
A02797,S1008,DS200,discussion,DS200-D0904,2025-03-04 19:13:36,36
A02798,S1028,DS200,video,DS200-V0102,2025-02-08 06:31:32,22
A02799,S1013,CS301,assignment,CS301-A0301,2025-03-08 18:06:27,43
A02800,S1001,DS200,video,DS200-V0101,2025-02-03 20:58:35,3
A02801,S1036,DS400,quiz,DS400-Q0403,2025-04-15 02:03:03,52
A02802,S1030,DS200,discussion,DS200-D0205,2025-02-02 08:10:42,1
A02803,S1034,DS400,discussion,DS400-D1001,2025-02-13 15:37:01,33
A02804,S1008,CS301,lecture,CS301-L0105,2025-04-25 23:15:23,12
A02805,S1025,DS400,assignment,DS400-A0302,2025-02-15 08:30:05,88
A02806,S1032,DS200,quiz,DS200-Q1005,2025-04-17 22:55:30,74
A02807,S1047,CS301,assignment,CS301-A1001,2025-03-11 13:30:28,2
A02808,S1035,MATH150,reading,MATH150-R0901,2025-04-25 20:13:03,71
A02809,S1028,CS301,reading,CS301-R0702,2025-02-05 19:36:05,7
A02810,S1002,DS400,discussion,DS400-D0903,2025-04-09 07:27:10,29
A02811,S1016,CS301,lecture,CS301-L0202,2025-03-17 03:24:36,11
A02812,S1007,DS400,lecture,DS400-L0601,2025-04-07 03:51:12,78
A02813,S1036,MATH150,assignment,MATH150-A0503,2025-03-22 12:55:09,19
A02814,S1049,DS400,reading,DS400-R0301,2025-02-20 05:35:23,82
A02815,S1017,CS101,lecture,CS101-L0602,2025-03-05 07:45:53,31
A02816,S1018,CS301,quiz,CS301-Q0104,2025-03-05 02:25:41,49
A02817,S1037,DS400,discussion,DS400-D0503,2025-03-30 09:05:40,35
A02818,S1026,CS301,quiz,CS301-Q0301,2025-02-11 03:26:04,8
A02819,S1036,DS200,reading,DS200-R0102,2025-04-11 10:49:01,70
A02820,S1006,DS400,video,DS400-V0302,2025-03-23 17:05:31,58
A02821,S1039,MATH150,lecture,MATH150-L0304,2025-02-15 12:52:11,5
A02822,S1034,MATH150,discussion,MATH150-D0204,2025-02-27 07:36:57,89
A02823,S1021,DS200,quiz,DS200-Q0403,2025-04-04 17:38:50,25
A02824,S1027,MATH150,video,MATH150-V0403,2025-03-17 23:49:59,3
A02825,S1001,MATH150,lecture,MATH150-L0305,2025-02-11 01:35:43,72
A02826,S1009,DS400,assignment,DS400-A0601,2025-03-27 04:04:35,15
A02827,S1044,CS301,lecture,CS301-L0303,2025-03-07 11:03:04,73
A02828,S1002,MATH150,assignment,MATH150-A0701,2025-04-28 15:19:32,5
A02829,S1004,CS301,discussion,CS301-D0302,2025-02-07 05:58:24,34
A02830,S1028,CS301,lecture,CS301-L0101,2025-02-14 06:41:25,72
A02831,S1016,DS400,video,DS400-V0801,2025-02-04 17:57:22,12
A02832,S1047,DS200,video,DS200-V0305,2025-04-14 05:37:06,81
A02833,S1028,CS101,reading,CS101-R0202,2025-02-04 17:21:04,84
A02834,S1017,DS400,assignment,DS400-A0601,2025-03-22 04:47:12,55
A02835,S1028,MATH150,video,MATH150-V0503,2025-03-10 22:40:01,6
A02836,S1020,DS200,video,DS200-V0804,2025-02-23 02:40:49,82
A02837,S1020,CS301,lecture,CS301-L0205,2025-02-10 10:14:33,43
A02838,S1016,CS101,reading,CS101-R0802,2025-04-13 22:21:01,40
A02839,S1032,DS200,reading,DS200-R0403,2025-03-28 01:56:19,54
A02840,S1006,CS301,quiz,CS301-Q0902,2025-02-17 17:10:00,41
A02841,S1049,CS101,assignment,CS101-A0304,2025-04-07 17:53:39,24
A02842,S1026,CS301,lecture,CS301-L0904,2025-04-25 03:17:13,54
A02843,S1046,CS301,reading,CS301-R0702,2025-04-25 23:22:37,17
A02844,S1018,CS101,discussion,CS101-D0804,2025-04-25 14:55:52,70
A02845,S1029,DS400,reading,DS400-R1003,2025-03-19 19:48:21,60
A02846,S1006,DS200,discussion,DS200-D0102,2025-03-08 23:31:39,2
A02847,S1003,CS301,lecture,CS301-L0903,2025-03-22 11:24:16,73
A02848,S1031,MATH150,video,MATH150-V0302,2025-03-04 06:45:02,35
A02849,S1014,MATH150,lecture,MATH150-L0504,2025-04-28 04:27:24,49
A02850,S1036,DS200,lecture,DS200-L0301,2025-03-06 12:30:39,82
A02851,S1028,MATH150,discussion,MATH150-D0602,2025-03-08 12:36:10,33
A02852,S1037,DS200,lecture,DS200-L0703,2025-04-20 15:27:37,37
A02853,S1042,CS101,lecture,CS101-L0205,2025-03-21 17:49:59,26
A02854,S1035,DS400,lecture,DS400-L0902,2025-03-18 21:11:24,32
A02855,S1001,CS301,video,CS301-V0502,2025-03-06 15:02:19,87
A02856,S1038,MATH150,discussion,MATH150-D0902,2025-04-13 04:00:15,9
A02857,S1034,DS400,reading,DS400-R1004,2025-03-25 23:51:15,3
A02858,S1026,CS301,reading,CS301-R0103,2025-04-25 01:58:40,13
A02859,S1007,CS101,video,CS101-V0202,2025-04-22 00:25:36,48
A02860,S1020,DS200,assignment,DS200-A0501,2025-04-20 18:03:50,24
A02861,S1016,CS101,lecture,CS101-L0701,2025-03-04 01:30:14,79
A02862,S1048,DS400,quiz,DS400-Q0102,2025-03-22 02:15:12,19
A02863,S1007,DS400,quiz,DS400-Q0101,2025-02-21 13:06:03,21
A02864,S1004,DS200,lecture,DS200-L1004,2025-03-27 08:17:11,76
A02865,S1040,DS400,lecture,DS400-L0201,2025-04-21 06:44:28,36
A02866,S1003,CS101,video,CS101-V0504,2025-04-21 20:01:54,15
A02867,S1016,CS101,assignment,CS101-A0801,2025-03-31 03:00:43,60
A02868,S1049,DS400,quiz,DS400-Q0101,2025-04-28 18:15:13,81
A02869,S1049,CS301,video,CS301-V0605,2025-04-15 19:28:42,7
A02870,S1047,DS400,reading,DS400-R0205,2025-04-05 18:54:28,37
A02871,S1041,CS301,discussion,CS301-D0603,2025-05-02 07:37:38,2
A02872,S1041,CS101,lecture,CS101-L0404,2025-03-06 22:52:29,29
A02873,S1022,DS400,video,DS400-V0201,2025-03-19 18:02:33,22
A02874,S1036,DS400,assignment,DS400-A0805,2025-04-15 04:08:58,1
A02875,S1031,DS200,quiz,DS200-Q1001,2025-04-12 07:08:00,30
A02876,S1030,CS101,quiz,CS101-Q0204,2025-02-04 12:58:57,71
A02877,S1045,DS400,lecture,DS400-L1004,2025-04-23 22:07:34,20
A02878,S1009,DS200,assignment,DS200-A1005,2025-04-04 09:39:15,50
A02879,S1017,CS301,quiz,CS301-Q0205,2025-02-21 02:13:06,63
A02880,S1022,DS200,lecture,DS200-L0804,2025-03-28 05:01:25,14
A02881,S1001,DS200,reading,DS200-R0901,2025-04-08 06:50:42,71
A02882,S1024,MATH150,quiz,MATH150-Q0901,2025-02-03 07:15:00,22
A02883,S1042,MATH150,assignment,MATH150-A0502,2025-04-20 09:20:18,18
A02884,S1014,CS301,video,CS301-V0301,2025-03-11 19:19:46,75
A02885,S1003,CS301,discussion,CS301-D0705,2025-03-08 02:06:14,59
A02886,S1017,CS301,assignment,CS301-A0801,2025-03-11 15:12:23,57
A02887,S1044,MATH150,lecture,MATH150-L0705,2025-04-09 20:57:36,16
A02888,S1016,DS400,reading,DS400-R0301,2025-03-05 02:53:59,8
A02889,S1048,CS101,quiz,CS101-Q0502,2025-03-11 13:57:07,10
A02890,S1001,CS301,lecture,CS301-L0402,2025-03-09 05:03:26,6
A02891,S1042,DS400,reading,DS400-R0303,2025-04-25 06:09:16,28
A02892,S1045,CS101,discussion,CS101-D0902,2025-03-29 23:30:02,18
A02893,S1019,DS400,reading,DS400-R0901,2025-02-23 06:28:22,4
A02894,S1001,MATH150,lecture,MATH150-L0705,2025-04-21 10:53:30,10
A02895,S1001,MATH150,video,MATH150-V0102,2025-02-11 16:07:07,48
A02896,S1005,CS301,quiz,CS301-Q0605,2025-03-11 13:20:42,90
A02897,S1019,CS301,assignment,CS301-A0402,2025-04-07 16:53:16,79
A02898,S1022,DS200,reading,DS200-R0901,2025-02-10 22:43:55,1
A02899,S1021,CS101,lecture,CS101-L0504,2025-03-14 17:01:13,34
A02900,S1050,DS200,quiz,DS200-Q0905,2025-04-19 07:19:22,55
A02901,S1008,MATH150,quiz,MATH150-Q0405,2025-03-06 14:05:57,42
A02902,S1048,CS101,video,CS101-V0901,2025-04-30 19:40:08,58
A02903,S1032,MATH150,lecture,MATH150-L0302,2025-03-31 09:01:37,48
A02904,S1049,DS400,quiz,DS400-Q0901,2025-03-07 00:21:58,47
A02905,S1017,DS200,quiz,DS200-Q0105,2025-03-18 17:08:12,21
A02906,S1015,CS301,lecture,CS301-L0303,2025-04-19 06:13:39,38
A02907,S1028,MATH150,reading,MATH150-R0704,2025-03-19 08:45:30,19
A02908,S1003,MATH150,lecture,MATH150-L0801,2025-02-04 12:34:39,59
A02909,S1014,CS101,discussion,CS101-D0801,2025-03-08 23:38:23,50
A02910,S1017,CS301,discussion,CS301-D0404,2025-04-07 09:30:28,8
A02911,S1014,CS101,quiz,CS101-Q0603,2025-02-24 00:50:07,68
A02912,S1002,DS200,quiz,DS200-Q0501,2025-04-24 11:31:04,39
A02913,S1033,MATH150,assignment,MATH150-A0802,2025-03-11 02:07:55,7
A02914,S1011,DS400,video,DS400-V0603,2025-04-17 16:30:07,51
A02915,S1044,DS400,quiz,DS400-Q0304,2025-02-19 22:11:20,72
A02916,S1034,MATH150,lecture,MATH150-L0804,2025-03-15 11:39:39,33
A02917,S1009,CS101,quiz,CS101-Q0702,2025-02-15 20:02:35,62
A02918,S1005,DS200,reading,DS200-R0405,2025-05-02 06:39:15,52
A02919,S1031,CS301,assignment,CS301-A0303,2025-04-01 11:44:47,17
A02920,S1014,DS400,quiz,DS400-Q0904,2025-04-01 20:13:37,7
A02921,S1027,CS101,reading,CS101-R0905,2025-03-12 01:34:38,76
A02922,S1044,DS200,video,DS200-V0103,2025-04-18 14:51:29,48
A02923,S1050,DS200,reading,DS200-R0103,2025-04-19 09:34:49,4
A02924,S1044,DS400,discussion,DS400-D0304,2025-02-21 06:59:37,74
A02925,S1027,CS101,reading,CS101-R1004,2025-03-15 12:43:04,33
A02926,S1050,CS101,reading,CS101-R0403,2025-03-13 19:46:32,58
A02927,S1004,CS301,discussion,CS301-D1004,2025-03-22 09:34:14,44
A02928,S1023,MATH150,video,MATH150-V0701,2025-03-30 20:01:39,4
A02929,S1016,DS400,reading,DS400-R0302,2025-03-20 04:04:57,27
A02930,S1026,DS200,quiz,DS200-Q0402,2025-02-07 15:53:17,23
A02931,S1012,DS200,quiz,DS200-Q0201,2025-04-16 19:31:40,10
A02932,S1030,MATH150,assignment,MATH150-A0804,2025-04-01 18:44:57,16
A02933,S1032,CS101,quiz,CS101-Q0301,2025-04-18 13:08:50,38
A02934,S1011,DS400,discussion,DS400-D0601,2025-03-01 22:13:41,35
A02935,S1036,CS301,discussion,CS301-D0902,2025-02-05 00:22:51,48
A02936,S1012,CS101,quiz,CS101-Q1001,2025-02-22 00:02:24,75
A02937,S1012,DS200,lecture,DS200-L0304,2025-03-29 01:57:00,71
A02938,S1001,CS101,reading,CS101-R0304,2025-02-27 22:53:47,64
A02939,S1005,CS101,quiz,CS101-Q0901,2025-04-27 04:19:52,10
A02940,S1029,CS301,lecture,CS301-L0401,2025-03-12 17:08:16,25
A02941,S1029,CS101,reading,CS101-R0101,2025-03-02 03:28:59,75
A02942,S1013,DS200,video,DS200-V0704,2025-02-19 16:36:15,33
A02943,S1018,CS301,discussion,CS301-D0401,2025-04-26 15:55:14,57
A02944,S1011,DS400,reading,DS400-R0804,2025-02-25 08:02:53,72
A02945,S1001,DS400,video,DS400-V1001,2025-04-14 20:35:22,51
A02946,S1049,MATH150,reading,MATH150-R0102,2025-04-28 09:44:57,45
A02947,S1040,DS400,discussion,DS400-D0601,2025-04-10 17:26:09,78
A02948,S1015,DS400,video,DS400-V0304,2025-04-10 21:42:29,21
A02949,S1049,CS301,video,CS301-V0901,2025-02-17 09:54:17,74
A02950,S1008,CS301,video,CS301-V0601,2025-03-02 20:23:59,73
A02951,S1028,CS101,video,CS101-V0704,2025-03-17 19:28:21,51
A02952,S1042,MATH150,video,MATH150-V0802,2025-03-27 13:25:36,83
A02953,S1020,MATH150,video,MATH150-V1004,2025-02-27 13:53:45,80
A02954,S1048,DS400,reading,DS400-R0104,2025-04-13 01:08:20,1
A02955,S1033,DS400,quiz,DS400-Q0501,2025-03-14 12:33:27,64
A02956,S1024,CS301,lecture,CS301-L0301,2025-03-26 20:21:34,2
A02957,S1043,CS101,discussion,CS101-D0305,2025-02-06 09:10:45,22
A02958,S1012,CS101,reading,CS101-R0502,2025-04-03 00:55:23,5
A02959,S1018,MATH150,discussion,MATH150-D1001,2025-03-30 15:33:55,29
A02960,S1012,DS200,reading,DS200-R0402,2025-02-21 21:36:57,23
A02961,S1001,DS200,video,DS200-V0601,2025-02-05 19:50:58,20
A02962,S1024,MATH150,reading,MATH150-R0101,2025-04-02 21:25:00,29
A02963,S1022,MATH150,reading,MATH150-R0102,2025-04-25 21:57:24,52
A02964,S1038,DS400,discussion,DS400-D0903,2025-04-10 08:43:30,27
A02965,S1040,DS200,video,DS200-V0402,2025-03-02 11:15:39,32
A02966,S1026,DS200,discussion,DS200-D0702,2025-02-02 13:48:06,69
A02967,S1002,MATH150,discussion,MATH150-D0902,2025-02-13 18:15:07,17
A02968,S1018,MATH150,lecture,MATH150-L0305,2025-02-07 10:59:07,57
A02969,S1050,MATH150,discussion,MATH150-D0703,2025-04-30 23:57:29,79
A02970,S1039,DS400,video,DS400-V0101,2025-02-15 17:18:27,32
A02971,S1032,CS301,video,CS301-V0204,2025-03-18 12:18:14,40
A02972,S1038,MATH150,reading,MATH150-R0301,2025-04-30 21:01:27,2
A02973,S1025,DS200,discussion,DS200-D0501,2025-03-28 20:38:00,27
A02974,S1029,MATH150,discussion,MATH150-D0205,2025-02-14 17:31:51,24
A02975,S1026,CS301,lecture,CS301-L0401,2025-03-20 15:10:33,48
A02976,S1015,CS301,video,CS301-V0703,2025-03-19 20:08:59,41
A02977,S1010,DS400,assignment,DS400-A0703,2025-03-11 01:36:06,14
A02978,S1010,CS101,discussion,CS101-D0701,2025-03-17 10:10:00,30
A02979,S1002,CS101,discussion,CS101-D1002,2025-04-06 22:28:31,69
A02980,S1018,MATH150,video,MATH150-V0501,2025-02-20 10:06:31,22
A02981,S1046,CS101,lecture,CS101-L0602,2025-04-26 09:00:36,43
A02982,S1023,CS101,reading,CS101-R0203,2025-02-22 05:59:24,18
A02983,S1007,DS400,assignment,DS400-A0203,2025-02-24 22:57:10,86
A02984,S1004,DS400,quiz,DS400-Q0805,2025-03-18 15:07:22,82
A02985,S1009,MATH150,quiz,MATH150-Q1002,2025-03-10 05:15:05,89
A02986,S1048,MATH150,video,MATH150-V0301,2025-03-22 14:00:50,70
A02987,S1016,MATH150,assignment,MATH150-A0605,2025-04-19 16:35:40,15
A02988,S1038,DS200,assignment,DS200-A0103,2025-04-17 19:01:31,70
A02989,S1031,CS301,lecture,CS301-L0704,2025-04-04 10:21:46,49
A02990,S1037,DS200,video,DS200-V0402,2025-03-31 01:11:21,76
A02991,S1036,CS301,reading,CS301-R0203,2025-04-27 14:14:50,80
A02992,S1004,DS200,reading,DS200-R0805,2025-04-07 11:40:52,38
A02993,S1028,MATH150,lecture,MATH150-L0903,2025-04-04 16:10:14,65
A02994,S1023,DS400,discussion,DS400-D0405,2025-02-18 13:14:23,42
A02995,S1045,CS301,assignment,CS301-A0802,2025-03-13 03:33:02,23
A02996,S1002,DS400,reading,DS400-R0704,2025-02-14 00:57:50,85
A02997,S1038,DS200,reading,DS200-R0502,2025-04-26 14:08:42,82
A02998,S1021,MATH150,lecture,MATH150-L1004,2025-02-18 06:11:42,72
A02999,S1011,DS200,video,DS200-V0601,2025-04-16 04:09:39,14
A03000,S1035,DS200,reading,DS200-R0702,2025-04-16 08:42:25,39
A03001,S1029,DS200,discussion,DS200-D0702,2025-03-31 01:21:14,33
A03002,S1012,CS101,lecture,CS101-L0302,2025-02-25 17:24:37,36
A03003,S1006,MATH150,discussion,MATH150-D1002,2025-03-31 13:05:46,2
A03004,S1001,DS400,assignment,DS400-A0704,2025-02-18 09:36:56,89
A03005,S1029,CS101,video,CS101-V0704,2025-02-01 21:30:01,34
A03006,S1022,CS101,discussion,CS101-D0604,2025-02-20 17:27:24,24
A03007,S1005,CS301,reading,CS301-R0101,2025-04-12 12:04:04,30
A03008,S1040,CS101,lecture,CS101-L0205,2025-02-23 04:38:40,32
A03009,S1024,DS200,discussion,DS200-D1002,2025-02-14 22:15:37,21
A03010,S1020,CS301,lecture,CS301-L0205,2025-02-23 10:40:20,49
A03011,S1001,CS101,quiz,CS101-Q0105,2025-02-15 19:27:32,60
A03012,S1032,CS101,reading,CS101-R0703,2025-03-12 17:32:12,15
A03013,S1044,CS301,lecture,CS301-L0804,2025-04-27 08:53:27,17
A03014,S1026,MATH150,video,MATH150-V0903,2025-02-02 20:58:50,2
A03015,S1037,MATH150,video,MATH150-V0802,2025-02-21 06:41:30,35
A03016,S1028,CS101,quiz,CS101-Q0702,2025-04-26 02:47:18,29
A03017,S1044,CS101,video,CS101-V0404,2025-02-13 00:07:01,2
A03018,S1042,DS400,reading,DS400-R0501,2025-03-16 03:11:05,39
A03019,S1009,DS200,assignment,DS200-A0204,2025-03-07 18:04:31,36
A03020,S1019,CS101,assignment,CS101-A0404,2025-02-19 05:16:24,60
A03021,S1031,CS301,discussion,CS301-D0604,2025-03-14 16:07:00,5
A03022,S1028,DS200,reading,DS200-R1003,2025-02-19 08:29:51,80
A03023,S1003,MATH150,quiz,MATH150-Q0204,2025-03-05 16:44:25,44
A03024,S1007,DS400,discussion,DS400-D0801,2025-02-10 06:35:04,64
A03025,S1040,DS400,discussion,DS400-D0402,2025-03-02 23:27:46,90
A03026,S1012,CS101,video,CS101-V0505,2025-02-23 03:40:53,57
A03027,S1020,MATH150,reading,MATH150-R0204,2025-02-18 04:54:09,29
A03028,S1018,MATH150,quiz,MATH150-Q0602,2025-03-22 12:18:03,50
A03029,S1037,MATH150,quiz,MATH150-Q1001,2025-02-17 22:35:12,46
A03030,S1019,DS400,reading,DS400-R0404,2025-04-24 15:04:59,18
A03031,S1027,DS400,discussion,DS400-D0103,2025-04-09 16:34:52,60
A03032,S1012,DS200,discussion,DS200-D0703,2025-02-08 00:14:13,84
A03033,S1001,CS101,discussion,CS101-D0602,2025-03-22 12:00:48,44
A03034,S1041,MATH150,quiz,MATH150-Q0502,2025-02-10 17:50:01,51
A03035,S1047,MATH150,video,MATH150-V0605,2025-04-01 10:57:47,3
A03036,S1003,DS400,video,DS400-V0805,2025-02-09 09:52:09,34
A03037,S1044,CS301,lecture,CS301-L0504,2025-04-25 01:15:01,83
A03038,S1041,CS301,assignment,CS301-A0203,2025-02-23 10:31:24,59
A03039,S1033,DS400,reading,DS400-R0502,2025-03-18 05:53:51,7
A03040,S1026,CS301,lecture,CS301-L0904,2025-04-24 17:49:13,84
A03041,S1023,CS301,reading,CS301-R0704,2025-02-14 15:02:53,87
A03042,S1025,DS200,quiz,DS200-Q0901,2025-03-09 13:49:43,85
A03043,S1020,CS101,discussion,CS101-D0605,2025-04-15 08:30:03,78
A03044,S1037,CS101,lecture,CS101-L0304,2025-03-20 00:38:11,90
A03045,S1011,DS400,lecture,DS400-L0105,2025-03-03 18:46:12,43
A03046,S1003,CS301,assignment,CS301-A0904,2025-02-03 20:32:23,38
A03047,S1016,MATH150,quiz,MATH150-Q0701,2025-03-06 15:15:59,5
A03048,S1015,DS200,quiz,DS200-Q0504,2025-03-31 08:42:43,66
A03049,S1016,DS200,lecture,DS200-L0704,2025-04-05 10:58:50,57
A03050,S1043,DS200,lecture,DS200-L0704,2025-04-10 22:00:29,16
A03051,S1036,DS200,video,DS200-V0304,2025-03-13 17:01:23,61
A03052,S1037,MATH150,lecture,MATH150-L1001,2025-04-17 17:42:45,66
A03053,S1029,DS400,assignment,DS400-A0904,2025-03-05 19:46:36,28
A03054,S1033,MATH150,assignment,MATH150-A1001,2025-03-11 11:11:31,61
A03055,S1049,DS200,discussion,DS200-D0702,2025-03-03 10:52:52,88
A03056,S1011,DS400,assignment,DS400-A1005,2025-04-16 06:23:27,62
A03057,S1026,CS101,assignment,CS101-A0603,2025-04-25 05:16:58,3
A03058,S1043,MATH150,discussion,MATH150-D0302,2025-04-23 07:19:15,16
A03059,S1045,CS301,lecture,CS301-L0505,2025-03-14 21:37:32,90
A03060,S1049,CS101,discussion,CS101-D0704,2025-02-04 18:13:25,53
A03061,S1026,DS200,video,DS200-V0101,2025-03-12 22:09:50,21
A03062,S1037,CS101,quiz,CS101-Q0405,2025-03-30 07:34:45,23
A03063,S1050,DS400,discussion,DS400-D0205,2025-04-22 03:16:40,69
A03064,S1011,CS301,lecture,CS301-L0902,2025-03-14 12:31:10,90
A03065,S1021,DS200,video,DS200-V0801,2025-03-18 07:04:25,1
A03066,S1035,CS301,reading,CS301-R1003,2025-02-18 12:49:08,52
A03067,S1038,MATH150,video,MATH150-V0102,2025-04-12 13:54:04,90
A03068,S1038,DS400,assignment,DS400-A0401,2025-04-08 08:47:30,31
A03069,S1021,MATH150,assignment,MATH150-A1001,2025-02-12 20:07:44,37
A03070,S1023,DS400,discussion,DS400-D0704,2025-02-04 11:20:12,49
A03071,S1039,DS200,lecture,DS200-L1003,2025-04-22 10:33:34,69
A03072,S1029,DS200,lecture,DS200-L0603,2025-04-01 19:56:22,68
A03073,S1011,MATH150,video,MATH150-V0905,2025-04-14 23:04:26,36
A03074,S1043,DS200,lecture,DS200-L0301,2025-03-19 02:34:15,69
A03075,S1008,CS301,quiz,CS301-Q0901,2025-03-11 09:13:13,82
A03076,S1025,MATH150,assignment,MATH150-A0401,2025-03-07 05:53:50,83
A03077,S1034,DS400,lecture,DS400-L0204,2025-04-06 00:40:49,33
A03078,S1050,DS400,assignment,DS400-A0305,2025-02-10 21:59:21,43
A03079,S1001,DS200,quiz,DS200-Q0101,2025-03-20 01:58:43,7
A03080,S1039,DS200,quiz,DS200-Q0501,2025-03-17 04:48:07,7
A03081,S1014,CS101,discussion,CS101-D0901,2025-03-24 02:58:39,82
A03082,S1005,CS301,video,CS301-V0702,2025-03-25 04:52:03,22
A03083,S1039,CS301,discussion,CS301-D0303,2025-04-23 17:46:41,39
A03084,S1034,MATH150,lecture,MATH150-L0104,2025-02-16 04:10:17,67
A03085,S1033,DS400,reading,DS400-R1002,2025-04-05 03:55:44,83
A03086,S1030,MATH150,lecture,MATH150-L0204,2025-03-26 06:50:12,1
A03087,S1028,DS400,assignment,DS400-A0205,2025-04-28 18:05:44,50
A03088,S1008,DS200,quiz,DS200-Q0704,2025-02-14 17:30:49,2
A03089,S1036,CS101,discussion,CS101-D0301,2025-02-25 04:25:01,80
A03090,S1008,CS301,lecture,CS301-L0304,2025-02-20 18:25:08,87
A03091,S1017,MATH150,reading,MATH150-R0403,2025-04-20 20:12:39,77
A03092,S1025,DS200,assignment,DS200-A0503,2025-03-24 13:05:19,88
A03093,S1032,CS101,lecture,CS101-L0301,2025-04-14 07:25:41,38
A03094,S1043,DS200,reading,DS200-R0303,2025-02-22 17:47:40,53
A03095,S1039,CS101,discussion,CS101-D0202,2025-02-23 12:09:16,59
A03096,S1024,DS200,lecture,DS200-L0305,2025-05-01 04:09:01,35
A03097,S1037,CS301,quiz,CS301-Q0102,2025-04-02 02:25:59,49
A03098,S1042,CS301,lecture,CS301-L0303,2025-02-25 09:29:09,49
A03099,S1021,DS200,assignment,DS200-A0501,2025-03-08 00:58:59,46
A03100,S1015,CS301,reading,CS301-R0901,2025-04-10 19:50:22,69
A03101,S1029,MATH150,reading,MATH150-R0102,2025-04-27 16:48:12,52
A03102,S1045,MATH150,discussion,MATH150-D0902,2025-02-13 09:52:52,46
A03103,S1046,DS400,quiz,DS400-Q0802,2025-03-24 03:25:07,48
A03104,S1018,CS301,quiz,CS301-Q0302,2025-02-14 05:15:37,30
A03105,S1028,CS101,quiz,CS101-Q0704,2025-04-01 13:05:27,80
A03106,S1034,CS301,reading,CS301-R1001,2025-02-14 10:19:39,48
A03107,S1038,MATH150,discussion,MATH150-D0802,2025-02-14 23:14:18,7
A03108,S1017,DS200,discussion,DS200-D0904,2025-02-19 18:53:08,22
A03109,S1027,DS400,discussion,DS400-D0301,2025-03-11 03:19:05,54
A03110,S1026,CS101,quiz,CS101-Q1005,2025-03-13 12:03:25,23
A03111,S1013,MATH150,quiz,MATH150-Q1005,2025-05-01 02:18:21,77
A03112,S1043,DS200,discussion,DS200-D1005,2025-02-25 22:41:13,28
A03113,S1021,DS400,assignment,DS400-A0804,2025-03-27 20:26:52,66
A03114,S1030,CS301,quiz,CS301-Q1002,2025-03-10 00:08:31,56
A03115,S1001,MATH150,lecture,MATH150-L0403,2025-03-24 20:42:40,23
A03116,S1004,DS400,reading,DS400-R1002,2025-02-11 03:47:45,42
A03117,S1013,DS400,discussion,DS400-D0405,2025-02-10 02:08:45,20
A03118,S1009,CS301,lecture,CS301-L0101,2025-04-29 22:37:56,9
A03119,S1019,MATH150,lecture,MATH150-L0804,2025-02-16 02:58:50,79
A03120,S1047,CS101,reading,CS101-R0401,2025-04-27 09:50:20,37
A03121,S1047,DS400,lecture,DS400-L0403,2025-02-13 08:22:19,3
A03122,S1014,DS400,discussion,DS400-D0803,2025-02-16 15:49:25,82
A03123,S1035,CS301,video,CS301-V0105,2025-04-02 09:04:49,70
A03124,S1028,MATH150,assignment,MATH150-A0703,2025-02-17 09:12:50,86
A03125,S1045,DS200,reading,DS200-R0103,2025-04-03 04:09:28,84
A03126,S1010,CS101,discussion,CS101-D0302,2025-03-06 13:48:17,30
A03127,S1002,DS400,quiz,DS400-Q0704,2025-04-01 23:08:20,14
A03128,S1040,MATH150,discussion,MATH150-D1004,2025-02-14 00:26:06,73
A03129,S1050,DS400,lecture,DS400-L0604,2025-03-25 17:06:53,17
A03130,S1001,CS101,quiz,CS101-Q0602,2025-04-03 20:08:57,1
A03131,S1029,DS400,quiz,DS400-Q0701,2025-03-24 23:02:32,56
A03132,S1037,MATH150,quiz,MATH150-Q0303,2025-04-25 08:34:36,1
A03133,S1020,DS200,reading,DS200-R0803,2025-02-13 13:44:53,21
A03134,S1021,DS200,lecture,DS200-L0404,2025-04-06 23:56:47,80
A03135,S1021,CS301,lecture,CS301-L0101,2025-03-22 01:09:24,63
A03136,S1032,DS200,assignment,DS200-A0301,2025-03-22 01:27:21,45
A03137,S1004,DS200,quiz,DS200-Q0205,2025-04-16 20:02:12,85
A03138,S1012,CS101,video,CS101-V0605,2025-04-15 03:03:45,75
A03139,S1039,CS101,discussion,CS101-D0405,2025-03-20 21:22:40,25
A03140,S1014,CS301,lecture,CS301-L0403,2025-04-13 22:03:19,24
A03141,S1019,MATH150,reading,MATH150-R0803,2025-03-27 06:24:08,78
A03142,S1001,MATH150,quiz,MATH150-Q0701,2025-03-16 23:21:38,69
A03143,S1027,DS200,video,DS200-V0601,2025-05-02 11:40:58,1
A03144,S1045,CS301,quiz,CS301-Q0601,2025-04-18 08:22:50,78
A03145,S1005,CS301,assignment,CS301-A0105,2025-04-25 17:20:00,46
A03146,S1006,CS301,assignment,CS301-A0402,2025-04-26 17:54:25,69
A03147,S1038,MATH150,lecture,MATH150-L0503,2025-03-11 02:36:26,25
A03148,S1017,CS101,discussion,CS101-D0205,2025-04-20 00:54:39,46
A03149,S1033,CS101,reading,CS101-R0605,2025-04-14 21:52:55,11
A03150,S1047,CS101,reading,CS101-R0803,2025-02-28 04:58:49,80
A03151,S1026,MATH150,video,MATH150-V1001,2025-05-02 08:56:04,51
A03152,S1004,CS301,quiz,CS301-Q0101,2025-03-01 13:09:18,2
A03153,S1038,DS200,lecture,DS200-L0503,2025-04-29 13:16:24,40
A03154,S1008,DS400,reading,DS400-R0102,2025-04-01 12:49:47,70
A03155,S1010,DS200,lecture,DS200-L0901,2025-04-08 23:42:24,27
A03156,S1038,CS301,quiz,CS301-Q0301,2025-02-25 00:46:52,66
A03157,S1024,DS400,discussion,DS400-D0703,2025-04-03 21:04:06,89
A03158,S1048,CS101,assignment,CS101-A0805,2025-03-26 08:20:47,2
A03159,S1010,CS301,reading,CS301-R0305,2025-04-10 14:57:04,44
A03160,S1006,CS301,reading,CS301-R0705,2025-02-21 22:26:49,27
A03161,S1047,DS200,reading,DS200-R0702,2025-02-21 07:09:47,8
A03162,S1013,DS400,quiz,DS400-Q0503,2025-04-25 09:34:44,3
A03163,S1033,DS400,lecture,DS400-L0704,2025-02-06 00:07:27,65
A03164,S1047,DS400,discussion,DS400-D0801,2025-03-31 19:03:35,22
A03165,S1003,CS101,discussion,CS101-D1001,2025-03-26 09:12:02,89
A03166,S1041,MATH150,video,MATH150-V0201,2025-02-21 06:14:31,88
A03167,S1010,CS301,quiz,CS301-Q0201,2025-03-06 10:11:52,69
A03168,S1018,DS400,reading,DS400-R0901,2025-03-07 03:57:51,21
A03169,S1026,DS200,video,DS200-V0201,2025-03-31 13:02:41,84
A03170,S1026,CS101,reading,CS101-R0802,2025-02-16 02:51:16,3
A03171,S1021,DS200,discussion,DS200-D0801,2025-03-20 02:11:58,62
A03172,S1018,MATH150,assignment,MATH150-A0503,2025-03-20 11:59:01,90
A03173,S1004,DS400,assignment,DS400-A0302,2025-02-09 15:10:18,57
A03174,S1049,CS101,reading,CS101-R0701,2025-04-22 18:21:41,80
A03175,S1037,MATH150,assignment,MATH150-A0405,2025-02-28 07:25:44,54
A03176,S1032,CS301,quiz,CS301-Q0304,2025-02-19 07:53:40,32
A03177,S1021,DS400,quiz,DS400-Q0103,2025-02-24 09:43:56,2
A03178,S1009,CS301,lecture,CS301-L0903,2025-02-03 11:14:33,17
A03179,S1024,CS301,discussion,CS301-D0801,2025-02-22 20:25:57,50
A03180,S1034,CS301,lecture,CS301-L0601,2025-03-12 01:32:44,31
A03181,S1003,CS301,quiz,CS301-Q0404,2025-04-23 09:10:59,2
A03182,S1024,CS101,video,CS101-V0901,2025-04-05 16:29:48,82
A03183,S1028,MATH150,lecture,MATH150-L1005,2025-03-30 22:31:30,16
A03184,S1001,DS200,discussion,DS200-D0105,2025-02-13 08:30:15,22
A03185,S1004,DS200,assignment,DS200-A0102,2025-03-09 07:03:22,18
A03186,S1002,DS400,reading,DS400-R0602,2025-04-09 17:23:08,26
A03187,S1050,CS301,reading,CS301-R1004,2025-04-10 10:59:17,77
A03188,S1024,DS200,lecture,DS200-L1002,2025-03-11 23:20:16,6
A03189,S1004,DS400,assignment,DS400-A0904,2025-02-06 01:07:04,18
A03190,S1030,MATH150,quiz,MATH150-Q0503,2025-02-26 21:37:07,35
A03191,S1041,DS400,video,DS400-V0103,2025-03-01 14:57:27,72
A03192,S1039,MATH150,assignment,MATH150-A0503,2025-02-23 17:30:51,66
A03193,S1006,CS101,discussion,CS101-D0105,2025-02-13 14:21:11,71
A03194,S1039,CS301,reading,CS301-R0605,2025-02-22 09:25:59,37
A03195,S1019,MATH150,quiz,MATH150-Q0702,2025-04-27 01:04:44,22
A03196,S1039,MATH150,video,MATH150-V0204,2025-04-02 17:32:48,64
A03197,S1004,MATH150,assignment,MATH150-A0704,2025-02-03 01:03:16,31
A03198,S1027,CS101,quiz,CS101-Q0303,2025-03-26 11:19:10,55
A03199,S1002,CS301,lecture,CS301-L0504,2025-04-26 17:28:31,82
A03200,S1010,CS301,quiz,CS301-Q0102,2025-02-20 23:21:49,46
A03201,S1005,MATH150,discussion,MATH150-D0601,2025-02-08 18:22:55,48
A03202,S1013,CS101,lecture,CS101-L0802,2025-04-08 20:01:14,82
A03203,S1006,CS301,quiz,CS301-Q0203,2025-03-14 23:09:43,7
A03204,S1023,DS400,quiz,DS400-Q1001,2025-03-10 03:03:23,17
A03205,S1012,MATH150,reading,MATH150-R0202,2025-02-25 16:30:15,76
A03206,S1021,MATH150,quiz,MATH150-Q1003,2025-02-07 08:50:48,49
A03207,S1017,MATH150,video,MATH150-V0203,2025-04-10 06:59:12,60
A03208,S1038,CS101,reading,CS101-R0801,2025-03-29 11:20:32,11
A03209,S1049,DS400,assignment,DS400-A1005,2025-03-12 12:00:20,56
A03210,S1048,MATH150,assignment,MATH150-A0705,2025-02-22 17:27:52,55
A03211,S1022,CS301,lecture,CS301-L0902,2025-02-20 18:51:42,42
A03212,S1046,DS400,quiz,DS400-Q0505,2025-03-18 12:49:02,51
A03213,S1036,CS101,reading,CS101-R0801,2025-04-17 19:48:30,24
A03214,S1016,CS301,quiz,CS301-Q0205,2025-02-27 15:15:26,32
A03215,S1001,CS101,discussion,CS101-D0302,2025-02-04 08:25:21,78
A03216,S1024,CS301,quiz,CS301-Q0402,2025-02-20 06:51:02,19
A03217,S1045,DS400,assignment,DS400-A0802,2025-04-19 04:45:01,88
A03218,S1009,DS200,discussion,DS200-D0703,2025-02-27 00:37:01,6
A03219,S1012,DS400,video,DS400-V0602,2025-04-16 23:02:46,21
A03220,S1026,CS301,quiz,CS301-Q1005,2025-04-06 05:55:18,24
A03221,S1017,DS200,quiz,DS200-Q0802,2025-04-03 06:10:22,21
A03222,S1015,DS400,reading,DS400-R0301,2025-02-15 03:22:04,31
A03223,S1044,DS200,lecture,DS200-L1001,2025-02-26 06:38:30,89
A03224,S1001,CS101,quiz,CS101-Q1002,2025-02-24 00:05:41,23
A03225,S1034,MATH150,reading,MATH150-R0302,2025-03-02 16:48:17,64
A03226,S1043,CS101,discussion,CS101-D1005,2025-02-16 08:56:17,78
A03227,S1001,CS301,reading,CS301-R0601,2025-03-05 17:49:00,35
A03228,S1045,MATH150,video,MATH150-V0701,2025-05-01 16:39:15,57
A03229,S1021,CS301,discussion,CS301-D1005,2025-02-08 14:43:57,26
A03230,S1036,DS200,lecture,DS200-L0101,2025-04-12 10:46:24,51
A03231,S1019,DS200,video,DS200-V0302,2025-04-17 23:12:38,56
A03232,S1041,DS200,video,DS200-V0804,2025-03-19 06:08:18,60
A03233,S1014,DS200,lecture,DS200-L0705,2025-04-10 19:40:44,5
A03234,S1026,CS301,reading,CS301-R0801,2025-05-02 17:31:38,57
A03235,S1001,DS200,discussion,DS200-D0601,2025-02-24 23:35:57,49
A03236,S1003,MATH150,discussion,MATH150-D0602,2025-04-03 10:43:45,65
A03237,S1020,DS200,assignment,DS200-A0501,2025-04-13 13:06:58,5
A03238,S1041,CS301,assignment,CS301-A0501,2025-02-14 17:09:07,64
A03239,S1018,CS101,assignment,CS101-A0704,2025-04-18 17:57:19,47
A03240,S1033,DS200,quiz,DS200-Q0804,2025-02-15 05:50:11,48
A03241,S1037,CS101,quiz,CS101-Q0301,2025-04-24 16:43:16,6
A03242,S1016,CS301,video,CS301-V0903,2025-04-04 10:56:05,52
A03243,S1017,CS301,assignment,CS301-A0203,2025-03-29 13:41:20,58
A03244,S1018,MATH150,discussion,MATH150-D0805,2025-02-22 03:37:05,14
A03245,S1034,DS200,discussion,DS200-D1004,2025-04-15 13:12:01,74
A03246,S1035,MATH150,discussion,MATH150-D0203,2025-04-01 00:05:44,65
A03247,S1028,CS101,discussion,CS101-D1003,2025-04-21 21:22:28,41
A03248,S1001,MATH150,discussion,MATH150-D0402,2025-04-22 19:55:37,54
A03249,S1050,CS301,reading,CS301-R0402,2025-02-14 16:00:50,29
A03250,S1038,MATH150,quiz,MATH150-Q0202,2025-02-11 15:54:35,21
A03251,S1046,DS400,discussion,DS400-D0901,2025-04-07 00:04:43,14
A03252,S1022,DS400,reading,DS400-R0903,2025-02-24 00:09:13,33
A03253,S1002,CS101,assignment,CS101-A0202,2025-04-09 09:13:18,58
A03254,S1028,DS200,video,DS200-V0405,2025-03-25 10:22:20,39
A03255,S1032,MATH150,video,MATH150-V0303,2025-03-12 11:36:51,60
A03256,S1048,DS400,assignment,DS400-A0801,2025-04-25 03:08:56,66
A03257,S1050,DS400,discussion,DS400-D0302,2025-02-21 18:40:44,58
A03258,S1034,DS400,assignment,DS400-A0801,2025-03-05 21:28:47,85
A03259,S1035,MATH150,lecture,MATH150-L0705,2025-02-06 16:12:45,50
A03260,S1045,CS101,assignment,CS101-A0403,2025-03-29 18:01:05,83
A03261,S1024,CS301,reading,CS301-R0805,2025-04-01 01:45:53,69
A03262,S1018,CS301,lecture,CS301-L0605,2025-03-15 11:07:35,88
A03263,S1029,DS400,reading,DS400-R1004,2025-02-20 14:10:36,87
A03264,S1035,DS200,lecture,DS200-L1004,2025-02-16 20:09:24,26
A03265,S1026,CS101,lecture,CS101-L0901,2025-03-29 14:16:46,19
A03266,S1027,CS101,quiz,CS101-Q0702,2025-02-02 14:11:23,13
A03267,S1027,MATH150,reading,MATH150-R0604,2025-04-09 07:39:19,65
A03268,S1027,MATH150,reading,MATH150-R0805,2025-03-12 13:43:27,42
A03269,S1021,MATH150,quiz,MATH150-Q0601,2025-02-18 14:03:33,33
A03270,S1031,CS301,reading,CS301-R0101,2025-02-06 22:48:02,50
A03271,S1034,CS301,reading,CS301-R0904,2025-04-21 08:31:58,68
A03272,S1009,MATH150,assignment,MATH150-A0103,2025-02-08 19:02:45,54
A03273,S1025,MATH150,reading,MATH150-R0601,2025-02-16 19:33:11,23
A03274,S1017,MATH150,reading,MATH150-R0205,2025-03-31 00:45:43,79
A03275,S1031,MATH150,lecture,MATH150-L0302,2025-02-21 10:39:59,68
A03276,S1027,DS400,quiz,DS400-Q0105,2025-04-18 04:02:41,30
A03277,S1021,CS301,lecture,CS301-L0204,2025-02-03 19:14:56,32
A03278,S1027,DS200,lecture,DS200-L1003,2025-04-21 12:06:24,35
A03279,S1010,DS200,discussion,DS200-D0701,2025-02-18 16:52:48,6
A03280,S1045,MATH150,assignment,MATH150-A0105,2025-04-02 05:44:19,69
A03281,S1015,CS101,discussion,CS101-D0501,2025-02-22 12:17:55,35
A03282,S1043,DS400,lecture,DS400-L1004,2025-04-04 19:30:12,9
A03283,S1039,CS301,discussion,CS301-D0805,2025-04-28 01:58:28,63
A03284,S1009,MATH150,reading,MATH150-R0305,2025-02-27 23:06:10,15
A03285,S1014,MATH150,quiz,MATH150-Q1003,2025-03-25 00:03:17,2
A03286,S1020,MATH150,lecture,MATH150-L0802,2025-03-08 05:39:34,49
A03287,S1049,CS301,reading,CS301-R0901,2025-03-29 12:11:53,42
A03288,S1032,DS200,discussion,DS200-D0501,2025-04-29 02:44:50,44
A03289,S1038,DS400,lecture,DS400-L0304,2025-02-01 23:27:53,22
A03290,S1046,DS400,reading,DS400-R0502,2025-04-06 01:06:17,6
A03291,S1015,CS101,reading,CS101-R0905,2025-04-16 22:09:36,18
A03292,S1022,DS400,reading,DS400-R1001,2025-03-19 08:56:41,25
A03293,S1020,DS200,lecture,DS200-L0401,2025-03-28 14:01:31,57
A03294,S1043,CS301,quiz,CS301-Q0505,2025-03-16 06:42:41,59
A03295,S1024,DS400,reading,DS400-R0203,2025-02-08 08:19:59,66
A03296,S1028,MATH150,assignment,MATH150-A0902,2025-02-21 10:22:36,1
A03297,S1033,DS400,assignment,DS400-A0305,2025-03-04 22:34:46,83
A03298,S1034,CS301,assignment,CS301-A0903,2025-02-12 03:58:22,74
A03299,S1027,DS200,video,DS200-V0402,2025-04-29 10:16:17,55
A03300,S1002,MATH150,assignment,MATH150-A0904,2025-04-12 10:19:55,80
A03301,S1049,MATH150,video,MATH150-V0804,2025-04-24 07:06:24,62
A03302,S1019,DS400,video,DS400-V0204,2025-02-20 13:24:45,90
A03303,S1001,CS301,quiz,CS301-Q0305,2025-02-22 14:44:04,85
A03304,S1042,CS101,reading,CS101-R0205,2025-05-02 12:25:26,12
A03305,S1030,DS400,discussion,DS400-D0303,2025-04-18 11:59:09,19
A03306,S1025,MATH150,reading,MATH150-R1003,2025-03-14 02:21:35,80
A03307,S1036,DS400,lecture,DS400-L0702,2025-02-24 17:50:07,18
A03308,S1030,DS200,video,DS200-V0801,2025-03-17 14:13:25,80
A03309,S1033,DS400,lecture,DS400-L0302,2025-02-24 00:12:06,61
A03310,S1044,DS400,lecture,DS400-L0104,2025-03-04 14:05:38,35
A03311,S1046,DS400,assignment,DS400-A0801,2025-04-08 00:41:56,71
A03312,S1018,CS301,quiz,CS301-Q1003,2025-04-11 03:39:22,34
A03313,S1005,CS301,quiz,CS301-Q0803,2025-03-04 08:18:22,26
A03314,S1038,DS400,lecture,DS400-L0905,2025-04-03 11:41:07,88
A03315,S1003,CS301,assignment,CS301-A0404,2025-03-23 19:04:16,9
A03316,S1023,DS400,lecture,DS400-L0604,2025-04-01 08:55:04,8
A03317,S1036,DS400,reading,DS400-R0605,2025-04-01 22:53:25,81
A03318,S1025,DS200,quiz,DS200-Q0902,2025-03-22 22:53:27,34
A03319,S1036,DS400,quiz,DS400-Q0702,2025-03-24 20:33:08,3
A03320,S1010,CS101,assignment,CS101-A0804,2025-02-09 13:38:46,20
A03321,S1016,DS400,quiz,DS400-Q0202,2025-02-12 23:46:04,81
A03322,S1043,DS400,lecture,DS400-L0601,2025-03-26 23:57:07,70
A03323,S1007,DS200,discussion,DS200-D0905,2025-04-05 08:33:53,50
A03324,S1042,CS101,discussion,CS101-D0301,2025-04-05 20:52:10,63
A03325,S1001,CS301,quiz,CS301-Q1001,2025-04-27 15:20:27,16
A03326,S1004,CS301,discussion,CS301-D0302,2025-03-20 13:50:52,19
A03327,S1038,DS400,video,DS400-V0705,2025-04-01 18:37:41,30
A03328,S1015,MATH150,assignment,MATH150-A0904,2025-04-07 01:59:22,39
A03329,S1039,CS301,lecture,CS301-L0403,2025-02-06 04:00:33,54
A03330,S1032,MATH150,quiz,MATH150-Q0905,2025-03-14 01:04:10,67
A03331,S1047,DS200,video,DS200-V0603,2025-04-09 21:56:48,58
A03332,S1001,CS301,quiz,CS301-Q0401,2025-04-17 05:42:00,22
A03333,S1043,DS200,lecture,DS200-L0603,2025-03-06 21:47:50,81
A03334,S1003,MATH150,quiz,MATH150-Q0103,2025-02-14 04:48:23,83
A03335,S1006,DS400,quiz,DS400-Q1005,2025-04-08 10:57:32,29
A03336,S1034,MATH150,assignment,MATH150-A0503,2025-02-06 05:06:47,40
A03337,S1024,DS400,discussion,DS400-D0401,2025-02-09 06:50:01,40
A03338,S1005,MATH150,quiz,MATH150-Q0101,2025-04-15 22:28:38,20
A03339,S1015,MATH150,lecture,MATH150-L0404,2025-03-25 21:19:23,57
A03340,S1008,MATH150,assignment,MATH150-A0705,2025-04-01 07:04:57,10
A03341,S1048,CS101,discussion,CS101-D0804,2025-04-02 20:45:38,58
A03342,S1035,CS101,video,CS101-V0403,2025-04-20 23:04:20,81
A03343,S1018,MATH150,quiz,MATH150-Q0903,2025-02-27 10:42:09,53
A03344,S1031,DS400,reading,DS400-R0102,2025-04-22 10:16:20,55
A03345,S1047,CS301,reading,CS301-R0101,2025-03-15 19:34:24,28
A03346,S1009,DS400,reading,DS400-R0802,2025-04-16 12:05:05,64
A03347,S1033,DS200,lecture,DS200-L0605,2025-03-22 05:51:39,47
A03348,S1029,DS200,discussion,DS200-D0304,2025-02-24 13:04:11,14
A03349,S1033,CS301,discussion,CS301-D0401,2025-02-15 03:28:17,73
A03350,S1006,MATH150,discussion,MATH150-D0603,2025-04-05 06:08:09,21
A03351,S1015,DS200,video,DS200-V0501,2025-03-10 08:52:17,48
A03352,S1005,DS400,reading,DS400-R0505,2025-02-25 21:30:00,75
A03353,S1028,CS301,lecture,CS301-L0802,2025-03-02 23:43:20,38
A03354,S1025,CS301,assignment,CS301-A0504,2025-02-19 00:38:01,16
A03355,S1023,DS400,reading,DS400-R0903,2025-04-06 00:14:18,11
A03356,S1041,CS301,reading,CS301-R1001,2025-03-15 02:32:10,9
A03357,S1029,CS101,reading,CS101-R0102,2025-04-30 00:23:29,22
A03358,S1005,DS400,assignment,DS400-A0204,2025-03-28 16:24:30,71
A03359,S1005,MATH150,lecture,MATH150-L0403,2025-04-24 05:05:15,36
A03360,S1043,CS301,quiz,CS301-Q0105,2025-02-26 15:27:27,72
A03361,S1014,CS301,quiz,CS301-Q0501,2025-04-14 07:47:57,17
A03362,S1038,DS200,discussion,DS200-D0703,2025-04-07 09:10:41,82
A03363,S1016,DS200,lecture,DS200-L0304,2025-04-25 15:57:24,82
A03364,S1023,CS101,discussion,CS101-D1004,2025-04-11 12:32:30,24
A03365,S1008,DS400,video,DS400-V0704,2025-03-17 19:08:25,59
A03366,S1008,DS400,assignment,DS400-A0704,2025-03-14 01:17:45,56
A03367,S1005,CS101,video,CS101-V0604,2025-05-01 17:39:38,31
A03368,S1018,DS200,lecture,DS200-L0302,2025-02-14 20:19:41,88
A03369,S1045,DS200,reading,DS200-R1005,2025-03-26 17:02:42,6
A03370,S1005,DS200,assignment,DS200-A0804,2025-03-27 15:12:08,29
A03371,S1027,CS301,reading,CS301-R1001,2025-02-10 23:27:57,61
A03372,S1029,DS400,lecture,DS400-L0602,2025-04-04 14:07:54,39
A03373,S1018,CS301,lecture,CS301-L0503,2025-02-04 11:36:40,79
A03374,S1011,DS200,video,DS200-V0601,2025-03-18 07:57:33,39
A03375,S1026,MATH150,quiz,MATH150-Q0502,2025-04-27 04:48:08,49
A03376,S1004,CS101,discussion,CS101-D0702,2025-03-21 09:48:50,17
A03377,S1025,DS200,lecture,DS200-L1005,2025-04-18 19:48:16,46
A03378,S1048,CS301,discussion,CS301-D0603,2025-03-30 10:35:36,21
A03379,S1041,DS200,quiz,DS200-Q0804,2025-04-25 11:27:05,34
A03380,S1006,MATH150,discussion,MATH150-D0101,2025-02-22 21:00:55,71
A03381,S1021,CS101,video,CS101-V0603,2025-02-08 00:59:53,27
A03382,S1018,MATH150,assignment,MATH150-A0505,2025-03-12 15:25:56,62
A03383,S1010,DS200,discussion,DS200-D0902,2025-03-29 11:19:36,1
A03384,S1020,CS301,video,CS301-V0401,2025-02-26 09:44:17,47
A03385,S1018,CS301,assignment,CS301-A0203,2025-04-09 12:54:26,62
A03386,S1019,DS400,video,DS400-V0303,2025-02-10 21:09:12,15
A03387,S1017,DS400,quiz,DS400-Q0905,2025-03-19 04:04:53,76
A03388,S1021,DS200,lecture,DS200-L0301,2025-03-01 23:32:25,2
A03389,S1038,MATH150,reading,MATH150-R0404,2025-03-21 23:38:02,84
A03390,S1028,CS301,lecture,CS301-L0902,2025-02-06 21:33:09,90
A03391,S1034,MATH150,discussion,MATH150-D0101,2025-02-11 13:43:18,90
A03392,S1035,CS301,video,CS301-V0203,2025-02-21 21:14:39,75
A03393,S1006,MATH150,lecture,MATH150-L0203,2025-02-24 02:09:40,56
A03394,S1031,DS400,quiz,DS400-Q0301,2025-04-20 13:29:53,2
A03395,S1032,DS400,lecture,DS400-L0904,2025-02-11 07:41:32,6
A03396,S1040,CS301,assignment,CS301-A0903,2025-03-14 23:09:25,39
A03397,S1009,MATH150,quiz,MATH150-Q0104,2025-04-05 05:37:39,71
A03398,S1042,CS101,video,CS101-V0705,2025-04-06 14:47:16,26
A03399,S1016,CS101,reading,CS101-R0502,2025-04-11 11:43:22,26
A03400,S1001,CS301,lecture,CS301-L0102,2025-02-20 19:51:44,7
A03401,S1012,DS400,quiz,DS400-Q0603,2025-05-01 05:16:16,90
A03402,S1002,MATH150,video,MATH150-V0303,2025-04-14 19:20:55,13
A03403,S1007,MATH150,video,MATH150-V0104,2025-03-13 13:37:58,62
A03404,S1003,CS101,reading,CS101-R0203,2025-03-04 22:01:00,76
A03405,S1037,DS200,lecture,DS200-L0204,2025-03-15 01:53:02,32
A03406,S1014,DS400,video,DS400-V0302,2025-04-25 16:16:52,18
A03407,S1018,CS101,lecture,CS101-L0602,2025-04-27 05:59:03,76
A03408,S1009,DS200,assignment,DS200-A0301,2025-03-10 00:46:10,49
A03409,S1009,CS101,lecture,CS101-L1001,2025-04-25 10:21:10,10
A03410,S1008,DS200,reading,DS200-R0903,2025-02-22 04:06:27,29
A03411,S1037,CS101,video,CS101-V0402,2025-03-09 04:12:54,24
A03412,S1034,CS301,lecture,CS301-L0402,2025-02-25 11:45:19,77
A03413,S1017,MATH150,quiz,MATH150-Q0503,2025-02-14 03:05:13,28
A03414,S1020,DS200,discussion,DS200-D0703,2025-04-17 21:00:58,39
A03415,S1040,CS301,quiz,CS301-Q0102,2025-02-27 11:24:42,75
A03416,S1033,CS301,quiz,CS301-Q0403,2025-02-18 18:03:59,7
A03417,S1047,DS400,reading,DS400-R0404,2025-04-15 17:22:39,59
A03418,S1041,CS301,assignment,CS301-A0403,2025-04-07 03:11:48,74
A03419,S1036,MATH150,video,MATH150-V1004,2025-04-23 11:50:43,30
A03420,S1023,CS301,lecture,CS301-L0602,2025-03-11 02:53:27,52
A03421,S1024,MATH150,discussion,MATH150-D0203,2025-03-21 05:52:25,50
A03422,S1011,MATH150,video,MATH150-V0901,2025-04-03 00:40:17,54
A03423,S1027,MATH150,lecture,MATH150-L0504,2025-04-18 20:52:47,48
A03424,S1015,DS200,quiz,DS200-Q1003,2025-02-17 08:00:51,37
A03425,S1029,MATH150,quiz,MATH150-Q0703,2025-04-07 14:58:10,30
A03426,S1022,DS200,discussion,DS200-D1004,2025-02-14 05:30:49,82
A03427,S1050,DS400,discussion,DS400-D0602,2025-02-16 19:59:42,38
A03428,S1013,CS301,quiz,CS301-Q1002,2025-03-02 18:52:25,14
A03429,S1022,CS301,lecture,CS301-L0304,2025-04-26 16:49:10,83
A03430,S1045,CS301,video,CS301-V0902,2025-03-05 07:51:26,35
A03431,S1014,MATH150,quiz,MATH150-Q0903,2025-03-22 10:30:08,55
A03432,S1016,DS400,lecture,DS400-L0701,2025-03-12 01:22:21,69
A03433,S1010,MATH150,discussion,MATH150-D0805,2025-04-04 21:42:23,31
A03434,S1040,DS400,discussion,DS400-D0204,2025-02-11 05:02:40,46
A03435,S1015,DS400,lecture,DS400-L0204,2025-04-29 22:56:26,66
A03436,S1042,DS200,assignment,DS200-A0801,2025-02-04 17:01:45,32
A03437,S1002,CS301,video,CS301-V0802,2025-03-10 17:19:00,8
A03438,S1031,DS200,lecture,DS200-L0203,2025-03-25 22:36:28,79
A03439,S1028,CS301,discussion,CS301-D0105,2025-04-29 21:18:36,18
A03440,S1025,MATH150,discussion,MATH150-D0401,2025-02-14 16:04:35,16
A03441,S1019,CS301,video,CS301-V1003,2025-04-18 21:26:28,57
A03442,S1026,DS200,reading,DS200-R0502,2025-04-15 13:26:31,75
A03443,S1041,DS200,quiz,DS200-Q0503,2025-04-15 18:04:22,52
A03444,S1014,DS200,discussion,DS200-D0204,2025-02-15 08:06:26,75
A03445,S1038,MATH150,lecture,MATH150-L0404,2025-04-22 13:12:02,74
A03446,S1017,DS400,assignment,DS400-A0201,2025-02-19 11:54:09,83
A03447,S1027,CS301,assignment,CS301-A0505,2025-03-18 13:11:12,12
A03448,S1040,CS301,quiz,CS301-Q0104,2025-04-09 01:55:58,71
A03449,S1015,DS200,reading,DS200-R0405,2025-02-12 15:25:43,5
A03450,S1007,CS301,lecture,CS301-L0303,2025-04-19 02:43:51,74
A03451,S1002,CS101,quiz,CS101-Q0405,2025-04-01 06:49:46,35
A03452,S1047,DS400,lecture,DS400-L0202,2025-02-23 20:31:32,30
A03453,S1018,MATH150,video,MATH150-V0804,2025-04-23 18:29:38,62
A03454,S1043,DS200,assignment,DS200-A0505,2025-04-20 00:23:53,13
A03455,S1019,CS101,discussion,CS101-D0903,2025-02-10 11:24:14,8
A03456,S1005,CS301,quiz,CS301-Q1002,2025-02-05 12:45:59,10
A03457,S1017,DS400,lecture,DS400-L0204,2025-02-02 21:12:37,37
A03458,S1038,DS400,assignment,DS400-A0201,2025-02-06 11:44:59,40
A03459,S1042,DS200,lecture,DS200-L0305,2025-03-28 10:03:50,54
A03460,S1027,CS101,quiz,CS101-Q0901,2025-04-15 11:52:04,10
A03461,S1040,DS400,lecture,DS400-L0403,2025-02-15 21:21:14,16
A03462,S1050,DS200,reading,DS200-R0903,2025-03-03 05:29:00,71
A03463,S1017,DS200,lecture,DS200-L0403,2025-02-21 01:05:29,10
A03464,S1028,CS101,assignment,CS101-A0805,2025-04-08 01:10:03,13
A03465,S1032,DS400,lecture,DS400-L0405,2025-03-10 23:25:02,8
A03466,S1006,MATH150,quiz,MATH150-Q0201,2025-04-19 15:25:35,64
A03467,S1008,DS200,video,DS200-V0205,2025-04-09 01:44:23,40
A03468,S1002,DS200,reading,DS200-R0801,2025-02-17 13:24:55,67
A03469,S1036,CS101,reading,CS101-R0201,2025-02-14 17:43:10,69
A03470,S1030,MATH150,reading,MATH150-R0304,2025-04-10 13:31:12,10
A03471,S1050,DS400,video,DS400-V0704,2025-04-25 07:32:57,66
A03472,S1024,CS301,quiz,CS301-Q0504,2025-02-20 01:53:03,78
A03473,S1005,DS200,discussion,DS200-D0201,2025-05-01 23:57:08,82
A03474,S1032,MATH150,discussion,MATH150-D0204,2025-02-13 17:28:20,74
A03475,S1019,DS200,video,DS200-V0301,2025-03-07 16:38:32,37
A03476,S1004,CS101,assignment,CS101-A0401,2025-05-02 04:52:13,43
A03477,S1014,MATH150,lecture,MATH150-L0705,2025-04-07 06:53:53,56
A03478,S1043,DS200,quiz,DS200-Q0204,2025-03-27 01:32:57,33
A03479,S1023,MATH150,video,MATH150-V0602,2025-04-16 10:24:04,84
A03480,S1032,MATH150,lecture,MATH150-L0102,2025-04-04 07:54:52,47
A03481,S1019,CS301,assignment,CS301-A0204,2025-03-30 13:09:37,70
A03482,S1039,DS400,reading,DS400-R0905,2025-05-01 16:48:01,46
A03483,S1028,CS301,discussion,CS301-D0505,2025-03-29 05:37:06,77
A03484,S1015,CS101,lecture,CS101-L0601,2025-03-31 05:41:56,81
A03485,S1045,MATH150,quiz,MATH150-Q0803,2025-04-07 06:46:41,52
A03486,S1014,MATH150,reading,MATH150-R0903,2025-04-28 22:38:59,19
A03487,S1012,CS301,assignment,CS301-A0204,2025-02-17 00:34:37,50
A03488,S1026,DS200,assignment,DS200-A0604,2025-03-09 12:00:01,4
A03489,S1017,CS301,lecture,CS301-L0801,2025-04-07 06:36:44,6
A03490,S1006,MATH150,assignment,MATH150-A0501,2025-04-24 07:32:46,29
A03491,S1001,CS301,discussion,CS301-D0702,2025-02-27 04:20:49,6
A03492,S1045,DS400,quiz,DS400-Q0201,2025-02-02 04:55:08,82
A03493,S1027,CS301,discussion,CS301-D1001,2025-04-08 03:32:05,35
A03494,S1049,CS101,quiz,CS101-Q0305,2025-02-15 12:49:25,1
A03495,S1031,CS301,video,CS301-V0405,2025-04-12 18:54:54,15
A03496,S1008,MATH150,assignment,MATH150-A0302,2025-02-24 03:23:34,19
A03497,S1036,DS200,video,DS200-V0305,2025-02-16 22:09:20,37
A03498,S1001,DS400,reading,DS400-R0803,2025-04-26 23:36:59,20
A03499,S1034,DS200,reading,DS200-R1005,2025-03-31 16:31:50,39
A03500,S1003,CS101,reading,CS101-R0201,2025-04-13 09:18:13,71
A03501,S1018,CS301,discussion,CS301-D0202,2025-03-10 02:08:18,14
A03502,S1046,CS101,video,CS101-V0601,2025-04-23 01:44:40,41
A03503,S1013,MATH150,quiz,MATH150-Q0302,2025-04-17 06:10:09,83
A03504,S1034,DS400,video,DS400-V0104,2025-03-01 22:58:10,16
A03505,S1041,MATH150,quiz,MATH150-Q0901,2025-04-01 00:13:08,60
A03506,S1034,DS200,lecture,DS200-L0305,2025-02-03 12:59:22,10
A03507,S1002,MATH150,lecture,MATH150-L1003,2025-05-01 05:27:26,43
A03508,S1016,MATH150,lecture,MATH150-L1003,2025-04-27 11:52:13,17
A03509,S1049,DS400,lecture,DS400-L0503,2025-03-19 11:00:43,72
A03510,S1027,CS301,reading,CS301-R0305,2025-02-05 09:46:23,23
A03511,S1006,DS400,assignment,DS400-A0905,2025-02-23 13:11:18,3
A03512,S1025,DS200,reading,DS200-R0805,2025-04-05 06:00:06,4
A03513,S1044,DS200,quiz,DS200-Q0905,2025-04-17 22:23:59,15
A03514,S1043,DS200,lecture,DS200-L0405,2025-04-13 07:11:45,57
A03515,S1017,DS200,assignment,DS200-A0705,2025-03-29 18:25:28,2
A03516,S1021,MATH150,discussion,MATH150-D0603,2025-05-01 16:57:07,64
A03517,S1024,DS400,discussion,DS400-D0501,2025-03-26 18:14:28,36
A03518,S1012,DS400,assignment,DS400-A0104,2025-04-01 09:25:05,56
A03519,S1037,CS101,assignment,CS101-A0503,2025-04-29 15:46:39,20
A03520,S1034,DS400,discussion,DS400-D0701,2025-03-10 12:00:36,9
A03521,S1047,CS101,quiz,CS101-Q0604,2025-03-18 12:05:56,31
A03522,S1015,CS301,reading,CS301-R0604,2025-04-29 15:21:02,6
A03523,S1006,CS301,reading,CS301-R0304,2025-03-14 02:29:17,12
A03524,S1015,CS301,assignment,CS301-A0901,2025-03-02 21:16:31,76
A03525,S1036,CS101,video,CS101-V0602,2025-04-04 12:37:31,3
A03526,S1033,MATH150,video,MATH150-V0804,2025-04-02 16:13:42,79
A03527,S1011,DS400,quiz,DS400-Q0503,2025-03-03 02:59:29,59
A03528,S1050,CS301,video,CS301-V0601,2025-03-25 11:25:08,37
A03529,S1044,DS200,video,DS200-V0303,2025-02-18 18:37:43,28
A03530,S1020,DS400,lecture,DS400-L0103,2025-02-09 15:22:39,59
A03531,S1046,DS200,reading,DS200-R0203,2025-03-07 01:51:43,32
A03532,S1026,DS400,lecture,DS400-L0605,2025-03-06 16:36:28,41
A03533,S1030,MATH150,discussion,MATH150-D0104,2025-02-18 18:38:52,64
A03534,S1037,CS301,lecture,CS301-L0303,2025-02-17 20:20:12,48
A03535,S1029,CS101,video,CS101-V0402,2025-04-06 16:13:01,19
A03536,S1040,MATH150,assignment,MATH150-A1003,2025-03-08 17:04:29,24
A03537,S1015,CS101,reading,CS101-R0902,2025-03-24 21:06:17,50
A03538,S1015,CS101,reading,CS101-R0102,2025-04-01 14:54:45,56
A03539,S1026,DS200,assignment,DS200-A1005,2025-02-10 16:08:44,57
A03540,S1011,CS101,quiz,CS101-Q0502,2025-04-01 03:34:59,18
A03541,S1009,CS101,reading,CS101-R0204,2025-03-18 22:08:56,70
A03542,S1050,DS200,lecture,DS200-L0602,2025-03-31 04:31:05,23
A03543,S1026,CS301,discussion,CS301-D0404,2025-04-26 05:13:50,1
A03544,S1026,DS200,video,DS200-V0601,2025-02-22 18:57:27,16
A03545,S1015,DS400,video,DS400-V0901,2025-03-03 04:48:01,69
A03546,S1050,MATH150,lecture,MATH150-L0302,2025-02-06 05:58:37,54
A03547,S1007,DS400,lecture,DS400-L0205,2025-02-25 02:40:25,83
A03548,S1016,DS200,reading,DS200-R1002,2025-03-21 09:19:52,78
A03549,S1032,CS101,discussion,CS101-D0101,2025-02-07 12:23:22,83
A03550,S1002,DS200,assignment,DS200-A1003,2025-03-15 15:34:00,13
A03551,S1025,DS200,video,DS200-V0604,2025-04-12 08:15:34,87
A03552,S1018,CS301,lecture,CS301-L0903,2025-03-08 05:33:58,77
A03553,S1020,CS101,assignment,CS101-A0805,2025-04-03 05:28:22,19
A03554,S1015,CS101,reading,CS101-R0602,2025-02-15 03:29:52,30
A03555,S1006,CS301,assignment,CS301-A0804,2025-05-01 19:28:28,69
A03556,S1050,CS101,reading,CS101-R0604,2025-03-01 23:48:05,57
A03557,S1047,MATH150,video,MATH150-V0801,2025-04-18 19:58:58,16
A03558,S1040,MATH150,reading,MATH150-R0405,2025-04-10 18:24:42,14
A03559,S1006,CS301,quiz,CS301-Q0704,2025-04-11 22:50:13,55
A03560,S1022,CS101,reading,CS101-R0304,2025-04-05 19:06:50,54
A03561,S1005,DS200,lecture,DS200-L1002,2025-03-27 15:18:47,12
A03562,S1045,MATH150,quiz,MATH150-Q0901,2025-03-13 08:47:25,85
A03563,S1005,DS400,lecture,DS400-L0302,2025-02-25 17:55:45,9
A03564,S1044,CS101,quiz,CS101-Q0805,2025-04-08 20:51:50,57
A03565,S1002,CS301,assignment,CS301-A0804,2025-02-21 17:26:23,43
A03566,S1016,DS200,video,DS200-V0404,2025-02-13 19:46:44,70
A03567,S1023,DS400,video,DS400-V0202,2025-03-10 15:00:46,82
A03568,S1034,MATH150,assignment,MATH150-A0903,2025-03-14 01:48:49,29
A03569,S1032,CS101,lecture,CS101-L0502,2025-04-01 17:38:47,40
A03570,S1013,CS101,lecture,CS101-L0102,2025-03-17 21:47:14,44
A03571,S1050,DS200,discussion,DS200-D0905,2025-05-01 00:24:06,90
A03572,S1010,DS200,assignment,DS200-A0202,2025-02-15 18:36:30,34
A03573,S1028,MATH150,discussion,MATH150-D0904,2025-03-10 18:21:54,79
A03574,S1014,DS200,quiz,DS200-Q0903,2025-02-11 21:35:20,63
A03575,S1043,DS400,video,DS400-V0804,2025-03-07 03:00:17,73
A03576,S1005,MATH150,video,MATH150-V0902,2025-02-05 21:01:52,13
A03577,S1007,MATH150,assignment,MATH150-A0104,2025-04-20 21:58:53,46
A03578,S1011,CS301,quiz,CS301-Q0502,2025-03-15 17:25:14,57
A03579,S1015,MATH150,lecture,MATH150-L0304,2025-02-19 15:31:47,36
A03580,S1021,MATH150,video,MATH150-V0404,2025-04-23 21:16:17,47
A03581,S1044,CS301,reading,CS301-R0705,2025-03-19 10:23:04,53
A03582,S1017,DS400,quiz,DS400-Q0903,2025-03-31 00:39:02,55
A03583,S1011,DS200,reading,DS200-R1003,2025-04-11 15:03:10,48
A03584,S1008,CS101,reading,CS101-R0702,2025-03-04 10:41:56,1
A03585,S1027,DS400,video,DS400-V1004,2025-03-05 14:52:11,50
A03586,S1035,MATH150,lecture,MATH150-L0301,2025-04-26 23:42:33,54
A03587,S1050,DS200,quiz,DS200-Q0704,2025-02-19 06:46:43,77
A03588,S1015,MATH150,assignment,MATH150-A0105,2025-03-16 16:10:46,75
A03589,S1050,DS200,reading,DS200-R0502,2025-02-08 22:54:34,17
A03590,S1037,CS101,reading,CS101-R0703,2025-04-30 08:29:15,1
A03591,S1012,DS200,video,DS200-V0504,2025-03-18 16:13:35,71
A03592,S1045,CS101,reading,CS101-R0604,2025-04-13 01:43:47,73
A03593,S1030,DS200,reading,DS200-R0205,2025-03-02 03:43:09,90
A03594,S1042,CS101,quiz,CS101-Q0102,2025-02-24 05:16:47,84
A03595,S1040,DS400,video,DS400-V0203,2025-03-17 19:59:15,72
A03596,S1044,DS200,video,DS200-V0404,2025-04-05 12:08:07,20
A03597,S1045,CS101,discussion,CS101-D0503,2025-02-08 02:07:45,51
A03598,S1032,CS301,assignment,CS301-A0801,2025-03-12 06:19:50,26
A03599,S1027,DS200,assignment,DS200-A0305,2025-03-15 06:21:58,26
A03600,S1001,CS101,lecture,CS101-L0302,2025-02-04 11:59:43,7
A03601,S1047,DS400,reading,DS400-R0903,2025-02-14 03:41:32,50
A03602,S1017,DS400,video,DS400-V0402,2025-03-14 22:15:35,58
A03603,S1044,DS400,quiz,DS400-Q0105,2025-02-18 00:37:55,89
A03604,S1035,DS400,quiz,DS400-Q0801,2025-04-10 13:46:47,27
A03605,S1025,CS101,reading,CS101-R0505,2025-05-01 22:30:59,37
A03606,S1028,DS400,video,DS400-V0105,2025-03-09 20:11:13,54
A03607,S1018,DS400,assignment,DS400-A0101,2025-04-27 01:23:04,25
A03608,S1010,MATH150,discussion,MATH150-D0601,2025-05-01 00:56:39,73
A03609,S1014,MATH150,lecture,MATH150-L0101,2025-02-12 09:14:20,43
A03610,S1019,CS301,lecture,CS301-L0803,2025-04-19 06:57:44,68
A03611,S1046,CS101,discussion,CS101-D0102,2025-03-24 17:45:13,66
A03612,S1037,CS101,reading,CS101-R0501,2025-02-07 19:39:03,37
A03613,S1004,MATH150,video,MATH150-V0203,2025-03-13 06:11:52,50
A03614,S1033,MATH150,lecture,MATH150-L0403,2025-02-20 09:49:47,67
A03615,S1041,CS101,reading,CS101-R0902,2025-03-20 05:08:33,40
A03616,S1030,MATH150,reading,MATH150-R0901,2025-02-21 00:10:00,6
A03617,S1040,CS101,lecture,CS101-L0705,2025-03-04 17:21:45,49
A03618,S1019,CS301,lecture,CS301-L0804,2025-03-27 03:59:23,34
A03619,S1003,CS101,discussion,CS101-D0102,2025-04-29 03:27:38,60
A03620,S1043,CS101,quiz,CS101-Q1005,2025-04-10 05:51:51,72
A03621,S1042,DS200,quiz,DS200-Q0204,2025-02-10 22:35:02,14
A03622,S1024,DS400,quiz,DS400-Q0705,2025-03-14 21:10:39,15
A03623,S1006,DS400,discussion,DS400-D0804,2025-03-16 10:47:58,46
A03624,S1038,DS400,video,DS400-V0402,2025-03-14 01:12:12,9
A03625,S1031,CS101,assignment,CS101-A0601,2025-03-06 04:29:51,69
A03626,S1014,MATH150,video,MATH150-V0503,2025-04-05 08:40:39,70
A03627,S1005,DS400,reading,DS400-R0703,2025-03-16 13:34:28,20
A03628,S1035,MATH150,video,MATH150-V0602,2025-02-25 21:33:39,75
A03629,S1042,DS400,discussion,DS400-D0303,2025-02-17 07:56:25,50
A03630,S1026,DS200,lecture,DS200-L0804,2025-03-06 09:53:03,72
A03631,S1003,CS101,assignment,CS101-A0605,2025-04-21 22:34:39,35
A03632,S1028,CS301,discussion,CS301-D0805,2025-04-27 05:51:30,27
A03633,S1001,DS200,lecture,DS200-L0305,2025-03-06 23:26:55,27
A03634,S1011,CS301,video,CS301-V0804,2025-03-15 14:53:32,76
A03635,S1036,DS200,reading,DS200-R0601,2025-04-04 19:30:23,48
A03636,S1048,CS101,video,CS101-V0602,2025-04-27 19:19:44,67
A03637,S1024,MATH150,quiz,MATH150-Q0202,2025-02-02 07:13:14,70
A03638,S1030,DS200,lecture,DS200-L0905,2025-05-02 13:40:12,61
A03639,S1009,CS101,assignment,CS101-A0802,2025-03-27 19:29:49,22
A03640,S1031,CS301,quiz,CS301-Q0801,2025-02-13 14:34:27,65
A03641,S1019,DS200,reading,DS200-R0304,2025-04-06 05:17:54,65
A03642,S1025,DS200,lecture,DS200-L1001,2025-02-02 17:00:42,57
A03643,S1006,DS200,lecture,DS200-L0102,2025-04-12 10:05:26,36
A03644,S1010,DS200,reading,DS200-R0504,2025-02-22 21:39:17,87
A03645,S1004,MATH150,assignment,MATH150-A0804,2025-03-19 11:17:30,13
A03646,S1049,DS400,assignment,DS400-A0701,2025-04-08 16:26:37,75
A03647,S1038,CS301,lecture,CS301-L0703,2025-04-11 18:49:30,79
A03648,S1028,MATH150,quiz,MATH150-Q0704,2025-03-13 08:39:03,38
A03649,S1003,DS400,discussion,DS400-D0705,2025-04-25 20:30:28,31
A03650,S1013,MATH150,reading,MATH150-R0101,2025-04-02 13:57:49,47
A03651,S1010,DS200,reading,DS200-R0304,2025-04-09 02:27:07,47
A03652,S1013,CS301,discussion,CS301-D0402,2025-02-14 05:17:09,12
A03653,S1038,CS101,reading,CS101-R0405,2025-04-11 04:00:50,2
A03654,S1030,CS101,reading,CS101-R0504,2025-04-08 02:14:39,32
A03655,S1027,CS101,lecture,CS101-L0604,2025-04-19 10:28:31,82
A03656,S1038,CS101,lecture,CS101-L0601,2025-04-15 05:25:04,90
A03657,S1007,CS101,lecture,CS101-L0702,2025-03-14 13:24:13,2
A03658,S1002,DS400,lecture,DS400-L0304,2025-03-07 17:20:12,72
A03659,S1037,DS200,assignment,DS200-A0504,2025-05-01 04:45:42,44
A03660,S1039,CS301,discussion,CS301-D0402,2025-03-04 19:25:15,37
A03661,S1033,DS400,assignment,DS400-A0403,2025-03-21 15:21:38,12
A03662,S1039,DS200,lecture,DS200-L0505,2025-03-12 23:47:47,61
A03663,S1037,CS101,reading,CS101-R0702,2025-04-29 21:19:52,65
A03664,S1027,CS301,reading,CS301-R0402,2025-02-04 02:23:34,27
A03665,S1006,CS301,assignment,CS301-A0304,2025-03-14 23:14:43,47
A03666,S1010,DS400,video,DS400-V0504,2025-03-26 04:14:53,43
A03667,S1017,DS400,video,DS400-V0802,2025-03-02 00:54:12,1
A03668,S1003,CS101,assignment,CS101-A0301,2025-03-26 21:26:27,51
A03669,S1043,CS101,lecture,CS101-L0504,2025-04-19 13:33:03,3
A03670,S1021,CS101,discussion,CS101-D0105,2025-04-17 05:06:46,44
A03671,S1018,DS200,video,DS200-V0801,2025-03-12 18:29:40,84
A03672,S1013,CS101,assignment,CS101-A0402,2025-03-04 23:12:16,54
A03673,S1042,DS200,quiz,DS200-Q1002,2025-04-21 16:36:41,2
A03674,S1006,CS101,lecture,CS101-L0105,2025-02-06 23:03:42,68
A03675,S1039,DS400,video,DS400-V0205,2025-03-16 22:02:46,67
A03676,S1008,CS101,reading,CS101-R0901,2025-02-18 17:11:13,68
A03677,S1042,DS200,reading,DS200-R0501,2025-03-06 09:46:18,70
A03678,S1039,DS200,discussion,DS200-D0105,2025-04-14 16:18:25,30
A03679,S1004,MATH150,assignment,MATH150-A0404,2025-03-14 08:58:35,55
A03680,S1006,DS200,quiz,DS200-Q0702,2025-03-25 16:44:43,83
A03681,S1002,DS400,lecture,DS400-L0302,2025-04-08 08:20:34,82
A03682,S1028,DS400,lecture,DS400-L0605,2025-03-03 07:11:57,59
A03683,S1045,MATH150,quiz,MATH150-Q0103,2025-05-01 08:32:58,29
A03684,S1005,CS101,lecture,CS101-L0605,2025-02-22 11:07:59,87
A03685,S1050,DS200,lecture,DS200-L1004,2025-03-22 03:28:23,26
A03686,S1039,CS301,discussion,CS301-D0903,2025-02-15 10:00:11,13
A03687,S1036,DS400,lecture,DS400-L0502,2025-04-07 15:46:04,55
A03688,S1039,DS200,quiz,DS200-Q0703,2025-04-05 18:02:00,4
A03689,S1049,CS101,quiz,CS101-Q0804,2025-03-20 08:55:40,89
A03690,S1007,DS400,quiz,DS400-Q0804,2025-04-27 07:33:01,17
A03691,S1043,DS400,discussion,DS400-D0404,2025-05-02 20:36:43,31
A03692,S1028,DS400,discussion,DS400-D0601,2025-02-10 09:28:17,84
A03693,S1026,DS200,quiz,DS200-Q0702,2025-03-31 08:40:32,21
A03694,S1012,CS301,quiz,CS301-Q0704,2025-03-23 20:19:03,89
A03695,S1033,CS101,discussion,CS101-D0404,2025-04-05 08:34:43,51
A03696,S1006,CS301,reading,CS301-R0302,2025-03-27 07:12:37,83
A03697,S1039,DS400,discussion,DS400-D0104,2025-03-02 04:00:56,75
A03698,S1038,DS200,reading,DS200-R1005,2025-02-12 04:19:31,18
A03699,S1021,MATH150,discussion,MATH150-D0804,2025-03-19 00:06:43,20
A03700,S1028,MATH150,discussion,MATH150-D0804,2025-03-02 15:33:16,4
A03701,S1036,DS200,discussion,DS200-D0605,2025-02-04 06:19:59,41
A03702,S1002,CS101,assignment,CS101-A0501,2025-04-17 22:37:39,57
A03703,S1007,CS301,reading,CS301-R0805,2025-03-30 10:44:37,25
A03704,S1037,CS101,video,CS101-V1003,2025-04-27 02:07:12,51
A03705,S1023,CS101,discussion,CS101-D0904,2025-02-09 15:59:19,83
A03706,S1008,MATH150,discussion,MATH150-D0701,2025-02-07 07:36:25,84
A03707,S1024,CS101,lecture,CS101-L1002,2025-02-27 07:10:26,35
A03708,S1039,DS200,discussion,DS200-D0805,2025-04-23 23:14:50,63
A03709,S1023,CS301,lecture,CS301-L0401,2025-04-18 00:20:23,19
A03710,S1038,DS200,lecture,DS200-L0201,2025-04-13 20:28:49,20
A03711,S1022,CS101,lecture,CS101-L0904,2025-04-24 00:02:43,81
A03712,S1003,CS301,reading,CS301-R0305,2025-04-16 02:25:16,3
A03713,S1026,DS400,reading,DS400-R0302,2025-02-17 14:31:53,30
A03714,S1013,CS301,discussion,CS301-D0401,2025-04-04 10:13:28,72
A03715,S1002,CS301,video,CS301-V0101,2025-04-18 20:11:14,64
A03716,S1041,DS200,lecture,DS200-L0303,2025-04-19 03:15:53,23
A03717,S1025,CS301,video,CS301-V0505,2025-03-17 16:22:22,47
A03718,S1016,CS301,assignment,CS301-A0501,2025-04-10 13:43:12,42
A03719,S1032,CS101,assignment,CS101-A0503,2025-03-11 20:05:14,85
A03720,S1039,MATH150,quiz,MATH150-Q0803,2025-02-06 16:44:03,49
A03721,S1035,CS301,video,CS301-V0603,2025-02-26 10:48:45,48
A03722,S1015,MATH150,reading,MATH150-R0203,2025-03-10 20:17:38,84
A03723,S1028,DS400,discussion,DS400-D0703,2025-04-27 17:29:22,66
A03724,S1013,MATH150,discussion,MATH150-D0403,2025-03-28 09:27:55,30
A03725,S1043,MATH150,assignment,MATH150-A0904,2025-04-04 00:53:16,21
A03726,S1027,CS301,video,CS301-V0704,2025-04-23 10:39:49,39
A03727,S1034,MATH150,video,MATH150-V0301,2025-04-26 10:26:51,85
A03728,S1030,CS301,reading,CS301-R0904,2025-02-02 07:35:13,66
A03729,S1039,MATH150,video,MATH150-V0304,2025-04-17 18:32:33,79
A03730,S1036,DS200,assignment,DS200-A0503,2025-02-25 13:08:56,56
A03731,S1039,MATH150,discussion,MATH150-D0103,2025-02-04 04:20:06,40
A03732,S1021,CS101,reading,CS101-R0105,2025-02-18 20:23:54,69
A03733,S1018,CS301,quiz,CS301-Q0301,2025-02-06 20:04:57,59
A03734,S1013,MATH150,video,MATH150-V1002,2025-03-28 22:28:05,6
A03735,S1045,CS301,quiz,CS301-Q0404,2025-04-30 22:21:17,19
A03736,S1038,MATH150,reading,MATH150-R0601,2025-02-25 08:06:07,72
A03737,S1002,CS101,quiz,CS101-Q0303,2025-03-28 03:42:37,45
A03738,S1008,MATH150,lecture,MATH150-L0301,2025-03-02 23:44:13,44
A03739,S1002,DS200,discussion,DS200-D0203,2025-02-22 05:36:11,44
A03740,S1015,CS101,video,CS101-V0805,2025-02-27 14:00:30,88
A03741,S1044,DS200,video,DS200-V0805,2025-04-26 05:18:41,43
A03742,S1013,CS101,assignment,CS101-A0201,2025-02-15 16:21:36,31
A03743,S1043,MATH150,discussion,MATH150-D0103,2025-04-27 05:41:46,22
A03744,S1026,MATH150,video,MATH150-V0803,2025-02-16 08:05:26,71
A03745,S1028,CS301,video,CS301-V0601,2025-04-10 01:10:15,7
A03746,S1034,MATH150,quiz,MATH150-Q0405,2025-02-20 13:20:26,71
A03747,S1046,MATH150,reading,MATH150-R0503,2025-02-09 15:54:52,34
A03748,S1041,CS301,lecture,CS301-L1001,2025-03-30 15:08:34,30
A03749,S1021,CS101,lecture,CS101-L0803,2025-03-07 06:33:01,46
A03750,S1021,DS200,assignment,DS200-A0801,2025-05-02 13:33:00,54
A03751,S1009,CS301,video,CS301-V0901,2025-03-14 05:39:14,59
A03752,S1013,DS200,quiz,DS200-Q0504,2025-02-11 03:22:58,18
A03753,S1006,MATH150,quiz,MATH150-Q0604,2025-04-12 16:38:50,22
A03754,S1049,CS301,reading,CS301-R0202,2025-04-16 00:08:33,55
A03755,S1002,DS400,reading,DS400-R0901,2025-03-23 12:01:26,84
A03756,S1029,CS301,video,CS301-V0105,2025-04-03 04:58:37,8
A03757,S1028,DS400,video,DS400-V0205,2025-04-23 16:13:38,56
A03758,S1016,CS101,video,CS101-V1005,2025-03-06 11:55:31,10
A03759,S1028,CS301,lecture,CS301-L0503,2025-02-05 00:37:25,43
A03760,S1047,DS400,discussion,DS400-D0902,2025-05-01 23:17:14,17
A03761,S1044,CS301,quiz,CS301-Q0401,2025-02-18 16:36:42,28
A03762,S1018,DS200,discussion,DS200-D0905,2025-02-05 14:35:11,40
A03763,S1033,MATH150,lecture,MATH150-L0502,2025-02-07 10:10:28,19
A03764,S1024,DS400,video,DS400-V0703,2025-03-09 10:23:28,6
A03765,S1044,DS200,discussion,DS200-D0302,2025-02-12 06:24:34,32
A03766,S1017,DS200,quiz,DS200-Q0603,2025-03-16 17:50:34,49
A03767,S1030,DS200,discussion,DS200-D1001,2025-02-12 13:42:29,43
A03768,S1019,DS400,lecture,DS400-L0503,2025-02-20 17:10:14,11
A03769,S1034,DS200,assignment,DS200-A0502,2025-03-16 04:35:47,79
A03770,S1024,DS200,lecture,DS200-L0102,2025-04-07 09:15:30,75
A03771,S1031,CS301,lecture,CS301-L0203,2025-02-03 09:44:29,53
A03772,S1010,DS400,lecture,DS400-L0805,2025-02-14 03:42:30,50
A03773,S1022,CS101,quiz,CS101-Q0402,2025-03-23 07:31:33,15
A03774,S1028,DS200,assignment,DS200-A1001,2025-04-15 01:43:50,7
A03775,S1047,DS400,quiz,DS400-Q0405,2025-02-16 23:32:45,21
A03776,S1007,DS400,discussion,DS400-D0404,2025-03-28 22:35:51,10
A03777,S1021,CS301,video,CS301-V0804,2025-04-18 09:49:46,62
A03778,S1008,CS101,reading,CS101-R0305,2025-03-23 18:16:14,88
A03779,S1029,CS301,lecture,CS301-L0803,2025-03-07 11:45:47,77
A03780,S1048,DS400,assignment,DS400-A0203,2025-04-26 16:46:01,26
A03781,S1004,MATH150,reading,MATH150-R0601,2025-02-02 21:02:53,23
A03782,S1001,DS200,assignment,DS200-A0705,2025-02-25 13:34:12,72
A03783,S1032,DS400,discussion,DS400-D0102,2025-04-15 04:22:46,40
A03784,S1041,MATH150,lecture,MATH150-L0305,2025-03-04 13:44:40,65
A03785,S1026,CS301,quiz,CS301-Q0102,2025-04-05 20:12:45,7
A03786,S1018,CS101,discussion,CS101-D0403,2025-03-13 11:50:13,88
A03787,S1045,CS301,assignment,CS301-A0603,2025-04-03 14:17:30,9
A03788,S1035,DS200,video,DS200-V0705,2025-03-22 21:38:03,13
A03789,S1003,CS101,video,CS101-V0902,2025-03-17 05:07:47,23
A03790,S1005,CS101,reading,CS101-R0202,2025-02-25 14:48:30,36
A03791,S1025,CS101,lecture,CS101-L0903,2025-02-17 09:00:50,20
A03792,S1001,CS101,video,CS101-V0905,2025-02-18 06:51:41,47
A03793,S1016,DS200,lecture,DS200-L0902,2025-04-09 09:25:13,10
A03794,S1049,CS301,discussion,CS301-D0204,2025-02-23 10:50:14,54
A03795,S1001,DS200,discussion,DS200-D1001,2025-04-05 20:04:11,90
A03796,S1031,DS200,assignment,DS200-A0705,2025-02-03 02:21:23,60
A03797,S1048,DS400,discussion,DS400-D0504,2025-03-15 11:11:41,62
A03798,S1012,CS101,lecture,CS101-L0103,2025-02-14 10:27:10,11
A03799,S1017,CS101,lecture,CS101-L0801,2025-03-18 05:14:05,15
A03800,S1028,DS200,reading,DS200-R0903,2025-04-27 11:20:42,4
A03801,S1042,DS400,discussion,DS400-D0601,2025-02-19 09:03:46,28
A03802,S1030,CS101,discussion,CS101-D0601,2025-04-17 02:55:01,15
A03803,S1050,DS400,lecture,DS400-L1003,2025-04-20 09:40:34,83
A03804,S1020,MATH150,reading,MATH150-R0604,2025-04-01 15:51:40,61
A03805,S1010,DS400,quiz,DS400-Q0603,2025-03-11 16:29:31,15
A03806,S1039,DS200,quiz,DS200-Q0704,2025-02-09 11:15:18,31
A03807,S1029,CS301,assignment,CS301-A0205,2025-03-22 11:07:08,54
A03808,S1049,DS200,quiz,DS200-Q0405,2025-03-08 06:40:48,52
A03809,S1007,DS200,assignment,DS200-A0704,2025-05-02 13:13:29,57
A03810,S1035,DS200,lecture,DS200-L0603,2025-03-21 21:00:18,27
A03811,S1030,CS101,video,CS101-V0905,2025-03-20 06:20:38,37
A03812,S1003,DS200,assignment,DS200-A0302,2025-04-09 14:39:42,84
A03813,S1046,MATH150,assignment,MATH150-A0701,2025-03-03 04:27:50,39
A03814,S1026,CS301,video,CS301-V0804,2025-02-21 18:07:44,28
A03815,S1001,MATH150,assignment,MATH150-A0201,2025-04-21 01:57:37,59
A03816,S1027,CS101,assignment,CS101-A0502,2025-04-03 16:05:57,86
A03817,S1007,MATH150,video,MATH150-V0505,2025-02-23 21:19:28,15
A03818,S1039,CS301,discussion,CS301-D0702,2025-04-29 00:11:36,54
A03819,S1017,CS301,lecture,CS301-L0504,2025-03-04 06:43:11,49
A03820,S1035,DS400,quiz,DS400-Q1005,2025-04-30 11:39:22,62
A03821,S1002,DS200,quiz,DS200-Q0905,2025-04-18 13:04:54,30
A03822,S1001,CS101,reading,CS101-R0902,2025-03-21 02:22:10,88
A03823,S1039,DS200,quiz,DS200-Q0401,2025-04-17 04:41:17,45
A03824,S1037,DS200,assignment,DS200-A0305,2025-02-12 21:40:02,85
A03825,S1042,DS200,quiz,DS200-Q0104,2025-03-05 21:29:11,77
A03826,S1015,MATH150,lecture,MATH150-L0103,2025-02-06 17:09:12,49
A03827,S1048,DS200,discussion,DS200-D0201,2025-03-26 14:42:38,58
A03828,S1011,DS200,discussion,DS200-D0303,2025-03-20 10:58:25,16
A03829,S1034,DS200,lecture,DS200-L0205,2025-02-12 23:03:37,58
A03830,S1045,DS400,quiz,DS400-Q0104,2025-03-06 08:45:12,87
A03831,S1029,DS400,discussion,DS400-D0903,2025-04-23 17:05:45,74
A03832,S1031,MATH150,discussion,MATH150-D1004,2025-04-03 11:36:30,77
A03833,S1004,MATH150,video,MATH150-V0301,2025-03-21 11:28:59,16
A03834,S1008,MATH150,discussion,MATH150-D0703,2025-03-14 09:47:30,46
A03835,S1034,CS101,discussion,CS101-D1005,2025-04-07 05:37:00,14
A03836,S1001,CS301,lecture,CS301-L0802,2025-04-04 05:13:31,88
A03837,S1046,MATH150,quiz,MATH150-Q0401,2025-03-13 11:28:55,26
A03838,S1007,DS200,discussion,DS200-D0803,2025-04-23 17:29:50,46
A03839,S1029,DS200,assignment,DS200-A0701,2025-03-14 12:13:24,77
A03840,S1020,DS400,quiz,DS400-Q0404,2025-05-01 14:21:51,72
A03841,S1033,CS101,lecture,CS101-L1002,2025-03-24 21:33:32,89
A03842,S1046,DS400,assignment,DS400-A1005,2025-02-07 01:42:38,51
A03843,S1034,DS200,assignment,DS200-A0101,2025-04-17 00:15:55,27
A03844,S1042,CS101,quiz,CS101-Q0204,2025-03-21 19:27:00,45
A03845,S1013,DS200,lecture,DS200-L0702,2025-04-20 18:49:46,89
A03846,S1013,CS301,lecture,CS301-L0401,2025-03-19 12:35:09,79
A03847,S1034,MATH150,reading,MATH150-R1001,2025-04-16 02:36:07,6
A03848,S1020,DS400,lecture,DS400-L0404,2025-04-08 04:05:35,21
A03849,S1039,MATH150,assignment,MATH150-A0503,2025-03-23 23:01:58,43
A03850,S1033,DS200,reading,DS200-R0702,2025-04-08 21:37:57,77
A03851,S1038,DS400,lecture,DS400-L0304,2025-04-25 10:59:37,36
A03852,S1047,DS200,discussion,DS200-D0302,2025-05-01 07:11:15,42
A03853,S1050,MATH150,lecture,MATH150-L0803,2025-02-08 15:25:52,77
A03854,S1045,DS200,reading,DS200-R0901,2025-04-03 23:25:04,33
A03855,S1032,CS301,video,CS301-V0202,2025-04-11 11:34:56,25
A03856,S1026,CS101,lecture,CS101-L0904,2025-02-24 12:29:10,74
A03857,S1039,MATH150,reading,MATH150-R0501,2025-04-22 22:52:58,27
A03858,S1047,DS400,reading,DS400-R0602,2025-02-10 23:31:57,41
A03859,S1025,DS200,lecture,DS200-L1002,2025-02-02 17:08:39,61
A03860,S1039,CS301,discussion,CS301-D0605,2025-02-06 08:26:34,84
A03861,S1038,CS301,assignment,CS301-A0503,2025-04-28 11:58:11,75
A03862,S1035,CS301,video,CS301-V0501,2025-03-28 11:25:13,79
A03863,S1039,DS200,assignment,DS200-A0204,2025-03-20 19:27:27,82
A03864,S1050,DS200,reading,DS200-R0204,2025-03-12 18:03:54,66
A03865,S1005,CS101,video,CS101-V0405,2025-03-19 13:11:48,25
A03866,S1028,CS301,lecture,CS301-L0802,2025-02-13 14:55:53,62
A03867,S1043,DS200,assignment,DS200-A0501,2025-04-11 10:50:01,24
A03868,S1020,DS200,assignment,DS200-A0302,2025-04-14 05:32:31,35
A03869,S1007,DS400,discussion,DS400-D0401,2025-03-13 20:28:36,87
A03870,S1016,DS200,assignment,DS200-A0404,2025-03-04 05:30:08,40
A03871,S1001,CS101,discussion,CS101-D0203,2025-03-02 01:06:56,35
A03872,S1011,MATH150,discussion,MATH150-D0502,2025-04-07 20:44:43,86
A03873,S1002,DS200,assignment,DS200-A0502,2025-04-21 08:53:24,48
A03874,S1001,DS400,reading,DS400-R0804,2025-03-07 22:54:06,90
A03875,S1006,CS101,assignment,CS101-A0904,2025-04-06 16:42:31,9
A03876,S1022,CS301,reading,CS301-R0105,2025-04-20 19:22:03,74
A03877,S1019,CS101,reading,CS101-R0803,2025-02-20 13:15:46,80
A03878,S1035,DS400,assignment,DS400-A0202,2025-03-19 06:10:54,5
A03879,S1021,MATH150,assignment,MATH150-A0303,2025-04-24 07:24:10,42
A03880,S1006,DS400,lecture,DS400-L0902,2025-03-11 07:18:25,10
A03881,S1043,CS101,lecture,CS101-L0403,2025-03-11 02:09:04,41
A03882,S1040,MATH150,video,MATH150-V1005,2025-02-18 21:42:12,5
A03883,S1041,DS200,video,DS200-V0804,2025-04-11 21:58:00,49
A03884,S1028,DS400,assignment,DS400-A0705,2025-02-18 16:40:18,22
A03885,S1037,MATH150,video,MATH150-V0405,2025-03-11 03:03:56,12
A03886,S1037,MATH150,lecture,MATH150-L0205,2025-04-18 20:07:57,25
A03887,S1039,CS101,discussion,CS101-D0403,2025-02-14 04:25:46,36
A03888,S1042,DS200,reading,DS200-R0104,2025-03-15 02:24:29,87
A03889,S1012,DS400,assignment,DS400-A0403,2025-03-13 16:33:16,25
A03890,S1013,MATH150,assignment,MATH150-A0905,2025-04-01 13:31:52,30
A03891,S1016,MATH150,video,MATH150-V0803,2025-02-11 19:49:55,68
A03892,S1025,CS301,discussion,CS301-D0501,2025-03-23 04:01:22,56
A03893,S1050,MATH150,reading,MATH150-R0303,2025-02-26 01:20:45,72
A03894,S1012,CS301,discussion,CS301-D0305,2025-03-05 21:20:38,44
A03895,S1002,CS301,reading,CS301-R0403,2025-04-22 14:26:33,3
A03896,S1037,MATH150,video,MATH150-V0905,2025-04-21 05:16:48,80
A03897,S1024,DS400,reading,DS400-R0801,2025-02-26 00:31:43,73
A03898,S1028,DS400,quiz,DS400-Q0503,2025-02-22 05:09:51,42
A03899,S1039,CS101,quiz,CS101-Q0703,2025-02-06 05:19:14,34
A03900,S1030,CS101,discussion,CS101-D0902,2025-02-02 07:28:54,5
A03901,S1049,DS400,discussion,DS400-D0603,2025-02-15 02:42:02,71
A03902,S1033,CS301,video,CS301-V0503,2025-04-14 16:15:10,79
A03903,S1042,CS301,assignment,CS301-A0705,2025-03-15 23:22:33,56
A03904,S1029,DS400,discussion,DS400-D1005,2025-02-26 22:36:28,59
A03905,S1002,CS301,assignment,CS301-A0204,2025-04-10 20:41:47,83
A03906,S1002,CS301,discussion,CS301-D0101,2025-04-25 00:53:57,34
A03907,S1040,CS301,lecture,CS301-L0201,2025-04-16 12:51:55,28
A03908,S1034,MATH150,assignment,MATH150-A0801,2025-03-06 13:32:43,51
A03909,S1031,MATH150,quiz,MATH150-Q0703,2025-02-01 21:02:44,84
A03910,S1022,CS101,discussion,CS101-D0904,2025-02-03 19:32:07,88
A03911,S1007,CS301,quiz,CS301-Q0503,2025-03-28 12:45:09,88
A03912,S1012,DS200,reading,DS200-R0403,2025-04-02 03:57:03,82
A03913,S1028,DS400,discussion,DS400-D0601,2025-04-28 14:19:58,36
A03914,S1021,CS101,assignment,CS101-A0604,2025-03-13 12:51:57,74
A03915,S1015,CS301,reading,CS301-R0501,2025-02-15 01:09:47,34
A03916,S1012,DS400,quiz,DS400-Q0204,2025-04-23 14:19:05,90
A03917,S1035,DS400,video,DS400-V0604,2025-02-13 22:43:56,39
A03918,S1003,DS200,reading,DS200-R0102,2025-03-26 04:41:37,42
A03919,S1046,CS301,quiz,CS301-Q0304,2025-04-27 18:45:41,39
A03920,S1033,CS101,assignment,CS101-A0702,2025-03-24 02:19:34,83
A03921,S1019,DS400,video,DS400-V0705,2025-04-27 03:54:49,7
A03922,S1043,CS301,video,CS301-V0605,2025-03-07 22:20:05,29
A03923,S1002,CS101,lecture,CS101-L0202,2025-03-16 12:30:37,71
A03924,S1037,CS301,discussion,CS301-D0601,2025-04-21 04:14:09,79
A03925,S1042,DS200,lecture,DS200-L0505,2025-04-26 08:03:55,48
A03926,S1010,CS301,quiz,CS301-Q0605,2025-03-10 09:10:49,61
A03927,S1004,DS200,quiz,DS200-Q0604,2025-02-16 02:43:01,7
A03928,S1013,CS301,video,CS301-V0503,2025-04-08 21:26:49,37
A03929,S1014,DS400,reading,DS400-R0705,2025-04-18 16:30:53,77
A03930,S1025,DS200,video,DS200-V0205,2025-02-08 20:33:22,87
A03931,S1010,DS200,video,DS200-V0604,2025-04-08 20:34:20,54
A03932,S1006,CS301,assignment,CS301-A0104,2025-04-28 13:59:15,29
A03933,S1008,CS301,reading,CS301-R0503,2025-03-18 15:05:46,60
A03934,S1028,DS200,assignment,DS200-A0702,2025-03-11 13:19:13,32
A03935,S1026,CS301,discussion,CS301-D0601,2025-03-23 08:00:26,79
A03936,S1036,DS400,quiz,DS400-Q0803,2025-04-18 22:44:41,64
A03937,S1050,MATH150,discussion,MATH150-D0503,2025-04-05 23:40:57,31
A03938,S1019,DS400,assignment,DS400-A0602,2025-03-30 21:44:38,46
A03939,S1013,CS301,assignment,CS301-A0803,2025-04-28 03:13:39,4
A03940,S1049,DS200,quiz,DS200-Q0704,2025-03-14 15:20:37,72
A03941,S1031,MATH150,lecture,MATH150-L0502,2025-02-04 01:25:05,62
A03942,S1027,CS301,reading,CS301-R0203,2025-03-31 19:30:25,57
A03943,S1023,DS200,reading,DS200-R0201,2025-03-04 15:47:56,61
A03944,S1050,DS200,assignment,DS200-A0401,2025-04-03 06:16:04,76
A03945,S1004,CS101,assignment,CS101-A0105,2025-04-25 12:08:44,36
A03946,S1048,CS101,quiz,CS101-Q0604,2025-03-08 12:57:18,65
A03947,S1010,DS200,assignment,DS200-A0503,2025-03-07 05:07:04,32
A03948,S1034,MATH150,assignment,MATH150-A0703,2025-02-25 18:09:04,44
A03949,S1012,DS200,assignment,DS200-A0304,2025-03-15 14:31:08,5
A03950,S1041,CS101,lecture,CS101-L0504,2025-02-04 16:16:29,74
A03951,S1048,CS101,lecture,CS101-L0102,2025-04-21 23:51:23,40
A03952,S1038,MATH150,quiz,MATH150-Q0201,2025-04-01 03:02:35,89
A03953,S1049,DS400,discussion,DS400-D1005,2025-04-14 06:59:37,52
A03954,S1021,CS101,lecture,CS101-L0901,2025-04-09 04:04:30,41
A03955,S1033,DS200,assignment,DS200-A0803,2025-03-12 21:10:16,55
A03956,S1005,MATH150,assignment,MATH150-A0504,2025-03-17 10:25:09,55
A03957,S1006,DS400,assignment,DS400-A0705,2025-03-21 03:23:36,86
A03958,S1001,MATH150,assignment,MATH150-A0805,2025-03-13 20:02:36,52
A03959,S1043,CS301,discussion,CS301-D0305,2025-02-03 09:47:42,48
A03960,S1046,DS200,reading,DS200-R0703,2025-04-01 03:57:22,76
A03961,S1024,CS101,discussion,CS101-D1001,2025-02-28 16:34:46,22
A03962,S1045,DS200,assignment,DS200-A0401,2025-04-13 17:56:13,24
A03963,S1037,DS200,quiz,DS200-Q0703,2025-04-25 22:04:17,3
A03964,S1021,MATH150,quiz,MATH150-Q0405,2025-03-25 19:38:08,55
A03965,S1012,DS200,lecture,DS200-L0501,2025-03-08 07:05:40,9
A03966,S1014,CS101,discussion,CS101-D0704,2025-02-05 00:01:49,40
A03967,S1032,MATH150,quiz,MATH150-Q0402,2025-03-27 10:37:37,76
A03968,S1006,MATH150,quiz,MATH150-Q0903,2025-02-18 03:36:02,34
A03969,S1030,MATH150,reading,MATH150-R0301,2025-02-20 02:56:42,42
A03970,S1039,MATH150,reading,MATH150-R0201,2025-04-29 23:31:59,87
A03971,S1011,DS200,discussion,DS200-D0802,2025-04-24 06:18:44,46
A03972,S1006,DS400,assignment,DS400-A0704,2025-03-03 23:29:47,64
A03973,S1031,MATH150,lecture,MATH150-L0401,2025-02-21 15:14:41,47
A03974,S1005,DS400,assignment,DS400-A0401,2025-02-15 14:18:17,46
A03975,S1033,MATH150,video,MATH150-V0504,2025-04-17 20:51:18,41
A03976,S1035,CS101,reading,CS101-R0405,2025-03-25 01:27:22,69
A03977,S1024,DS200,assignment,DS200-A0204,2025-03-27 07:23:51,78
A03978,S1021,MATH150,discussion,MATH150-D1001,2025-04-21 09:40:23,74
A03979,S1034,MATH150,assignment,MATH150-A0202,2025-03-27 15:50:25,49
A03980,S1022,MATH150,discussion,MATH150-D0204,2025-03-18 14:28:14,45
A03981,S1049,DS400,video,DS400-V0405,2025-02-21 19:51:16,13
A03982,S1038,DS200,reading,DS200-R0905,2025-02-10 18:36:06,71
A03983,S1046,CS101,assignment,CS101-A0102,2025-03-25 14:36:05,9
A03984,S1017,CS301,video,CS301-V0502,2025-04-11 04:22:47,78
A03985,S1012,MATH150,video,MATH150-V0205,2025-04-27 22:51:22,48
A03986,S1037,CS301,assignment,CS301-A0401,2025-04-24 11:14:16,76
A03987,S1048,CS101,video,CS101-V0205,2025-03-04 09:31:06,20
A03988,S1031,DS200,reading,DS200-R0201,2025-03-02 14:00:35,52
A03989,S1006,DS200,video,DS200-V0203,2025-04-28 13:39:28,83
A03990,S1023,MATH150,video,MATH150-V0101,2025-03-05 00:16:31,29
A03991,S1003,DS200,lecture,DS200-L0503,2025-02-02 20:50:22,58
A03992,S1029,DS400,lecture,DS400-L0201,2025-04-02 17:47:54,53
A03993,S1024,DS400,discussion,DS400-D0503,2025-03-04 22:02:09,59
A03994,S1027,CS301,video,CS301-V0503,2025-04-28 22:15:34,39
A03995,S1008,DS400,assignment,DS400-A0305,2025-03-31 06:05:01,13
A03996,S1010,CS301,discussion,CS301-D1003,2025-03-07 00:04:47,20
A03997,S1004,CS301,reading,CS301-R0205,2025-05-01 22:31:53,14
A03998,S1002,CS301,lecture,CS301-L0704,2025-04-09 20:47:33,79
A03999,S1006,CS101,lecture,CS101-L0902,2025-02-17 09:50:22,86
A04000,S1017,DS200,assignment,DS200-A0204,2025-03-25 20:50:27,19
A04001,S1027,DS400,video,DS400-V0301,2025-04-04 07:30:08,64
A04002,S1023,CS301,video,CS301-V0705,2025-03-29 01:34:54,49
A04003,S1010,CS101,discussion,CS101-D0403,2025-03-22 02:00:57,74
A04004,S1046,CS101,assignment,CS101-A0101,2025-03-07 09:26:45,73
A04005,S1015,DS200,assignment,DS200-A0604,2025-02-14 10:41:49,17
A04006,S1036,CS301,lecture,CS301-L0402,2025-02-16 00:35:16,4
A04007,S1003,CS301,reading,CS301-R0903,2025-04-02 15:34:28,64
A04008,S1048,DS200,reading,DS200-R0405,2025-03-18 19:58:53,16
A04009,S1010,DS400,reading,DS400-R0203,2025-03-06 08:46:47,24
A04010,S1046,CS101,reading,CS101-R0901,2025-04-11 11:10:58,19
A04011,S1041,DS400,quiz,DS400-Q0104,2025-02-06 03:15:41,37
A04012,S1036,CS101,video,CS101-V0303,2025-02-03 02:44:13,54
A04013,S1023,MATH150,quiz,MATH150-Q0504,2025-04-20 23:52:51,52
A04014,S1045,DS400,reading,DS400-R0105,2025-02-04 03:12:14,33
A04015,S1006,DS400,assignment,DS400-A1005,2025-03-05 23:00:16,56
A04016,S1026,MATH150,video,MATH150-V0101,2025-04-30 07:25:45,50
A04017,S1022,MATH150,quiz,MATH150-Q0302,2025-03-23 20:33:03,72
A04018,S1032,DS400,discussion,DS400-D0904,2025-04-13 13:18:02,49
A04019,S1023,CS301,assignment,CS301-A1005,2025-04-23 10:00:19,31
A04020,S1005,DS200,quiz,DS200-Q0104,2025-04-05 16:54:15,17
A04021,S1009,DS400,lecture,DS400-L0201,2025-04-20 11:34:46,25
A04022,S1036,CS301,lecture,CS301-L0504,2025-04-23 12:36:54,76
A04023,S1018,CS301,lecture,CS301-L1005,2025-02-03 08:51:56,28
A04024,S1033,CS101,video,CS101-V0601,2025-04-16 15:41:09,33
A04025,S1034,DS400,reading,DS400-R0405,2025-02-18 05:31:55,73
A04026,S1019,MATH150,lecture,MATH150-L1001,2025-02-27 01:52:24,59
A04027,S1037,CS101,reading,CS101-R0403,2025-03-16 15:21:51,17
A04028,S1036,DS200,discussion,DS200-D0601,2025-04-14 06:34:13,53
A04029,S1031,DS200,assignment,DS200-A0105,2025-03-06 01:05:58,29
A04030,S1009,CS301,quiz,CS301-Q0105,2025-02-26 17:05:36,66
A04031,S1049,DS400,quiz,DS400-Q0904,2025-04-23 21:56:53,43
A04032,S1025,DS200,discussion,DS200-D0303,2025-04-18 01:10:17,85
A04033,S1043,DS400,assignment,DS400-A0302,2025-03-24 21:30:57,22
A04034,S1046,DS400,lecture,DS400-L0205,2025-02-23 01:40:48,20
A04035,S1016,MATH150,video,MATH150-V0104,2025-04-30 02:03:52,66
A04036,S1033,MATH150,quiz,MATH150-Q0903,2025-04-09 00:57:18,55
A04037,S1032,CS301,assignment,CS301-A0805,2025-02-03 15:58:07,79
A04038,S1026,MATH150,reading,MATH150-R0902,2025-03-20 10:32:40,35
A04039,S1047,MATH150,discussion,MATH150-D0605,2025-03-19 23:37:30,43
A04040,S1010,CS101,video,CS101-V0602,2025-02-09 18:02:39,62
A04041,S1021,MATH150,assignment,MATH150-A0605,2025-04-03 21:27:21,21
A04042,S1033,DS400,quiz,DS400-Q0505,2025-04-11 15:56:15,59
A04043,S1018,CS101,assignment,CS101-A0203,2025-03-24 23:54:25,50
A04044,S1044,DS200,quiz,DS200-Q0803,2025-04-16 17:16:55,16
A04045,S1048,CS101,discussion,CS101-D1004,2025-03-15 01:51:03,33
A04046,S1022,DS200,reading,DS200-R1004,2025-03-08 09:30:59,41
A04047,S1005,MATH150,assignment,MATH150-A0703,2025-04-28 23:08:03,15
A04048,S1040,CS301,quiz,CS301-Q0905,2025-03-15 07:22:00,31
A04049,S1047,CS101,lecture,CS101-L1002,2025-03-07 22:43:38,65
A04050,S1012,CS101,lecture,CS101-L0702,2025-04-24 03:33:53,5
A04051,S1006,MATH150,discussion,MATH150-D0802,2025-02-18 15:00:02,36
A04052,S1010,DS200,discussion,DS200-D0505,2025-04-19 18:08:25,28
A04053,S1020,DS400,video,DS400-V0804,2025-03-13 16:47:01,71
A04054,S1004,DS400,assignment,DS400-A0903,2025-03-16 04:37:55,84
A04055,S1045,CS101,lecture,CS101-L0901,2025-02-28 12:46:35,2
A04056,S1014,DS200,reading,DS200-R0901,2025-02-08 20:40:23,43
A04057,S1015,CS301,assignment,CS301-A0403,2025-04-20 00:23:08,68
A04058,S1026,CS301,assignment,CS301-A0801,2025-03-07 10:58:43,42
A04059,S1017,MATH150,quiz,MATH150-Q0103,2025-02-25 15:55:46,75
A04060,S1010,CS301,lecture,CS301-L1004,2025-03-20 22:01:20,35
A04061,S1048,CS301,assignment,CS301-A0304,2025-02-15 01:54:19,7
A04062,S1041,MATH150,assignment,MATH150-A0404,2025-05-02 16:44:54,90
A04063,S1020,DS400,discussion,DS400-D0201,2025-04-01 01:23:51,89
A04064,S1010,DS400,reading,DS400-R0704,2025-04-14 14:39:15,81
A04065,S1044,DS200,discussion,DS200-D0601,2025-02-18 10:42:52,11
A04066,S1023,MATH150,assignment,MATH150-A0405,2025-02-25 17:54:51,3
A04067,S1044,CS301,quiz,CS301-Q0603,2025-03-27 04:14:26,18
A04068,S1006,DS200,quiz,DS200-Q0304,2025-02-27 02:21:13,28
A04069,S1039,MATH150,quiz,MATH150-Q0805,2025-02-27 19:04:07,37
A04070,S1048,CS301,lecture,CS301-L0805,2025-04-02 01:11:15,3
A04071,S1031,MATH150,lecture,MATH150-L1005,2025-02-11 14:04:13,78
A04072,S1033,CS101,quiz,CS101-Q0803,2025-03-09 19:50:45,9
A04073,S1010,DS400,assignment,DS400-A0503,2025-02-11 04:34:08,40
A04074,S1039,DS200,reading,DS200-R0401,2025-03-15 13:36:09,36
A04075,S1040,DS400,video,DS400-V0902,2025-03-24 02:26:12,83
A04076,S1022,DS400,quiz,DS400-Q0504,2025-03-17 01:42:50,56
A04077,S1023,CS301,reading,CS301-R1001,2025-03-20 14:41:21,3
A04078,S1024,MATH150,reading,MATH150-R1003,2025-04-05 20:22:16,27
A04079,S1041,MATH150,video,MATH150-V0705,2025-03-19 13:51:14,85
A04080,S1032,CS101,reading,CS101-R0705,2025-02-18 20:03:20,19
A04081,S1047,CS101,discussion,CS101-D0505,2025-04-26 05:35:55,7
A04082,S1032,CS301,assignment,CS301-A0403,2025-04-26 20:49:19,15
A04083,S1023,DS200,reading,DS200-R1004,2025-03-19 04:13:54,16
A04084,S1004,CS101,lecture,CS101-L0203,2025-04-05 08:16:13,33
A04085,S1030,CS301,video,CS301-V0505,2025-02-27 09:21:55,31
A04086,S1043,CS101,assignment,CS101-A0505,2025-03-20 20:09:36,18
A04087,S1012,MATH150,reading,MATH150-R0805,2025-03-06 13:38:53,52
A04088,S1017,CS101,video,CS101-V0603,2025-04-05 19:14:33,82
A04089,S1032,MATH150,lecture,MATH150-L0705,2025-03-05 19:04:57,84
A04090,S1024,CS301,video,CS301-V1003,2025-02-16 14:17:33,31
A04091,S1010,DS400,reading,DS400-R0603,2025-03-27 12:46:52,3
A04092,S1050,DS400,reading,DS400-R0805,2025-03-03 03:15:58,63
A04093,S1024,DS400,lecture,DS400-L0704,2025-02-06 04:10:42,20
A04094,S1034,MATH150,assignment,MATH150-A0202,2025-03-13 17:33:49,22
A04095,S1016,DS200,assignment,DS200-A0504,2025-02-02 01:18:30,39
A04096,S1002,CS301,lecture,CS301-L0504,2025-04-21 05:03:15,76
A04097,S1029,CS101,reading,CS101-R0805,2025-03-21 08:42:13,89
A04098,S1016,MATH150,lecture,MATH150-L0903,2025-04-12 03:50:15,41
A04099,S1037,MATH150,lecture,MATH150-L0902,2025-03-22 08:24:39,37
A04100,S1024,CS301,lecture,CS301-L0204,2025-02-04 08:06:28,25
A04101,S1039,CS301,lecture,CS301-L0101,2025-03-18 13:04:35,45
A04102,S1040,CS101,assignment,CS101-A0101,2025-03-16 10:18:25,5
A04103,S1025,CS301,discussion,CS301-D0505,2025-02-05 02:51:16,63
A04104,S1035,CS301,assignment,CS301-A1002,2025-03-25 05:35:23,41
A04105,S1021,CS101,quiz,CS101-Q0301,2025-04-15 14:49:49,47
A04106,S1038,DS200,assignment,DS200-A0905,2025-03-15 01:25:51,57
A04107,S1026,DS200,reading,DS200-R0404,2025-03-21 03:16:05,31
A04108,S1024,MATH150,assignment,MATH150-A0905,2025-03-13 10:30:51,6
A04109,S1032,CS101,quiz,CS101-Q0302,2025-03-25 17:11:08,69
A04110,S1014,MATH150,lecture,MATH150-L0402,2025-04-20 15:01:50,45
A04111,S1007,DS200,discussion,DS200-D0101,2025-02-28 06:58:33,25
A04112,S1004,DS400,quiz,DS400-Q0502,2025-03-21 16:31:52,82
A04113,S1020,DS400,video,DS400-V0704,2025-04-25 12:03:09,87
A04114,S1015,MATH150,quiz,MATH150-Q1004,2025-03-16 17:59:48,9
A04115,S1045,MATH150,discussion,MATH150-D0102,2025-04-11 04:25:03,86
A04116,S1001,CS101,quiz,CS101-Q0403,2025-04-18 00:53:39,81
A04117,S1028,MATH150,discussion,MATH150-D0304,2025-04-22 21:49:42,4
A04118,S1033,DS200,reading,DS200-R0304,2025-02-24 21:50:19,61
A04119,S1038,MATH150,assignment,MATH150-A0202,2025-04-28 22:17:04,65
A04120,S1049,DS400,quiz,DS400-Q0705,2025-02-11 22:31:55,12
A04121,S1009,DS200,video,DS200-V0301,2025-02-27 11:45:00,81
A04122,S1043,DS200,reading,DS200-R0304,2025-02-09 21:25:01,14
A04123,S1038,CS301,assignment,CS301-A0905,2025-04-21 03:06:31,19
A04124,S1022,DS400,reading,DS400-R0703,2025-03-17 17:00:29,34
A04125,S1041,MATH150,quiz,MATH150-Q0602,2025-02-19 10:22:04,48
A04126,S1044,MATH150,reading,MATH150-R0501,2025-02-12 11:47:19,67
A04127,S1007,DS400,assignment,DS400-A0601,2025-02-22 15:11:01,49
A04128,S1029,DS200,discussion,DS200-D0103,2025-02-15 21:21:56,8
A04129,S1014,DS400,assignment,DS400-A0901,2025-04-09 20:46:51,76
A04130,S1014,CS301,assignment,CS301-A0705,2025-03-03 02:05:33,13
A04131,S1035,MATH150,quiz,MATH150-Q0203,2025-03-10 23:03:15,86
A04132,S1009,DS200,lecture,DS200-L0203,2025-04-07 03:12:29,67
A04133,S1016,DS200,video,DS200-V0603,2025-02-07 15:57:18,13
A04134,S1008,DS200,quiz,DS200-Q0305,2025-02-21 23:24:27,50
A04135,S1001,DS200,lecture,DS200-L0904,2025-04-28 03:51:42,51
A04136,S1019,CS301,quiz,CS301-Q0105,2025-02-02 21:32:55,54
A04137,S1043,CS301,quiz,CS301-Q0205,2025-02-24 21:43:51,60
A04138,S1025,DS200,assignment,DS200-A1003,2025-02-02 02:56:45,62
A04139,S1027,CS301,assignment,CS301-A0204,2025-02-19 21:16:09,13
A04140,S1032,DS200,lecture,DS200-L0505,2025-03-24 16:53:29,67
A04141,S1026,DS400,lecture,DS400-L0501,2025-03-22 12:20:57,50
A04142,S1037,DS200,lecture,DS200-L0402,2025-03-11 10:59:12,39
A04143,S1042,MATH150,quiz,MATH150-Q0505,2025-03-15 13:29:57,60
A04144,S1020,CS101,discussion,CS101-D1001,2025-03-12 19:58:16,5
A04145,S1021,DS200,discussion,DS200-D0104,2025-04-19 01:14:23,33
A04146,S1037,CS101,discussion,CS101-D0801,2025-02-24 03:37:29,39
A04147,S1009,MATH150,assignment,MATH150-A0205,2025-03-17 14:57:58,88
A04148,S1004,CS101,discussion,CS101-D0203,2025-03-28 02:40:55,74
A04149,S1007,DS200,quiz,DS200-Q0902,2025-03-30 03:26:17,51
A04150,S1030,CS101,quiz,CS101-Q0502,2025-02-13 07:34:21,43
A04151,S1016,CS101,discussion,CS101-D0404,2025-04-13 14:44:45,18
A04152,S1050,MATH150,video,MATH150-V0701,2025-02-15 12:32:14,23
A04153,S1008,CS301,discussion,CS301-D0105,2025-04-11 14:18:35,66
A04154,S1030,MATH150,reading,MATH150-R0901,2025-02-15 14:47:41,78
A04155,S1015,DS200,reading,DS200-R0902,2025-04-16 06:32:44,65
A04156,S1020,DS200,assignment,DS200-A1001,2025-02-02 06:51:21,53
A04157,S1024,CS301,video,CS301-V0601,2025-03-20 11:26:54,40
A04158,S1022,MATH150,quiz,MATH150-Q1002,2025-04-17 18:37:25,89
A04159,S1046,MATH150,lecture,MATH150-L0102,2025-04-14 04:12:44,11
A04160,S1020,CS101,lecture,CS101-L0305,2025-02-25 14:45:11,25
A04161,S1006,DS400,reading,DS400-R0605,2025-04-04 12:05:02,75
A04162,S1046,CS301,discussion,CS301-D1001,2025-02-23 06:50:14,44
A04163,S1049,DS400,quiz,DS400-Q0204,2025-03-21 17:34:07,11
A04164,S1032,CS101,video,CS101-V0103,2025-03-13 18:10:18,65
A04165,S1029,CS101,discussion,CS101-D0501,2025-02-14 10:50:39,33
A04166,S1045,CS301,lecture,CS301-L0601,2025-03-11 22:43:31,33
A04167,S1035,DS200,assignment,DS200-A0905,2025-03-05 00:21:03,27
A04168,S1016,CS301,quiz,CS301-Q0903,2025-02-13 01:36:06,72
A04169,S1030,CS301,quiz,CS301-Q0804,2025-04-26 03:31:53,8
A04170,S1001,CS301,reading,CS301-R0403,2025-03-05 09:17:32,84
A04171,S1046,DS400,assignment,DS400-A0802,2025-04-24 16:41:43,11
A04172,S1041,CS301,video,CS301-V0102,2025-02-23 19:04:25,23
A04173,S1017,DS400,quiz,DS400-Q0803,2025-05-01 10:59:32,64
A04174,S1017,MATH150,lecture,MATH150-L0103,2025-03-26 13:50:47,36
A04175,S1035,CS101,discussion,CS101-D0504,2025-04-13 07:08:27,28
A04176,S1008,DS400,lecture,DS400-L0604,2025-02-03 18:26:32,44
A04177,S1019,DS200,quiz,DS200-Q0104,2025-03-31 13:51:53,75
A04178,S1024,DS400,assignment,DS400-A0504,2025-03-14 00:34:55,16
A04179,S1007,CS101,lecture,CS101-L0805,2025-03-19 18:17:41,51
A04180,S1020,CS301,reading,CS301-R0503,2025-03-14 11:41:58,44
A04181,S1030,DS200,discussion,DS200-D1004,2025-02-16 14:24:49,22
A04182,S1025,DS400,video,DS400-V0505,2025-03-06 16:10:51,35
A04183,S1044,CS101,video,CS101-V1001,2025-04-01 23:39:38,65
A04184,S1017,CS301,discussion,CS301-D0604,2025-02-02 23:30:27,56
A04185,S1025,DS400,assignment,DS400-A1002,2025-05-02 09:44:05,84
A04186,S1046,CS301,lecture,CS301-L0405,2025-02-14 17:00:46,53
A04187,S1036,CS301,lecture,CS301-L1004,2025-04-28 14:49:07,57
A04188,S1030,CS301,discussion,CS301-D0604,2025-02-05 20:11:00,84
A04189,S1014,DS400,discussion,DS400-D0702,2025-03-10 09:38:53,29
A04190,S1032,CS301,discussion,CS301-D0304,2025-02-08 15:28:33,86
A04191,S1006,CS101,quiz,CS101-Q0403,2025-02-13 20:00:31,17
A04192,S1036,DS400,quiz,DS400-Q0302,2025-04-07 00:26:31,5
A04193,S1027,DS400,assignment,DS400-A0303,2025-02-21 10:57:30,21
A04194,S1015,DS200,assignment,DS200-A0401,2025-04-19 08:37:03,19
A04195,S1014,DS400,discussion,DS400-D0403,2025-03-01 01:11:36,49
A04196,S1002,CS301,assignment,CS301-A0104,2025-03-28 19:47:53,34
A04197,S1046,DS200,assignment,DS200-A0104,2025-04-02 06:55:25,45
A04198,S1042,DS200,video,DS200-V0604,2025-03-26 01:49:26,51
A04199,S1021,DS200,discussion,DS200-D0501,2025-02-15 03:05:13,65
A04200,S1022,DS200,quiz,DS200-Q0101,2025-04-19 03:12:10,49
A04201,S1017,MATH150,discussion,MATH150-D0903,2025-03-01 18:18:34,69
A04202,S1031,MATH150,video,MATH150-V0201,2025-03-30 01:17:41,81
A04203,S1049,DS400,lecture,DS400-L0502,2025-03-09 00:42:10,45
A04204,S1020,DS200,discussion,DS200-D0103,2025-02-25 21:49:54,57
A04205,S1027,MATH150,video,MATH150-V0603,2025-04-20 14:43:31,4
A04206,S1031,DS400,quiz,DS400-Q0905,2025-04-04 18:30:18,58
A04207,S1035,CS301,lecture,CS301-L0301,2025-02-24 01:47:59,76
A04208,S1009,DS200,lecture,DS200-L0401,2025-05-01 21:48:51,62
A04209,S1003,CS101,discussion,CS101-D0605,2025-03-12 19:59:04,54
A04210,S1014,DS400,discussion,DS400-D0305,2025-04-21 14:56:55,61
A04211,S1037,DS400,quiz,DS400-Q0305,2025-03-22 03:09:58,26
A04212,S1045,CS101,reading,CS101-R0303,2025-03-28 23:01:33,47
A04213,S1027,DS200,discussion,DS200-D0204,2025-05-01 18:41:33,86
A04214,S1037,CS301,reading,CS301-R0501,2025-03-15 08:09:52,2
A04215,S1016,DS200,video,DS200-V0905,2025-03-23 01:17:31,1
A04216,S1031,CS101,lecture,CS101-L0601,2025-04-10 23:44:03,6
A04217,S1012,DS400,quiz,DS400-Q0503,2025-04-09 08:33:58,11
A04218,S1010,CS101,video,CS101-V0301,2025-02-09 20:37:34,63
A04219,S1024,MATH150,reading,MATH150-R0501,2025-03-12 13:08:44,36
A04220,S1034,CS301,discussion,CS301-D0301,2025-02-07 06:22:29,35
A04221,S1026,CS301,video,CS301-V0803,2025-04-06 00:04:49,3
A04222,S1050,CS101,reading,CS101-R0304,2025-04-08 23:38:40,88
A04223,S1037,CS301,reading,CS301-R0502,2025-04-22 23:51:58,7
A04224,S1015,CS301,lecture,CS301-L0805,2025-05-01 01:59:42,44
A04225,S1019,DS400,video,DS400-V0401,2025-03-29 11:47:51,48
A04226,S1033,CS301,video,CS301-V0405,2025-02-22 20:37:55,51
A04227,S1035,CS101,quiz,CS101-Q0101,2025-04-26 19:11:24,34
A04228,S1022,CS301,discussion,CS301-D0302,2025-02-14 22:31:29,52
A04229,S1032,CS101,reading,CS101-R0903,2025-03-22 10:24:02,13
A04230,S1040,CS301,lecture,CS301-L0203,2025-02-06 04:06:59,14
A04231,S1037,CS301,quiz,CS301-Q1004,2025-04-07 20:31:46,17
A04232,S1002,DS400,video,DS400-V0601,2025-03-29 08:31:03,17
A04233,S1003,CS101,discussion,CS101-D0305,2025-04-13 03:33:15,46
A04234,S1009,DS200,video,DS200-V0305,2025-03-17 13:24:57,1
A04235,S1018,DS400,assignment,DS400-A0404,2025-03-30 17:13:02,44
A04236,S1033,DS200,discussion,DS200-D0203,2025-03-25 20:47:31,81
A04237,S1024,MATH150,lecture,MATH150-L0204,2025-04-24 15:40:06,28
A04238,S1039,CS301,lecture,CS301-L0505,2025-02-17 21:06:32,3
A04239,S1030,MATH150,quiz,MATH150-Q0501,2025-04-19 17:45:30,40
A04240,S1012,MATH150,discussion,MATH150-D0802,2025-03-30 11:00:13,53
A04241,S1011,CS301,video,CS301-V0605,2025-02-09 14:42:22,67
A04242,S1035,DS200,assignment,DS200-A0202,2025-03-03 00:51:35,84
A04243,S1037,CS301,assignment,CS301-A0802,2025-04-16 15:12:46,83
A04244,S1028,CS301,quiz,CS301-Q0303,2025-03-02 17:08:30,25
A04245,S1041,MATH150,video,MATH150-V0603,2025-04-03 07:46:20,60
A04246,S1034,CS301,video,CS301-V1004,2025-03-09 00:13:15,61
A04247,S1008,MATH150,quiz,MATH150-Q0502,2025-04-29 16:51:31,67
A04248,S1044,CS101,video,CS101-V1005,2025-02-06 10:09:10,29
A04249,S1018,DS400,assignment,DS400-A0103,2025-02-14 01:02:16,38
A04250,S1031,DS400,quiz,DS400-Q0101,2025-04-12 20:57:56,7
A04251,S1037,MATH150,lecture,MATH150-L1001,2025-03-14 13:09:01,90
A04252,S1023,CS301,video,CS301-V0804,2025-02-14 05:53:36,37
A04253,S1011,CS301,quiz,CS301-Q0302,2025-03-09 09:41:28,34
A04254,S1039,DS200,lecture,DS200-L0404,2025-04-18 18:51:41,77
A04255,S1015,CS101,discussion,CS101-D0203,2025-05-02 11:33:39,81
A04256,S1004,CS101,assignment,CS101-A0602,2025-03-19 04:33:26,31
A04257,S1007,CS101,quiz,CS101-Q0302,2025-03-12 07:40:37,40
A04258,S1005,MATH150,quiz,MATH150-Q0604,2025-03-29 08:47:54,2
A04259,S1001,CS101,discussion,CS101-D0502,2025-05-02 00:58:02,79
A04260,S1015,DS200,reading,DS200-R1005,2025-04-14 10:10:15,35
A04261,S1029,MATH150,video,MATH150-V0305,2025-03-26 04:11:48,82
A04262,S1016,MATH150,discussion,MATH150-D0704,2025-05-01 09:05:34,89
A04263,S1031,CS301,lecture,CS301-L0602,2025-04-26 15:57:54,77
A04264,S1002,DS200,video,DS200-V0702,2025-04-14 21:20:14,39
A04265,S1030,DS200,quiz,DS200-Q0601,2025-02-06 00:26:16,26
A04266,S1010,DS400,discussion,DS400-D0105,2025-02-05 13:19:18,82
A04267,S1004,CS301,reading,CS301-R0804,2025-02-08 10:20:13,83
A04268,S1020,MATH150,video,MATH150-V0805,2025-03-21 08:07:22,32
A04269,S1048,MATH150,reading,MATH150-R0501,2025-04-12 05:35:41,37
A04270,S1012,DS200,lecture,DS200-L0705,2025-03-21 17:01:17,77
A04271,S1010,CS101,assignment,CS101-A0704,2025-03-09 04:22:20,35
A04272,S1037,DS200,discussion,DS200-D0403,2025-02-24 07:39:18,88
A04273,S1037,CS301,discussion,CS301-D0103,2025-03-04 21:19:56,28
A04274,S1048,DS400,video,DS400-V0602,2025-03-23 17:11:50,61
A04275,S1036,DS200,reading,DS200-R0802,2025-02-25 23:05:13,66
A04276,S1007,DS200,video,DS200-V0104,2025-02-24 10:33:29,36
A04277,S1022,DS200,assignment,DS200-A0401,2025-02-19 10:11:35,30
A04278,S1028,MATH150,lecture,MATH150-L0302,2025-03-02 07:56:42,61
A04279,S1017,CS101,assignment,CS101-A1005,2025-03-10 05:07:36,25
A04280,S1046,CS301,video,CS301-V0102,2025-02-24 05:13:02,45
A04281,S1003,MATH150,lecture,MATH150-L0701,2025-02-14 01:23:35,32
A04282,S1009,MATH150,lecture,MATH150-L0104,2025-04-11 16:19:13,12
A04283,S1024,MATH150,reading,MATH150-R0904,2025-02-07 03:04:42,76
A04284,S1018,CS101,reading,CS101-R0302,2025-04-29 19:16:04,83
A04285,S1044,MATH150,reading,MATH150-R0703,2025-02-08 18:50:54,11
A04286,S1038,DS400,video,DS400-V0603,2025-04-25 23:12:09,12
A04287,S1009,MATH150,video,MATH150-V0901,2025-03-21 02:07:10,67
A04288,S1005,DS400,lecture,DS400-L0403,2025-04-30 14:02:37,3
A04289,S1023,DS200,assignment,DS200-A0505,2025-02-26 12:37:17,9
A04290,S1040,CS301,lecture,CS301-L0604,2025-04-26 04:57:34,41
A04291,S1023,CS301,lecture,CS301-L0704,2025-04-20 07:19:57,30
A04292,S1012,DS400,assignment,DS400-A0303,2025-03-13 15:18:54,32
A04293,S1002,CS301,lecture,CS301-L0702,2025-04-24 22:47:38,10
A04294,S1043,DS400,assignment,DS400-A0604,2025-02-24 22:12:57,41
A04295,S1009,CS101,lecture,CS101-L0804,2025-02-08 23:23:42,41
A04296,S1003,MATH150,video,MATH150-V0103,2025-04-01 19:36:08,72
A04297,S1043,CS301,discussion,CS301-D0604,2025-03-31 16:52:56,58
A04298,S1030,CS101,reading,CS101-R0402,2025-04-10 03:06:15,55
A04299,S1002,DS400,lecture,DS400-L1001,2025-02-12 11:37:22,6
A04300,S1006,MATH150,quiz,MATH150-Q0201,2025-04-14 00:11:33,28
A04301,S1039,DS200,quiz,DS200-Q0905,2025-03-22 11:57:33,72
A04302,S1007,DS400,discussion,DS400-D0401,2025-03-01 03:48:50,51
A04303,S1043,CS101,quiz,CS101-Q0405,2025-03-24 15:36:36,15
A04304,S1027,DS400,quiz,DS400-Q0903,2025-02-10 11:22:00,68
A04305,S1044,MATH150,quiz,MATH150-Q1001,2025-03-07 21:41:24,81
A04306,S1003,DS400,quiz,DS400-Q0604,2025-04-16 12:55:49,72
A04307,S1035,DS200,quiz,DS200-Q0802,2025-03-24 17:56:47,5
A04308,S1001,CS301,video,CS301-V0802,2025-04-22 21:16:08,1
A04309,S1047,DS400,lecture,DS400-L0504,2025-02-16 20:33:31,81
A04310,S1013,CS301,video,CS301-V0604,2025-03-01 07:42:21,3
A04311,S1030,DS400,video,DS400-V0105,2025-02-23 10:05:42,7
A04312,S1050,CS301,discussion,CS301-D0805,2025-04-16 16:24:05,77
A04313,S1038,DS400,reading,DS400-R0203,2025-03-07 12:44:49,37
A04314,S1039,DS400,video,DS400-V0704,2025-04-29 10:44:03,11
A04315,S1017,CS301,quiz,CS301-Q0505,2025-02-05 07:13:25,56
A04316,S1025,DS400,discussion,DS400-D0704,2025-03-10 01:05:11,9
A04317,S1036,MATH150,quiz,MATH150-Q0201,2025-03-15 03:12:57,39
A04318,S1023,CS301,lecture,CS301-L0605,2025-04-20 02:49:12,47
A04319,S1026,DS200,reading,DS200-R0401,2025-03-22 18:49:10,7
A04320,S1041,CS301,video,CS301-V1002,2025-02-03 10:48:29,5
A04321,S1009,MATH150,discussion,MATH150-D0604,2025-03-06 00:51:20,28
A04322,S1016,CS301,assignment,CS301-A0804,2025-04-20 00:28:55,31
A04323,S1002,DS200,lecture,DS200-L0704,2025-04-09 14:56:47,72
A04324,S1031,CS101,discussion,CS101-D0304,2025-02-12 07:57:26,48
A04325,S1019,DS400,quiz,DS400-Q0301,2025-04-25 14:29:41,14
A04326,S1010,MATH150,assignment,MATH150-A0102,2025-03-10 06:37:08,38
A04327,S1022,MATH150,lecture,MATH150-L0103,2025-03-02 14:09:36,76
A04328,S1003,DS400,assignment,DS400-A0105,2025-03-30 18:45:07,71
A04329,S1014,DS400,quiz,DS400-Q0704,2025-02-24 20:56:46,67
A04330,S1033,CS301,video,CS301-V0504,2025-02-11 07:52:34,51
A04331,S1014,CS101,video,CS101-V0502,2025-03-24 22:56:54,29
A04332,S1050,CS101,lecture,CS101-L0105,2025-02-09 14:05:56,38
A04333,S1015,MATH150,video,MATH150-V1003,2025-04-02 22:02:41,29
A04334,S1002,CS301,assignment,CS301-A0501,2025-03-16 08:48:02,73
A04335,S1037,CS301,reading,CS301-R0504,2025-04-16 03:15:32,50
A04336,S1010,DS400,discussion,DS400-D0802,2025-03-08 17:59:00,13
A04337,S1034,DS400,quiz,DS400-Q0302,2025-03-06 13:46:54,20
A04338,S1029,MATH150,assignment,MATH150-A0701,2025-02-02 06:39:36,22
A04339,S1009,DS200,lecture,DS200-L0302,2025-04-29 22:14:49,37
A04340,S1003,MATH150,quiz,MATH150-Q0804,2025-04-25 16:49:43,14
A04341,S1012,MATH150,lecture,MATH150-L0605,2025-03-28 14:49:09,6
A04342,S1017,CS101,discussion,CS101-D0305,2025-04-28 13:26:36,2
A04343,S1022,CS101,quiz,CS101-Q0704,2025-02-06 02:09:31,70
A04344,S1008,DS200,video,DS200-V1002,2025-03-21 05:34:26,68
A04345,S1036,MATH150,reading,MATH150-R0805,2025-02-05 03:19:30,75
A04346,S1036,CS301,video,CS301-V0701,2025-03-05 13:27:28,18
A04347,S1031,CS301,discussion,CS301-D0605,2025-04-21 13:05:34,37
A04348,S1020,MATH150,video,MATH150-V0102,2025-02-17 09:55:02,34
A04349,S1045,DS400,video,DS400-V0505,2025-03-26 17:02:58,51
A04350,S1013,CS101,video,CS101-V0802,2025-03-18 17:31:06,10
A04351,S1020,MATH150,lecture,MATH150-L0401,2025-04-24 04:40:14,15
A04352,S1035,CS101,assignment,CS101-A0304,2025-04-08 19:12:12,49
A04353,S1041,DS400,lecture,DS400-L0501,2025-04-01 13:00:23,32
A04354,S1043,DS400,quiz,DS400-Q0104,2025-02-10 03:37:06,4
A04355,S1017,CS301,lecture,CS301-L0905,2025-04-23 18:41:03,16
A04356,S1007,DS400,discussion,DS400-D0303,2025-04-25 02:34:33,49
A04357,S1043,DS400,video,DS400-V0504,2025-03-13 14:26:48,72
A04358,S1036,DS200,reading,DS200-R0201,2025-02-23 06:35:54,34
A04359,S1006,MATH150,lecture,MATH150-L0401,2025-03-23 22:31:14,14
A04360,S1008,DS400,assignment,DS400-A0203,2025-02-02 19:32:44,44
A04361,S1006,DS200,video,DS200-V0601,2025-03-17 01:41:51,76
A04362,S1043,CS101,reading,CS101-R0504,2025-02-05 14:45:32,65
A04363,S1024,CS301,lecture,CS301-L1003,2025-04-19 19:18:58,7
A04364,S1025,CS301,lecture,CS301-L0505,2025-03-18 09:56:24,68
A04365,S1014,CS101,lecture,CS101-L0401,2025-02-27 09:00:18,46
A04366,S1049,CS301,reading,CS301-R0604,2025-02-14 00:31:49,20
A04367,S1030,MATH150,assignment,MATH150-A0805,2025-02-27 23:15:32,7
A04368,S1030,MATH150,lecture,MATH150-L0402,2025-04-26 03:51:51,58
A04369,S1017,MATH150,discussion,MATH150-D1005,2025-05-02 07:15:38,68
A04370,S1029,CS101,discussion,CS101-D0402,2025-04-01 22:44:12,14
A04371,S1046,DS200,quiz,DS200-Q1003,2025-02-10 12:13:15,24
A04372,S1041,CS301,reading,CS301-R0201,2025-04-23 19:01:04,50
A04373,S1002,DS200,video,DS200-V0704,2025-03-07 21:51:58,30
A04374,S1005,DS400,lecture,DS400-L0604,2025-05-02 17:24:10,51
A04375,S1016,CS101,assignment,CS101-A0101,2025-02-04 11:17:09,69
A04376,S1039,CS301,assignment,CS301-A0603,2025-03-13 09:18:46,13
A04377,S1011,MATH150,video,MATH150-V0701,2025-03-11 14:11:24,37
A04378,S1002,CS101,reading,CS101-R0803,2025-03-24 11:04:06,52
A04379,S1030,DS400,reading,DS400-R0904,2025-04-18 02:34:02,82
A04380,S1041,DS400,discussion,DS400-D1003,2025-03-23 06:26:07,33
A04381,S1034,CS101,quiz,CS101-Q0102,2025-03-13 05:18:50,14
A04382,S1002,CS101,quiz,CS101-Q0801,2025-04-16 00:41:34,10
A04383,S1029,CS301,video,CS301-V0803,2025-03-29 14:43:36,40
A04384,S1039,DS200,video,DS200-V0104,2025-03-25 02:48:02,14
A04385,S1008,CS101,quiz,CS101-Q0205,2025-04-11 04:09:45,55
A04386,S1004,CS101,reading,CS101-R1001,2025-02-18 09:34:10,12
A04387,S1018,MATH150,reading,MATH150-R0203,2025-03-06 07:38:20,76
A04388,S1028,CS301,reading,CS301-R0402,2025-02-24 12:32:19,86
A04389,S1043,DS400,reading,DS400-R1004,2025-04-10 23:08:31,44
A04390,S1024,DS200,video,DS200-V1001,2025-03-20 11:30:40,88
A04391,S1002,DS200,assignment,DS200-A0403,2025-02-25 13:01:40,1
A04392,S1049,CS101,reading,CS101-R1005,2025-03-30 12:49:42,24
A04393,S1025,CS301,reading,CS301-R0404,2025-04-12 13:07:54,15
A04394,S1048,DS400,quiz,DS400-Q0802,2025-02-11 22:43:01,59
A04395,S1014,DS400,reading,DS400-R0702,2025-02-28 09:10:10,65
A04396,S1032,DS200,video,DS200-V0903,2025-04-24 23:46:35,68
A04397,S1025,MATH150,assignment,MATH150-A0405,2025-02-16 18:27:08,62
A04398,S1043,CS301,discussion,CS301-D0801,2025-02-27 04:34:27,90
A04399,S1006,DS200,reading,DS200-R1002,2025-04-19 16:09:40,16
A04400,S1049,CS301,discussion,CS301-D0704,2025-02-05 02:42:08,56
A04401,S1001,MATH150,reading,MATH150-R0901,2025-03-20 06:01:34,30
A04402,S1021,CS301,discussion,CS301-D0301,2025-04-28 09:25:22,16
A04403,S1025,DS200,reading,DS200-R0104,2025-04-10 14:11:08,76
A04404,S1036,DS400,video,DS400-V0603,2025-03-12 01:01:10,39
A04405,S1026,DS200,discussion,DS200-D0905,2025-03-17 08:30:57,2
A04406,S1007,MATH150,assignment,MATH150-A0603,2025-03-21 01:22:55,1
A04407,S1015,DS400,assignment,DS400-A0403,2025-04-07 02:07:37,17
A04408,S1031,CS101,assignment,CS101-A0904,2025-03-12 11:14:38,75
A04409,S1010,MATH150,reading,MATH150-R0305,2025-04-23 19:42:22,84
A04410,S1004,MATH150,lecture,MATH150-L1002,2025-03-11 16:21:48,7
A04411,S1001,CS101,assignment,CS101-A0201,2025-04-07 15:39:58,8
A04412,S1006,MATH150,quiz,MATH150-Q0204,2025-02-08 17:00:00,75
A04413,S1030,DS200,discussion,DS200-D0503,2025-04-17 18:13:20,80
A04414,S1041,DS400,lecture,DS400-L0301,2025-04-25 22:11:19,30
A04415,S1001,CS101,assignment,CS101-A0905,2025-02-15 10:59:23,84
A04416,S1049,DS200,discussion,DS200-D0504,2025-04-23 16:06:39,74
A04417,S1040,CS101,assignment,CS101-A0904,2025-03-20 06:54:44,17
A04418,S1013,DS200,lecture,DS200-L0103,2025-04-07 11:12:41,34
A04419,S1034,CS101,quiz,CS101-Q0802,2025-04-03 20:34:25,53
A04420,S1024,MATH150,assignment,MATH150-A0701,2025-04-01 16:47:40,18
A04421,S1009,CS101,discussion,CS101-D0902,2025-04-28 04:38:47,18
A04422,S1002,CS301,video,CS301-V0205,2025-04-13 11:30:21,51
A04423,S1019,CS101,quiz,CS101-Q0701,2025-04-04 19:44:53,81
A04424,S1041,DS200,lecture,DS200-L0302,2025-03-14 00:21:25,34
A04425,S1049,CS101,assignment,CS101-A0705,2025-02-25 01:13:13,55
A04426,S1033,DS200,reading,DS200-R1005,2025-02-08 06:59:26,53
A04427,S1030,CS301,reading,CS301-R0102,2025-02-16 04:15:25,29
A04428,S1037,CS101,assignment,CS101-A1002,2025-04-06 19:32:58,23
A04429,S1022,DS200,discussion,DS200-D0304,2025-04-21 00:48:44,59
A04430,S1007,DS200,quiz,DS200-Q1002,2025-03-18 15:21:20,75
A04431,S1017,DS400,discussion,DS400-D1003,2025-04-24 23:27:18,22
A04432,S1012,MATH150,video,MATH150-V1004,2025-04-16 19:36:22,33
A04433,S1017,MATH150,assignment,MATH150-A0903,2025-04-16 16:08:05,32
A04434,S1048,CS301,assignment,CS301-A0904,2025-03-23 03:00:36,15
A04435,S1008,CS101,reading,CS101-R0402,2025-02-06 08:53:14,55
A04436,S1017,CS101,discussion,CS101-D0901,2025-03-04 23:41:07,72
A04437,S1032,CS301,lecture,CS301-L0603,2025-04-11 01:49:25,45
A04438,S1039,CS101,assignment,CS101-A0702,2025-04-18 14:27:15,62
A04439,S1034,CS301,discussion,CS301-D0102,2025-05-02 10:01:37,46
A04440,S1037,CS101,assignment,CS101-A0301,2025-04-12 02:53:36,35
A04441,S1025,DS200,quiz,DS200-Q0301,2025-03-13 22:01:06,23
A04442,S1047,CS301,quiz,CS301-Q0102,2025-02-16 00:33:26,25
A04443,S1021,DS400,reading,DS400-R0205,2025-04-20 04:26:54,1
A04444,S1012,DS400,reading,DS400-R0605,2025-03-31 02:24:49,73
A04445,S1032,CS301,video,CS301-V0805,2025-02-20 20:37:33,78
A04446,S1023,CS301,discussion,CS301-D0603,2025-02-08 10:05:27,73
A04447,S1042,DS200,reading,DS200-R0803,2025-04-09 02:32:33,11
A04448,S1005,CS101,quiz,CS101-Q0404,2025-05-02 10:18:50,59
A04449,S1001,DS200,assignment,DS200-A0904,2025-02-16 06:45:49,46
A04450,S1026,CS301,quiz,CS301-Q0201,2025-02-17 10:28:52,47
A04451,S1036,MATH150,assignment,MATH150-A0302,2025-02-22 01:35:14,4
A04452,S1001,DS400,lecture,DS400-L0604,2025-02-26 01:42:28,5
A04453,S1048,DS400,assignment,DS400-A0305,2025-02-18 00:01:57,81
A04454,S1017,DS400,video,DS400-V0904,2025-02-23 12:57:11,22
A04455,S1008,CS101,quiz,CS101-Q0905,2025-02-21 13:18:14,11
A04456,S1011,CS301,video,CS301-V0703,2025-04-16 21:40:17,38
A04457,S1035,MATH150,video,MATH150-V0301,2025-03-19 16:37:00,18
A04458,S1001,CS101,discussion,CS101-D0801,2025-03-27 07:28:52,38
A04459,S1009,DS400,quiz,DS400-Q0501,2025-03-16 06:52:05,88
A04460,S1046,DS200,quiz,DS200-Q1004,2025-04-16 20:35:23,27
A04461,S1041,CS301,reading,CS301-R0202,2025-04-03 12:35:42,42
A04462,S1023,MATH150,lecture,MATH150-L0101,2025-03-09 03:47:02,11
A04463,S1003,DS400,lecture,DS400-L1003,2025-04-09 17:33:46,69
A04464,S1050,MATH150,assignment,MATH150-A0302,2025-03-15 13:12:26,23
A04465,S1014,CS101,lecture,CS101-L0404,2025-02-02 21:56:26,58
A04466,S1009,DS200,video,DS200-V0601,2025-02-16 18:42:05,84
A04467,S1034,DS200,lecture,DS200-L0403,2025-04-09 03:58:17,19
A04468,S1041,MATH150,video,MATH150-V0803,2025-04-21 05:05:20,27
A04469,S1037,CS101,quiz,CS101-Q1002,2025-04-25 08:13:09,72
A04470,S1002,DS400,lecture,DS400-L0704,2025-02-23 08:09:26,16
A04471,S1028,CS301,discussion,CS301-D0705,2025-03-19 15:00:25,87
A04472,S1020,CS101,video,CS101-V0401,2025-02-26 13:20:44,48
A04473,S1018,MATH150,lecture,MATH150-L0104,2025-02-11 12:59:15,56
A04474,S1026,MATH150,discussion,MATH150-D0801,2025-02-04 20:17:35,88
A04475,S1035,MATH150,reading,MATH150-R0605,2025-02-04 12:56:01,13
A04476,S1022,CS101,quiz,CS101-Q0703,2025-02-15 17:26:37,75
A04477,S1027,DS200,discussion,DS200-D0105,2025-02-14 10:54:04,38
A04478,S1007,CS101,reading,CS101-R0103,2025-04-22 07:16:29,3
A04479,S1042,DS400,quiz,DS400-Q1005,2025-04-11 07:52:44,54
A04480,S1007,DS200,lecture,DS200-L0602,2025-04-11 15:29:48,43
A04481,S1024,DS200,assignment,DS200-A0402,2025-02-14 19:12:31,85
A04482,S1036,CS101,reading,CS101-R0905,2025-02-20 14:53:47,59
A04483,S1042,CS301,assignment,CS301-A0502,2025-03-07 20:06:54,35
A04484,S1048,CS101,assignment,CS101-A0504,2025-03-13 03:41:34,23
A04485,S1022,DS200,discussion,DS200-D0601,2025-04-17 18:51:23,14
A04486,S1006,CS101,reading,CS101-R0303,2025-03-04 21:02:40,65
A04487,S1044,CS301,video,CS301-V0804,2025-04-11 05:39:15,70
A04488,S1036,DS400,video,DS400-V0701,2025-02-23 08:00:26,11
A04489,S1029,MATH150,discussion,MATH150-D1001,2025-02-24 23:24:43,3
A04490,S1017,MATH150,discussion,MATH150-D0901,2025-04-11 11:39:10,76
A04491,S1031,CS101,discussion,CS101-D0701,2025-04-20 11:21:57,40
A04492,S1009,DS200,discussion,DS200-D0403,2025-04-11 01:54:41,43
A04493,S1045,MATH150,assignment,MATH150-A0605,2025-04-28 05:48:00,24
A04494,S1003,MATH150,assignment,MATH150-A0605,2025-03-13 08:45:25,57
A04495,S1021,CS301,quiz,CS301-Q1005,2025-04-25 15:36:12,12
A04496,S1007,DS200,quiz,DS200-Q1005,2025-02-23 13:43:03,3
A04497,S1046,MATH150,reading,MATH150-R0804,2025-02-15 17:39:51,57
A04498,S1017,MATH150,assignment,MATH150-A0201,2025-03-11 15:29:18,1
A04499,S1036,DS400,reading,DS400-R0905,2025-03-18 23:52:57,5
A04500,S1049,CS101,reading,CS101-R0302,2025-02-13 03:53:27,27
A04501,S1013,CS301,assignment,CS301-A0905,2025-04-18 07:07:20,49
A04502,S1004,CS101,discussion,CS101-D0403,2025-03-18 09:19:22,56
A04503,S1044,CS101,video,CS101-V0905,2025-04-29 02:24:00,67
A04504,S1038,DS400,assignment,DS400-A0401,2025-04-09 13:25:23,64
A04505,S1018,CS301,lecture,CS301-L0202,2025-04-13 19:09:59,74
A04506,S1039,CS301,discussion,CS301-D1002,2025-03-19 04:02:52,14
A04507,S1041,MATH150,assignment,MATH150-A0701,2025-05-01 10:53:27,29
A04508,S1014,DS400,assignment,DS400-A0805,2025-04-28 11:58:01,67
A04509,S1044,MATH150,video,MATH150-V0903,2025-04-14 02:59:26,83
A04510,S1036,DS400,discussion,DS400-D0705,2025-04-06 04:06:18,14
A04511,S1035,MATH150,video,MATH150-V1004,2025-03-12 07:29:57,90
A04512,S1016,CS101,assignment,CS101-A1001,2025-04-05 12:00:02,1
A04513,S1031,DS200,quiz,DS200-Q1003,2025-04-02 15:05:23,75
A04514,S1040,MATH150,reading,MATH150-R0604,2025-04-09 06:44:24,83
A04515,S1043,MATH150,reading,MATH150-R0501,2025-04-25 09:34:00,6
A04516,S1029,CS301,discussion,CS301-D0304,2025-02-15 00:31:05,50
A04517,S1041,MATH150,reading,MATH150-R0403,2025-04-17 11:52:31,58
A04518,S1023,DS400,lecture,DS400-L0701,2025-04-20 13:50:04,34
A04519,S1016,MATH150,discussion,MATH150-D0902,2025-05-02 06:46:54,79
A04520,S1034,MATH150,assignment,MATH150-A1001,2025-03-18 17:36:22,78
A04521,S1046,DS400,quiz,DS400-Q0605,2025-04-25 21:23:16,41
A04522,S1029,DS400,video,DS400-V0803,2025-03-14 07:45:59,86
A04523,S1036,CS101,quiz,CS101-Q0805,2025-03-03 21:56:59,28
A04524,S1020,CS101,quiz,CS101-Q0401,2025-03-16 20:51:23,84
A04525,S1043,CS101,assignment,CS101-A0804,2025-03-11 12:52:00,13
A04526,S1044,DS200,reading,DS200-R0101,2025-03-21 15:12:16,66
A04527,S1035,DS200,quiz,DS200-Q1002,2025-02-16 07:13:01,25
A04528,S1013,DS400,reading,DS400-R0501,2025-02-24 19:32:09,25
A04529,S1027,DS400,discussion,DS400-D1003,2025-02-14 11:36:17,71
A04530,S1022,CS101,assignment,CS101-A0302,2025-02-10 07:38:47,18
A04531,S1044,CS301,reading,CS301-R0402,2025-03-18 09:32:33,31
A04532,S1021,MATH150,lecture,MATH150-L0505,2025-03-17 14:38:38,20
A04533,S1017,DS400,assignment,DS400-A0102,2025-02-15 10:20:35,17
A04534,S1016,MATH150,quiz,MATH150-Q0801,2025-03-02 05:22:46,55
A04535,S1040,MATH150,lecture,MATH150-L1002,2025-04-11 20:11:13,46
A04536,S1021,MATH150,reading,MATH150-R0801,2025-05-01 12:56:43,20
A04537,S1003,CS101,quiz,CS101-Q0204,2025-02-26 06:54:29,10
A04538,S1013,CS301,reading,CS301-R0503,2025-03-28 14:12:38,36
A04539,S1031,CS301,lecture,CS301-L0301,2025-03-27 08:52:38,73
A04540,S1016,DS400,lecture,DS400-L0304,2025-04-08 14:27:06,2
A04541,S1027,MATH150,lecture,MATH150-L0804,2025-02-11 21:47:25,20
A04542,S1011,DS200,discussion,DS200-D0401,2025-03-09 06:41:10,50
A04543,S1019,MATH150,quiz,MATH150-Q0903,2025-02-25 23:34:54,86
A04544,S1001,MATH150,reading,MATH150-R0603,2025-04-21 15:20:29,44
A04545,S1038,MATH150,lecture,MATH150-L0304,2025-02-22 11:29:40,43
A04546,S1028,CS101,quiz,CS101-Q0804,2025-04-17 10:52:07,69
A04547,S1039,MATH150,video,MATH150-V0402,2025-03-21 06:25:03,53
A04548,S1013,DS400,assignment,DS400-A1001,2025-02-27 09:25:02,87
A04549,S1027,CS101,lecture,CS101-L0902,2025-04-10 06:43:02,32
A04550,S1026,DS400,quiz,DS400-Q0304,2025-04-29 06:17:28,73
A04551,S1002,DS200,assignment,DS200-A0302,2025-02-07 21:33:23,73
A04552,S1029,MATH150,reading,MATH150-R0104,2025-02-11 23:41:25,59
A04553,S1050,DS400,lecture,DS400-L0704,2025-02-04 04:17:00,9
A04554,S1022,CS101,video,CS101-V0101,2025-02-21 23:45:05,75
A04555,S1014,MATH150,reading,MATH150-R1001,2025-03-18 06:02:09,56
A04556,S1039,CS301,video,CS301-V0204,2025-02-19 13:45:55,10
A04557,S1036,DS200,assignment,DS200-A0402,2025-03-30 23:27:07,82
A04558,S1005,DS400,video,DS400-V1004,2025-04-18 21:54:21,84
A04559,S1040,DS200,lecture,DS200-L0103,2025-02-23 15:39:19,4
A04560,S1031,CS101,video,CS101-V0304,2025-02-05 23:04:51,8
A04561,S1036,DS200,video,DS200-V0902,2025-04-06 05:03:09,60
A04562,S1029,MATH150,video,MATH150-V0801,2025-03-04 12:13:32,37
A04563,S1040,DS400,reading,DS400-R0805,2025-03-25 20:36:34,57
A04564,S1011,DS400,video,DS400-V0104,2025-02-20 15:50:59,20
A04565,S1011,DS400,assignment,DS400-A0101,2025-02-18 03:01:17,54
A04566,S1037,DS400,lecture,DS400-L0503,2025-03-14 06:10:34,54
A04567,S1024,DS400,discussion,DS400-D0602,2025-04-14 18:46:08,35
A04568,S1032,CS301,lecture,CS301-L1004,2025-04-22 08:06:25,89
A04569,S1002,CS301,reading,CS301-R0802,2025-04-10 07:52:02,81
A04570,S1017,MATH150,video,MATH150-V0604,2025-02-22 23:46:52,58
A04571,S1036,CS301,assignment,CS301-A0504,2025-03-21 21:56:06,71
A04572,S1035,MATH150,lecture,MATH150-L0801,2025-04-21 13:26:32,90
A04573,S1045,DS400,reading,DS400-R0703,2025-03-20 08:01:51,60
A04574,S1030,CS101,quiz,CS101-Q0202,2025-04-30 17:27:11,79
A04575,S1033,DS400,discussion,DS400-D0802,2025-03-26 20:37:44,40
A04576,S1010,CS301,discussion,CS301-D0105,2025-02-15 02:35:58,66
A04577,S1010,CS301,assignment,CS301-A0204,2025-02-26 20:08:45,16
A04578,S1029,CS101,lecture,CS101-L0602,2025-04-26 22:07:18,64
A04579,S1005,DS400,quiz,DS400-Q0103,2025-03-11 11:08:58,51
A04580,S1035,DS400,lecture,DS400-L0401,2025-04-09 20:40:50,83
A04581,S1026,CS301,reading,CS301-R0805,2025-04-24 05:52:19,48
A04582,S1041,CS101,video,CS101-V0805,2025-03-24 17:13:38,25
A04583,S1008,DS200,reading,DS200-R0305,2025-04-09 08:25:14,47
A04584,S1016,MATH150,assignment,MATH150-A0501,2025-04-24 06:40:01,52
A04585,S1002,CS101,discussion,CS101-D1001,2025-04-02 18:11:06,72
A04586,S1044,MATH150,discussion,MATH150-D0105,2025-03-16 14:10:53,1
A04587,S1045,CS101,quiz,CS101-Q0105,2025-04-18 13:09:46,88
A04588,S1026,CS301,lecture,CS301-L0602,2025-02-05 16:45:23,62
A04589,S1030,CS101,assignment,CS101-A0104,2025-04-23 03:59:56,37
A04590,S1004,MATH150,video,MATH150-V0404,2025-03-27 01:47:32,75
A04591,S1024,CS301,discussion,CS301-D0704,2025-04-10 18:37:03,20
A04592,S1042,MATH150,quiz,MATH150-Q0201,2025-03-05 16:06:34,9
A04593,S1006,CS101,discussion,CS101-D0101,2025-04-08 12:47:06,61
A04594,S1004,CS101,quiz,CS101-Q0903,2025-02-04 14:20:59,23
A04595,S1001,MATH150,lecture,MATH150-L0303,2025-04-07 10:46:34,37
A04596,S1037,CS301,video,CS301-V0405,2025-02-18 22:09:42,5
A04597,S1006,CS101,assignment,CS101-A0305,2025-04-30 08:55:14,61
A04598,S1024,DS400,discussion,DS400-D0803,2025-04-05 19:51:31,59
A04599,S1044,MATH150,assignment,MATH150-A0405,2025-03-14 20:51:53,42
A04600,S1039,CS301,assignment,CS301-A0503,2025-04-23 14:15:59,22
A04601,S1023,DS200,quiz,DS200-Q1003,2025-04-07 19:41:23,84
A04602,S1011,CS101,reading,CS101-R0204,2025-03-01 11:11:27,15
A04603,S1023,DS200,quiz,DS200-Q0501,2025-04-19 21:33:13,88
A04604,S1024,CS101,video,CS101-V0404,2025-04-18 16:43:59,79
A04605,S1050,DS200,quiz,DS200-Q0704,2025-04-14 20:52:56,74
A04606,S1050,DS400,quiz,DS400-Q0705,2025-02-13 01:23:22,87
A04607,S1025,CS101,discussion,CS101-D0603,2025-03-22 01:37:54,12
A04608,S1030,MATH150,discussion,MATH150-D0103,2025-03-24 10:51:43,39
A04609,S1040,CS301,discussion,CS301-D0901,2025-02-28 13:47:51,35
A04610,S1038,DS400,lecture,DS400-L0901,2025-02-22 09:36:49,44
A04611,S1033,CS301,video,CS301-V0501,2025-04-08 07:05:15,46
A04612,S1029,MATH150,reading,MATH150-R0601,2025-03-28 17:19:30,80
A04613,S1037,DS400,quiz,DS400-Q0402,2025-02-26 23:07:39,48
A04614,S1049,DS200,reading,DS200-R0304,2025-04-14 09:24:55,76
A04615,S1007,CS101,lecture,CS101-L0201,2025-05-01 07:48:43,90
A04616,S1034,MATH150,assignment,MATH150-A0205,2025-02-26 04:07:57,53
A04617,S1044,CS301,discussion,CS301-D1005,2025-04-07 18:12:19,42
A04618,S1039,DS200,video,DS200-V0202,2025-03-08 12:42:58,74
A04619,S1027,CS101,discussion,CS101-D0401,2025-04-22 08:42:52,85
A04620,S1030,DS200,assignment,DS200-A0505,2025-02-02 16:17:55,6
A04621,S1010,DS200,assignment,DS200-A0703,2025-02-16 21:46:59,45
A04622,S1040,CS301,assignment,CS301-A0301,2025-03-06 09:24:26,43
A04623,S1019,DS400,video,DS400-V1005,2025-04-27 07:33:52,62
A04624,S1036,CS101,assignment,CS101-A1002,2025-02-08 02:36:37,37
A04625,S1031,MATH150,discussion,MATH150-D0903,2025-03-17 06:10:35,40
A04626,S1025,CS101,reading,CS101-R0305,2025-02-25 22:35:23,59
A04627,S1007,CS301,assignment,CS301-A0903,2025-04-09 02:33:01,61
A04628,S1012,CS101,reading,CS101-R0701,2025-03-18 08:10:08,24
A04629,S1032,MATH150,discussion,MATH150-D0103,2025-03-07 06:49:23,19
A04630,S1040,DS200,quiz,DS200-Q0804,2025-04-03 00:52:10,65
A04631,S1034,DS400,quiz,DS400-Q1005,2025-03-24 19:39:01,60
A04632,S1031,MATH150,reading,MATH150-R0503,2025-03-23 15:39:07,34
A04633,S1029,MATH150,lecture,MATH150-L0403,2025-02-02 06:52:43,15
A04634,S1040,DS200,assignment,DS200-A1002,2025-03-14 06:09:23,1
A04635,S1045,MATH150,discussion,MATH150-D0702,2025-04-10 09:16:37,59
A04636,S1022,CS101,assignment,CS101-A1002,2025-02-26 06:11:20,49
A04637,S1016,DS400,discussion,DS400-D0101,2025-02-16 17:53:12,36
A04638,S1034,MATH150,reading,MATH150-R0805,2025-02-25 09:45:40,55
A04639,S1047,MATH150,quiz,MATH150-Q0201,2025-03-08 20:06:56,53
A04640,S1036,CS301,video,CS301-V0302,2025-04-27 03:04:21,8
A04641,S1030,CS101,assignment,CS101-A0703,2025-04-02 09:59:34,33
A04642,S1034,CS101,reading,CS101-R0401,2025-03-10 15:31:02,5
A04643,S1009,DS200,quiz,DS200-Q0502,2025-02-25 22:59:02,7
A04644,S1014,CS301,assignment,CS301-A0304,2025-02-08 09:59:32,69
A04645,S1027,DS200,reading,DS200-R0504,2025-04-27 13:18:36,46
A04646,S1027,DS200,lecture,DS200-L0202,2025-04-03 14:32:49,10
A04647,S1014,DS400,assignment,DS400-A0104,2025-03-26 17:46:27,24
A04648,S1036,CS301,discussion,CS301-D0104,2025-03-14 06:44:00,10
A04649,S1021,MATH150,reading,MATH150-R1005,2025-03-06 00:58:42,66
A04650,S1026,CS301,video,CS301-V0604,2025-03-05 12:48:06,38
A04651,S1006,DS400,lecture,DS400-L0305,2025-04-08 22:58:58,67
A04652,S1012,MATH150,video,MATH150-V0202,2025-05-01 16:43:39,85
A04653,S1034,DS400,quiz,DS400-Q0705,2025-02-05 21:38:09,41
A04654,S1040,MATH150,quiz,MATH150-Q1005,2025-03-24 22:31:46,40
A04655,S1012,DS400,discussion,DS400-D0305,2025-03-01 16:39:18,58
A04656,S1003,MATH150,video,MATH150-V0102,2025-02-09 13:34:25,86
A04657,S1015,DS200,discussion,DS200-D0905,2025-04-27 01:17:35,59
A04658,S1006,DS200,video,DS200-V0301,2025-02-22 01:33:57,56
A04659,S1025,DS400,quiz,DS400-Q0502,2025-04-19 08:16:42,57
A04660,S1048,CS301,discussion,CS301-D0702,2025-03-15 09:00:58,70
A04661,S1045,MATH150,video,MATH150-V0802,2025-03-25 06:00:51,60
A04662,S1048,CS301,lecture,CS301-L0402,2025-02-02 11:35:14,65
A04663,S1031,CS301,discussion,CS301-D0403,2025-03-16 08:40:51,11
A04664,S1048,CS101,quiz,CS101-Q0305,2025-02-23 23:10:09,29
A04665,S1018,MATH150,assignment,MATH150-A0604,2025-02-25 10:29:57,44
A04666,S1028,DS200,video,DS200-V0304,2025-03-22 09:19:27,83
A04667,S1046,CS101,lecture,CS101-L0503,2025-02-22 13:10:16,44
A04668,S1034,MATH150,assignment,MATH150-A1004,2025-02-23 01:39:26,8
A04669,S1009,CS301,video,CS301-V0302,2025-03-27 08:16:05,45
A04670,S1029,CS101,reading,CS101-R0303,2025-02-05 22:13:50,20
A04671,S1022,MATH150,reading,MATH150-R0504,2025-03-24 11:25:37,78
A04672,S1047,DS200,discussion,DS200-D0804,2025-04-05 21:45:43,5
A04673,S1019,CS101,lecture,CS101-L0704,2025-03-28 00:58:03,69
A04674,S1005,MATH150,discussion,MATH150-D0703,2025-03-12 16:21:57,83
A04675,S1030,DS200,discussion,DS200-D0703,2025-03-10 18:39:16,78
A04676,S1001,MATH150,reading,MATH150-R0903,2025-04-15 07:31:46,86
A04677,S1028,CS301,assignment,CS301-A0402,2025-02-20 01:37:40,23
A04678,S1040,CS101,assignment,CS101-A0303,2025-03-26 17:23:00,78
A04679,S1022,MATH150,discussion,MATH150-D0804,2025-02-04 16:31:03,2
A04680,S1043,CS301,video,CS301-V0405,2025-02-27 06:53:41,41
A04681,S1038,DS400,assignment,DS400-A0502,2025-03-14 19:39:52,36
A04682,S1003,CS301,quiz,CS301-Q0105,2025-03-31 14:32:12,42
A04683,S1014,CS101,lecture,CS101-L0301,2025-02-23 18:07:11,32
A04684,S1037,DS400,lecture,DS400-L0202,2025-04-12 21:46:16,65
A04685,S1032,CS101,quiz,CS101-Q0305,2025-02-23 14:31:25,32
A04686,S1023,CS301,discussion,CS301-D1001,2025-03-04 23:40:16,71
A04687,S1050,CS101,lecture,CS101-L0901,2025-02-13 05:28:50,47
A04688,S1014,DS200,quiz,DS200-Q0502,2025-03-05 12:44:27,52
A04689,S1030,CS101,video,CS101-V0804,2025-02-17 23:02:10,66
A04690,S1050,CS301,lecture,CS301-L0604,2025-03-09 09:20:04,78
A04691,S1028,DS400,reading,DS400-R0805,2025-04-07 16:58:45,38
A04692,S1023,CS301,reading,CS301-R1003,2025-04-02 06:04:10,73
A04693,S1024,MATH150,lecture,MATH150-L0603,2025-04-29 22:02:26,84
A04694,S1016,CS301,video,CS301-V1001,2025-03-16 21:26:51,15
A04695,S1020,DS400,reading,DS400-R0501,2025-03-28 03:50:28,29
A04696,S1040,MATH150,video,MATH150-V0602,2025-04-14 15:04:48,85
A04697,S1024,DS200,lecture,DS200-L0805,2025-04-05 12:26:18,65
A04698,S1011,CS101,quiz,CS101-Q0601,2025-04-27 16:42:55,9
A04699,S1040,DS200,lecture,DS200-L0503,2025-03-21 14:01:52,38
A04700,S1046,MATH150,reading,MATH150-R0301,2025-04-20 21:59:15,27
A04701,S1003,DS200,quiz,DS200-Q0705,2025-04-28 11:27:14,34
A04702,S1030,DS200,lecture,DS200-L0905,2025-02-15 14:38:11,39
A04703,S1004,DS200,assignment,DS200-A0602,2025-02-18 14:25:13,12
A04704,S1011,MATH150,reading,MATH150-R0102,2025-03-30 10:49:49,26
A04705,S1050,CS301,video,CS301-V0501,2025-03-29 18:48:37,33
A04706,S1006,DS200,assignment,DS200-A0205,2025-04-30 08:49:22,5
A04707,S1024,DS200,reading,DS200-R0805,2025-03-04 15:33:10,75
A04708,S1037,CS101,assignment,CS101-A0103,2025-05-02 16:30:06,62
A04709,S1039,MATH150,lecture,MATH150-L0302,2025-04-30 15:57:06,20
A04710,S1021,MATH150,quiz,MATH150-Q0101,2025-03-27 15:06:44,77
A04711,S1006,CS101,video,CS101-V0502,2025-02-27 07:23:50,65
A04712,S1046,MATH150,quiz,MATH150-Q0202,2025-02-22 16:22:18,77
A04713,S1050,DS400,quiz,DS400-Q0304,2025-03-15 09:07:01,70
A04714,S1027,CS101,video,CS101-V0802,2025-03-02 01:29:58,17
A04715,S1008,CS101,video,CS101-V0102,2025-04-02 23:52:22,12
A04716,S1045,DS200,discussion,DS200-D0202,2025-02-05 16:48:44,12
A04717,S1019,DS400,reading,DS400-R0901,2025-02-17 16:11:11,80
A04718,S1034,DS400,lecture,DS400-L0905,2025-04-05 11:14:36,68
A04719,S1046,CS101,discussion,CS101-D0704,2025-03-03 04:40:47,47
A04720,S1011,DS200,lecture,DS200-L1001,2025-04-08 12:21:13,74
A04721,S1038,CS101,discussion,CS101-D0301,2025-04-07 23:46:21,28
A04722,S1013,MATH150,quiz,MATH150-Q0902,2025-02-11 00:11:41,57
A04723,S1010,DS200,quiz,DS200-Q0704,2025-02-07 02:22:08,39
A04724,S1046,CS101,quiz,CS101-Q0201,2025-04-26 04:48:38,84
A04725,S1014,DS400,discussion,DS400-D0205,2025-02-13 01:14:52,65
A04726,S1049,CS301,reading,CS301-R0103,2025-04-21 19:40:48,4
A04727,S1008,DS200,assignment,DS200-A0402,2025-02-04 02:20:51,32
A04728,S1018,MATH150,discussion,MATH150-D0604,2025-02-04 13:44:29,64
A04729,S1005,MATH150,discussion,MATH150-D0804,2025-03-07 08:41:58,8
A04730,S1046,CS301,quiz,CS301-Q0602,2025-03-08 15:22:22,84
A04731,S1030,DS200,video,DS200-V0204,2025-04-16 06:18:22,27
A04732,S1008,CS301,lecture,CS301-L0404,2025-04-05 06:02:06,65
A04733,S1047,CS101,lecture,CS101-L0103,2025-04-17 16:25:16,89
A04734,S1049,CS301,lecture,CS301-L0405,2025-04-02 07:06:32,49
A04735,S1050,DS200,lecture,DS200-L0704,2025-04-27 07:20:54,60
A04736,S1002,CS101,reading,CS101-R1005,2025-03-01 03:33:09,52
A04737,S1039,CS301,quiz,CS301-Q1002,2025-04-26 11:53:33,18
A04738,S1050,DS200,video,DS200-V0801,2025-02-04 17:08:55,64
A04739,S1007,MATH150,discussion,MATH150-D0101,2025-03-30 04:25:05,64
A04740,S1005,MATH150,assignment,MATH150-A0105,2025-03-14 17:35:29,26
A04741,S1016,DS200,video,DS200-V0502,2025-04-24 20:28:25,4
A04742,S1049,CS301,reading,CS301-R0904,2025-03-02 08:01:14,37
A04743,S1045,DS400,assignment,DS400-A0905,2025-02-20 13:56:38,80
A04744,S1042,DS200,video,DS200-V0803,2025-04-01 02:30:40,1
A04745,S1037,CS301,video,CS301-V0305,2025-04-25 11:42:29,42
A04746,S1035,DS200,assignment,DS200-A0605,2025-03-06 15:44:31,36
A04747,S1023,MATH150,lecture,MATH150-L0405,2025-04-17 13:30:54,15
A04748,S1037,CS301,lecture,CS301-L0403,2025-03-24 07:10:09,22
A04749,S1050,DS200,quiz,DS200-Q0805,2025-03-28 07:40:10,27
A04750,S1036,CS301,video,CS301-V0705,2025-04-24 13:02:07,82
A04751,S1013,DS200,video,DS200-V0901,2025-02-05 00:45:10,34
A04752,S1045,DS200,quiz,DS200-Q0504,2025-03-09 05:19:18,67
A04753,S1020,CS301,quiz,CS301-Q0505,2025-03-15 16:35:36,62
A04754,S1046,MATH150,lecture,MATH150-L0702,2025-03-21 13:15:25,12
A04755,S1009,CS101,quiz,CS101-Q0401,2025-03-18 06:40:16,43
A04756,S1023,DS200,discussion,DS200-D0804,2025-03-12 16:08:40,5
A04757,S1008,MATH150,reading,MATH150-R0903,2025-02-02 08:16:31,66
A04758,S1007,CS101,assignment,CS101-A0503,2025-04-20 11:19:12,11
A04759,S1024,CS301,video,CS301-V0901,2025-04-11 11:44:03,40
A04760,S1046,DS200,assignment,DS200-A0701,2025-02-08 22:18:33,54
A04761,S1035,CS301,lecture,CS301-L0203,2025-03-11 10:01:34,4
A04762,S1013,CS301,lecture,CS301-L0205,2025-04-01 20:40:13,22
A04763,S1026,CS101,reading,CS101-R0603,2025-04-11 17:39:40,81
A04764,S1018,CS301,reading,CS301-R0502,2025-04-14 20:47:19,51
A04765,S1033,DS200,quiz,DS200-Q0903,2025-05-02 16:05:50,30
A04766,S1032,CS301,lecture,CS301-L0501,2025-02-21 03:14:30,38
A04767,S1044,MATH150,assignment,MATH150-A0603,2025-03-06 16:26:07,73
A04768,S1023,CS301,quiz,CS301-Q0101,2025-02-24 06:53:07,1
A04769,S1006,CS101,discussion,CS101-D0702,2025-02-16 15:32:55,64
A04770,S1050,DS200,video,DS200-V0904,2025-04-20 12:44:19,76
A04771,S1031,MATH150,assignment,MATH150-A0301,2025-04-06 03:20:26,57
A04772,S1048,DS200,quiz,DS200-Q0902,2025-03-25 19:45:02,48
A04773,S1043,CS101,discussion,CS101-D0604,2025-02-03 22:58:06,75
A04774,S1013,MATH150,lecture,MATH150-L1005,2025-02-10 03:04:06,53
A04775,S1044,MATH150,lecture,MATH150-L0901,2025-02-08 15:10:57,25
A04776,S1027,MATH150,lecture,MATH150-L0403,2025-04-22 02:55:03,68
A04777,S1041,MATH150,discussion,MATH150-D0502,2025-04-27 11:54:45,61
A04778,S1030,CS101,lecture,CS101-L0702,2025-04-21 13:27:34,63
A04779,S1037,MATH150,assignment,MATH150-A1003,2025-04-27 22:47:21,16
A04780,S1020,DS200,discussion,DS200-D0603,2025-03-01 13:13:08,79
A04781,S1048,CS301,quiz,CS301-Q1003,2025-03-02 09:15:29,18
A04782,S1006,CS301,assignment,CS301-A0604,2025-02-14 12:51:03,61
A04783,S1022,DS200,discussion,DS200-D0101,2025-02-12 18:28:39,54
A04784,S1048,CS101,assignment,CS101-A0802,2025-02-28 04:10:23,40
A04785,S1030,DS400,assignment,DS400-A0503,2025-03-30 16:15:01,24
A04786,S1015,MATH150,assignment,MATH150-A0204,2025-04-11 23:04:15,28
A04787,S1036,DS200,video,DS200-V0703,2025-05-01 04:05:24,66
A04788,S1039,CS301,assignment,CS301-A0201,2025-02-07 00:28:22,12
A04789,S1029,CS101,quiz,CS101-Q0901,2025-02-14 01:14:42,88
A04790,S1046,DS400,reading,DS400-R0604,2025-03-13 04:43:37,10
A04791,S1048,DS200,lecture,DS200-L0505,2025-03-03 04:01:13,72
A04792,S1019,CS101,assignment,CS101-A0502,2025-04-03 14:28:38,82
A04793,S1016,MATH150,assignment,MATH150-A0602,2025-04-19 07:10:38,70
A04794,S1013,DS200,quiz,DS200-Q0305,2025-04-21 11:36:42,61
A04795,S1046,MATH150,quiz,MATH150-Q0805,2025-03-27 17:41:30,16
A04796,S1043,DS200,lecture,DS200-L0304,2025-04-28 19:43:53,42
A04797,S1025,MATH150,assignment,MATH150-A0804,2025-02-11 04:17:12,11
A04798,S1022,DS400,discussion,DS400-D0301,2025-04-24 00:27:42,68
A04799,S1030,CS101,assignment,CS101-A0905,2025-02-28 19:46:09,10
A04800,S1047,CS101,quiz,CS101-Q1001,2025-02-13 03:12:36,54
A04801,S1008,CS101,reading,CS101-R0703,2025-02-26 14:08:12,49
A04802,S1046,CS101,lecture,CS101-L1005,2025-02-25 06:46:11,8
A04803,S1049,DS400,quiz,DS400-Q0603,2025-02-18 14:47:27,39
A04804,S1032,DS200,assignment,DS200-A0905,2025-04-26 04:09:38,84
A04805,S1049,MATH150,assignment,MATH150-A0302,2025-03-22 03:06:59,86
A04806,S1031,MATH150,discussion,MATH150-D0804,2025-02-02 07:57:05,8
A04807,S1031,DS400,discussion,DS400-D0202,2025-03-06 22:40:01,32
A04808,S1012,MATH150,lecture,MATH150-L0301,2025-04-15 18:47:57,84
A04809,S1047,DS400,lecture,DS400-L0902,2025-04-16 04:05:25,22
A04810,S1026,CS301,discussion,CS301-D1001,2025-04-02 12:49:31,53
A04811,S1043,CS301,quiz,CS301-Q0102,2025-03-26 09:52:45,56
A04812,S1024,DS200,discussion,DS200-D0405,2025-04-05 15:34:58,47
A04813,S1030,CS101,quiz,CS101-Q0504,2025-04-16 11:08:54,86
A04814,S1034,DS200,lecture,DS200-L0101,2025-02-20 05:07:19,88
A04815,S1048,CS301,lecture,CS301-L1001,2025-03-17 06:33:10,6
A04816,S1016,CS301,discussion,CS301-D0105,2025-04-04 04:27:32,66
A04817,S1049,CS301,assignment,CS301-A0705,2025-02-23 16:44:19,22
A04818,S1003,CS301,assignment,CS301-A0105,2025-04-29 05:08:57,66
A04819,S1016,MATH150,discussion,MATH150-D0505,2025-02-16 21:03:16,87
A04820,S1045,CS301,quiz,CS301-Q0505,2025-03-16 14:48:04,53
A04821,S1044,DS200,discussion,DS200-D0703,2025-02-07 15:01:24,61
A04822,S1019,MATH150,reading,MATH150-R0703,2025-03-16 18:01:31,18
A04823,S1028,CS301,quiz,CS301-Q0603,2025-02-10 14:12:11,77
A04824,S1033,DS200,discussion,DS200-D0204,2025-03-30 18:21:21,35
A04825,S1032,CS301,discussion,CS301-D0601,2025-04-26 06:47:03,6
A04826,S1013,MATH150,reading,MATH150-R0302,2025-02-07 19:05:22,24
A04827,S1028,DS200,quiz,DS200-Q1002,2025-02-07 12:53:07,28
A04828,S1009,CS301,assignment,CS301-A0503,2025-02-18 13:19:10,48
A04829,S1029,DS200,video,DS200-V0105,2025-05-01 06:35:31,5
A04830,S1030,MATH150,lecture,MATH150-L0702,2025-03-06 09:33:31,12
A04831,S1028,DS400,reading,DS400-R0302,2025-02-28 06:10:44,60
A04832,S1026,CS301,reading,CS301-R0202,2025-03-07 03:14:12,72
A04833,S1013,CS301,assignment,CS301-A1005,2025-02-04 06:32:05,8
A04834,S1047,MATH150,video,MATH150-V0704,2025-04-01 04:08:36,27
A04835,S1013,DS200,quiz,DS200-Q0702,2025-02-22 22:48:13,34
A04836,S1009,DS200,discussion,DS200-D0604,2025-02-17 08:13:00,67
A04837,S1015,CS301,video,CS301-V0404,2025-04-08 07:51:14,23
A04838,S1012,MATH150,discussion,MATH150-D0401,2025-02-05 07:17:07,30
A04839,S1015,CS301,assignment,CS301-A0101,2025-03-26 14:42:57,89
A04840,S1038,MATH150,video,MATH150-V0403,2025-04-29 21:01:30,5
A04841,S1014,CS301,lecture,CS301-L0502,2025-02-20 10:11:29,30
A04842,S1049,DS200,assignment,DS200-A0205,2025-04-29 00:20:19,66
A04843,S1014,DS400,reading,DS400-R0604,2025-04-04 11:41:28,11
A04844,S1009,MATH150,assignment,MATH150-A0805,2025-04-03 15:27:51,2
A04845,S1018,CS301,video,CS301-V0801,2025-03-31 09:24:54,68
A04846,S1046,MATH150,assignment,MATH150-A0204,2025-03-14 17:50:54,74
A04847,S1043,CS301,discussion,CS301-D0104,2025-03-02 14:10:18,48
A04848,S1046,MATH150,reading,MATH150-R0502,2025-02-11 04:17:36,48
A04849,S1032,DS400,video,DS400-V0805,2025-04-07 19:08:58,21
A04850,S1028,MATH150,lecture,MATH150-L0602,2025-04-12 03:00:29,19
A04851,S1041,CS301,video,CS301-V1004,2025-03-24 14:11:36,68
A04852,S1024,DS400,video,DS400-V0502,2025-03-24 22:59:51,72
A04853,S1014,DS400,lecture,DS400-L0405,2025-03-18 05:22:47,79
A04854,S1039,CS301,assignment,CS301-A0902,2025-04-08 16:07:35,28
A04855,S1006,MATH150,lecture,MATH150-L0402,2025-02-11 01:22:00,77
A04856,S1033,MATH150,discussion,MATH150-D0703,2025-04-20 08:05:32,47
A04857,S1050,CS101,assignment,CS101-A0102,2025-03-06 01:39:37,2
A04858,S1026,CS301,quiz,CS301-Q0904,2025-04-04 19:19:55,86
A04859,S1050,CS101,quiz,CS101-Q0802,2025-03-02 18:32:01,64
A04860,S1027,CS301,lecture,CS301-L0505,2025-03-29 21:26:49,87
A04861,S1035,CS301,video,CS301-V0305,2025-03-30 12:45:14,46
A04862,S1047,DS400,lecture,DS400-L0102,2025-03-25 02:38:32,43
A04863,S1012,MATH150,video,MATH150-V0804,2025-02-18 06:28:57,20
A04864,S1007,MATH150,reading,MATH150-R1004,2025-02-25 08:51:27,87
A04865,S1029,MATH150,video,MATH150-V1004,2025-02-23 23:51:34,77
A04866,S1039,MATH150,discussion,MATH150-D0605,2025-03-01 22:24:54,1
A04867,S1013,DS400,discussion,DS400-D0603,2025-04-19 08:48:28,37
A04868,S1027,MATH150,quiz,MATH150-Q0602,2025-02-09 02:29:29,61
A04869,S1004,DS400,quiz,DS400-Q0401,2025-02-07 01:45:54,20
A04870,S1048,CS101,lecture,CS101-L0304,2025-02-21 16:20:08,49
A04871,S1043,CS301,video,CS301-V0303,2025-04-14 07:32:04,50
A04872,S1043,CS301,video,CS301-V0302,2025-04-13 17:16:55,27
A04873,S1019,DS400,quiz,DS400-Q0505,2025-02-22 15:10:43,77
A04874,S1005,CS301,assignment,CS301-A0701,2025-04-20 05:56:58,13
A04875,S1038,CS101,lecture,CS101-L1001,2025-03-03 05:29:02,71
A04876,S1034,CS301,quiz,CS301-Q0104,2025-02-22 01:18:14,20
A04877,S1027,MATH150,reading,MATH150-R0805,2025-04-28 22:46:44,74
A04878,S1041,DS200,assignment,DS200-A0805,2025-03-08 13:44:13,79
A04879,S1024,MATH150,lecture,MATH150-L0804,2025-04-20 01:18:54,8
A04880,S1040,CS101,discussion,CS101-D0404,2025-02-11 06:19:00,54
A04881,S1019,MATH150,assignment,MATH150-A0901,2025-02-03 06:39:50,37
A04882,S1023,CS301,video,CS301-V0504,2025-03-16 03:18:56,74
A04883,S1020,MATH150,quiz,MATH150-Q0402,2025-03-26 06:11:45,57
A04884,S1050,DS400,lecture,DS400-L0602,2025-03-22 12:44:39,74
A04885,S1002,MATH150,quiz,MATH150-Q0703,2025-05-02 00:55:52,12
A04886,S1036,DS200,quiz,DS200-Q0903,2025-04-14 17:36:00,58
A04887,S1029,CS101,discussion,CS101-D0905,2025-03-22 15:44:05,31
A04888,S1029,MATH150,video,MATH150-V0503,2025-02-06 02:02:44,78
A04889,S1026,DS400,reading,DS400-R1002,2025-03-22 17:50:54,6
A04890,S1026,DS200,assignment,DS200-A0601,2025-02-16 09:58:40,31
A04891,S1003,DS400,discussion,DS400-D1004,2025-03-01 02:20:55,51
A04892,S1039,DS200,reading,DS200-R0403,2025-04-18 01:42:27,30
A04893,S1023,MATH150,discussion,MATH150-D0705,2025-03-05 21:49:36,23
A04894,S1008,DS200,lecture,DS200-L0604,2025-02-04 23:56:31,31
A04895,S1033,CS301,lecture,CS301-L0105,2025-03-26 20:58:06,6
A04896,S1014,MATH150,reading,MATH150-R0705,2025-03-02 02:23:34,49
A04897,S1028,CS101,reading,CS101-R1001,2025-02-22 10:46:33,62
A04898,S1026,MATH150,quiz,MATH150-Q0504,2025-03-15 15:37:35,75
A04899,S1008,CS101,quiz,CS101-Q0202,2025-02-19 02:20:33,15
A04900,S1022,CS101,video,CS101-V1004,2025-04-10 17:08:13,41
A04901,S1023,DS400,quiz,DS400-Q0901,2025-04-04 20:40:36,73
A04902,S1041,CS101,lecture,CS101-L0501,2025-03-04 08:15:46,67
A04903,S1039,DS200,video,DS200-V0403,2025-02-14 14:13:45,70
A04904,S1027,CS301,lecture,CS301-L0202,2025-03-23 22:25:07,41
A04905,S1021,CS101,lecture,CS101-L0305,2025-03-06 18:14:15,62
A04906,S1013,DS400,lecture,DS400-L0201,2025-02-08 12:43:42,24
A04907,S1019,MATH150,quiz,MATH150-Q0205,2025-02-10 20:47:54,48
A04908,S1036,CS101,quiz,CS101-Q0205,2025-03-02 12:47:59,78
A04909,S1037,DS400,lecture,DS400-L0404,2025-04-03 14:22:54,48
A04910,S1003,MATH150,reading,MATH150-R0205,2025-02-11 02:01:57,86
A04911,S1048,DS400,video,DS400-V1004,2025-03-25 13:10:08,57
A04912,S1006,DS400,quiz,DS400-Q0801,2025-03-20 18:27:37,1
A04913,S1035,CS101,assignment,CS101-A0505,2025-02-16 04:51:56,77
A04914,S1014,DS200,discussion,DS200-D0601,2025-03-21 11:37:49,90
A04915,S1007,DS400,quiz,DS400-Q0202,2025-03-31 06:02:08,29
A04916,S1014,DS200,lecture,DS200-L0403,2025-03-29 20:14:19,46
A04917,S1011,DS200,lecture,DS200-L1003,2025-02-05 21:16:28,86
A04918,S1004,DS200,quiz,DS200-Q0204,2025-03-22 00:45:05,47
A04919,S1034,DS400,reading,DS400-R0702,2025-04-12 10:08:14,58
A04920,S1017,DS400,lecture,DS400-L0704,2025-02-12 04:25:43,9
A04921,S1045,DS200,quiz,DS200-Q0301,2025-04-05 22:45:29,30
A04922,S1004,CS301,discussion,CS301-D0601,2025-03-15 13:19:41,41
A04923,S1032,CS101,video,CS101-V0201,2025-03-27 16:41:42,56
A04924,S1004,CS101,discussion,CS101-D0201,2025-04-07 15:40:24,17
A04925,S1043,DS200,assignment,DS200-A1005,2025-05-02 19:02:48,29
A04926,S1013,CS101,video,CS101-V0603,2025-03-30 13:05:00,66
A04927,S1050,CS301,discussion,CS301-D0301,2025-03-15 13:00:47,20
A04928,S1015,CS101,reading,CS101-R0605,2025-03-15 16:00:16,72
A04929,S1043,DS400,assignment,DS400-A1001,2025-04-24 23:49:31,3
A04930,S1038,CS301,assignment,CS301-A0205,2025-04-16 22:24:06,52
A04931,S1036,CS101,reading,CS101-R0601,2025-03-07 05:59:27,21
A04932,S1006,CS101,video,CS101-V0102,2025-04-19 19:49:57,55
A04933,S1001,DS400,lecture,DS400-L0703,2025-04-18 05:04:34,14
A04934,S1045,DS400,lecture,DS400-L0503,2025-04-15 09:54:50,53
A04935,S1003,DS400,assignment,DS400-A0205,2025-03-22 08:59:31,14
A04936,S1017,CS101,discussion,CS101-D0403,2025-03-15 02:54:09,73
A04937,S1021,MATH150,reading,MATH150-R1003,2025-02-04 18:27:03,52
A04938,S1001,DS400,assignment,DS400-A0605,2025-02-05 05:51:21,53
A04939,S1009,CS301,reading,CS301-R0604,2025-03-15 20:01:14,77
A04940,S1036,DS200,assignment,DS200-A1005,2025-05-01 15:59:14,45
A04941,S1037,CS101,quiz,CS101-Q0502,2025-04-01 22:34:25,36
A04942,S1006,MATH150,video,MATH150-V1001,2025-03-02 01:30:13,80
A04943,S1023,CS301,assignment,CS301-A0804,2025-02-19 06:21:20,41
A04944,S1013,DS400,reading,DS400-R0804,2025-04-15 22:57:30,50
A04945,S1039,CS101,discussion,CS101-D0602,2025-02-06 05:32:28,13
A04946,S1026,MATH150,quiz,MATH150-Q0305,2025-04-04 00:57:58,52
A04947,S1008,CS301,reading,CS301-R0705,2025-03-04 22:58:22,75
A04948,S1001,DS200,assignment,DS200-A0702,2025-04-01 23:24:59,58
A04949,S1025,CS101,lecture,CS101-L0704,2025-02-15 04:24:16,70
A04950,S1026,CS301,lecture,CS301-L0403,2025-03-31 19:29:12,67
A04951,S1009,MATH150,quiz,MATH150-Q0905,2025-05-01 22:49:51,81
A04952,S1044,CS301,quiz,CS301-Q0101,2025-03-12 07:17:08,48
A04953,S1025,DS200,quiz,DS200-Q0803,2025-02-06 05:19:45,21
A04954,S1005,MATH150,quiz,MATH150-Q0302,2025-02-10 07:02:14,19
A04955,S1021,DS200,reading,DS200-R0302,2025-03-06 21:39:19,20
A04956,S1022,CS301,lecture,CS301-L0105,2025-03-05 00:58:39,67
A04957,S1040,MATH150,discussion,MATH150-D0701,2025-03-17 19:35:51,24
A04958,S1007,MATH150,lecture,MATH150-L0602,2025-02-02 16:09:37,81
A04959,S1024,DS200,reading,DS200-R0401,2025-02-20 03:58:15,16
A04960,S1033,MATH150,reading,MATH150-R0701,2025-03-05 20:27:11,79
A04961,S1040,DS200,reading,DS200-R0302,2025-02-16 09:06:23,17
A04962,S1047,CS101,lecture,CS101-L1001,2025-04-28 14:54:39,19
A04963,S1038,MATH150,reading,MATH150-R0401,2025-04-19 20:21:15,36
A04964,S1045,CS101,reading,CS101-R0105,2025-05-02 19:12:58,63
A04965,S1033,DS200,reading,DS200-R0404,2025-04-27 22:02:20,62
A04966,S1038,DS400,video,DS400-V0501,2025-04-16 07:17:25,20
A04967,S1007,CS101,quiz,CS101-Q0902,2025-02-24 00:24:16,12
A04968,S1014,CS301,discussion,CS301-D1005,2025-02-09 17:13:38,65
A04969,S1007,CS101,lecture,CS101-L1004,2025-02-16 11:51:28,40
A04970,S1011,CS301,reading,CS301-R0805,2025-04-17 20:38:51,79
A04971,S1049,CS301,video,CS301-V0603,2025-03-22 19:10:43,61
A04972,S1029,MATH150,reading,MATH150-R0304,2025-02-22 13:44:01,90
A04973,S1020,DS400,discussion,DS400-D0902,2025-02-20 20:17:27,64
A04974,S1041,DS200,reading,DS200-R0503,2025-04-15 11:32:49,24
A04975,S1009,MATH150,video,MATH150-V0601,2025-02-08 10:27:52,60
A04976,S1034,DS400,video,DS400-V0901,2025-03-06 00:29:17,6
A04977,S1016,MATH150,reading,MATH150-R0602,2025-03-27 15:52:59,68
A04978,S1012,DS400,quiz,DS400-Q0301,2025-02-27 07:25:11,57
A04979,S1026,CS301,quiz,CS301-Q0704,2025-04-11 16:03:46,6
A04980,S1035,DS200,discussion,DS200-D0904,2025-03-02 22:10:39,42
A04981,S1046,DS400,quiz,DS400-Q0202,2025-02-07 06:31:09,81
A04982,S1031,MATH150,video,MATH150-V0202,2025-04-12 11:09:01,50
A04983,S1036,MATH150,discussion,MATH150-D0401,2025-03-09 22:23:29,18
A04984,S1026,DS200,lecture,DS200-L0104,2025-04-24 13:31:21,38
A04985,S1046,CS101,reading,CS101-R0502,2025-02-02 05:45:47,82
A04986,S1008,CS101,quiz,CS101-Q0203,2025-05-02 09:17:02,37
A04987,S1023,DS200,discussion,DS200-D1004,2025-03-03 13:42:12,46
A04988,S1046,CS301,reading,CS301-R0502,2025-02-22 14:29:41,9
A04989,S1039,DS400,quiz,DS400-Q0201,2025-04-09 05:39:16,47
A04990,S1015,DS200,video,DS200-V0505,2025-03-17 15:39:13,22
A04991,S1040,CS301,discussion,CS301-D0801,2025-02-10 19:50:54,4
A04992,S1049,CS101,assignment,CS101-A0403,2025-02-23 20:12:41,38
A04993,S1020,DS400,discussion,DS400-D0803,2025-04-14 14:40:15,70
A04994,S1045,MATH150,discussion,MATH150-D0701,2025-04-14 02:28:52,68
A04995,S1034,DS400,lecture,DS400-L0805,2025-03-13 01:04:51,7
A04996,S1046,DS200,lecture,DS200-L0605,2025-03-31 05:30:14,20
A04997,S1032,DS400,reading,DS400-R0404,2025-03-16 07:27:13,29
A04998,S1033,DS200,quiz,DS200-Q0505,2025-04-27 02:18:47,6
A04999,S1014,DS200,lecture,DS200-L0302,2025-02-19 22:50:31,30
A05000,S1039,MATH150,reading,MATH150-R0901,2025-04-28 07:04:37,57
A05001,S1001,MATH150,quiz,MATH150-Q0401,2025-03-04 04:23:48,68
A05002,S1014,CS301,discussion,CS301-D0803,2025-03-18 12:24:39,61
A05003,S1047,CS301,reading,CS301-R0104,2025-02-03 14:51:56,29
A05004,S1026,CS301,quiz,CS301-Q0604,2025-02-03 02:06:11,1
A05005,S1044,CS301,quiz,CS301-Q0302,2025-04-25 20:46:15,71
A05006,S1010,CS101,video,CS101-V0902,2025-02-13 14:41:41,75
A05007,S1014,DS400,quiz,DS400-Q0902,2025-03-20 13:10:50,72
A05008,S1017,CS301,video,CS301-V0703,2025-04-11 15:25:08,28
A05009,S1039,DS200,video,DS200-V0103,2025-04-12 23:07:37,47
A05010,S1042,DS400,quiz,DS400-Q1002,2025-04-07 04:05:50,5
A05011,S1026,CS301,assignment,CS301-A0701,2025-04-29 00:49:14,35
A05012,S1035,MATH150,video,MATH150-V0202,2025-02-21 12:30:56,33
A05013,S1042,MATH150,video,MATH150-V0605,2025-04-21 15:33:37,36
A05014,S1038,DS400,lecture,DS400-L0205,2025-04-06 17:45:58,40
A05015,S1028,MATH150,lecture,MATH150-L0303,2025-02-19 11:25:17,16
A05016,S1002,CS301,assignment,CS301-A0404,2025-03-27 23:35:57,88
A05017,S1006,CS301,assignment,CS301-A0103,2025-03-28 03:44:56,29
A05018,S1025,MATH150,assignment,MATH150-A0901,2025-02-09 22:42:37,89
A05019,S1027,MATH150,discussion,MATH150-D0603,2025-04-14 12:51:13,71
A05020,S1041,MATH150,discussion,MATH150-D0502,2025-02-08 23:36:50,80
A05021,S1016,CS301,discussion,CS301-D0401,2025-02-22 02:56:15,53
A05022,S1013,CS301,reading,CS301-R1004,2025-02-19 01:59:07,63
A05023,S1026,CS301,quiz,CS301-Q0904,2025-03-20 02:38:50,63
A05024,S1024,DS400,video,DS400-V0605,2025-03-15 03:35:09,10
A05025,S1014,MATH150,lecture,MATH150-L0803,2025-03-31 16:48:35,10
A05026,S1038,MATH150,video,MATH150-V0901,2025-03-27 01:13:09,84
A05027,S1035,MATH150,video,MATH150-V0704,2025-04-25 21:08:20,17
A05028,S1013,DS200,discussion,DS200-D1001,2025-04-08 20:27:15,63
A05029,S1026,CS101,reading,CS101-R0101,2025-02-10 23:54:27,10
A05030,S1006,DS200,discussion,DS200-D0203,2025-03-03 18:29:49,68
A05031,S1001,MATH150,reading,MATH150-R0302,2025-03-13 22:34:54,33
A05032,S1032,DS400,video,DS400-V0203,2025-03-30 16:08:06,78
A05033,S1001,CS101,lecture,CS101-L0904,2025-02-11 07:31:54,50
A05034,S1050,MATH150,quiz,MATH150-Q1001,2025-03-04 03:37:35,81
A05035,S1043,DS400,discussion,DS400-D0203,2025-04-30 19:26:37,62
A05036,S1015,DS400,assignment,DS400-A0104,2025-03-17 23:15:48,79
A05037,S1037,CS301,quiz,CS301-Q0404,2025-03-17 18:22:22,24
A05038,S1003,DS400,assignment,DS400-A0701,2025-02-06 05:54:36,24
A05039,S1049,DS200,quiz,DS200-Q0304,2025-03-03 12:54:53,29
A05040,S1044,DS200,lecture,DS200-L0605,2025-04-20 09:25:20,50
A05041,S1037,DS400,quiz,DS400-Q0303,2025-05-01 08:06:32,47
A05042,S1040,CS301,lecture,CS301-L0603,2025-05-01 17:02:33,88
A05043,S1029,DS400,video,DS400-V0304,2025-03-19 04:53:35,1
A05044,S1008,CS101,assignment,CS101-A0603,2025-04-08 16:22:53,80
A05045,S1007,CS301,assignment,CS301-A0802,2025-04-03 14:05:51,24
A05046,S1047,CS301,lecture,CS301-L1004,2025-03-23 04:35:47,44
A05047,S1027,DS400,discussion,DS400-D0905,2025-03-14 15:49:54,9
A05048,S1003,DS400,reading,DS400-R1004,2025-02-21 08:02:47,45
A05049,S1033,CS301,quiz,CS301-Q1003,2025-04-23 09:16:54,28
A05050,S1045,DS200,quiz,DS200-Q0503,2025-04-28 16:06:52,64
A05051,S1004,DS200,quiz,DS200-Q0402,2025-03-21 10:42:48,51
A05052,S1032,CS301,reading,CS301-R1004,2025-04-21 08:48:34,34
A05053,S1048,MATH150,discussion,MATH150-D0804,2025-03-11 06:03:57,80
A05054,S1017,DS400,assignment,DS400-A0504,2025-04-15 03:55:34,11
A05055,S1023,MATH150,assignment,MATH150-A0403,2025-04-25 18:07:04,57
A05056,S1017,MATH150,assignment,MATH150-A0102,2025-02-26 10:53:44,4
A05057,S1050,MATH150,video,MATH150-V0804,2025-02-18 08:14:45,77
A05058,S1042,CS101,discussion,CS101-D0505,2025-04-02 04:59:17,51
A05059,S1021,DS200,assignment,DS200-A1003,2025-03-06 04:19:36,4
A05060,S1016,CS301,reading,CS301-R0505,2025-04-27 00:56:52,5
A05061,S1050,CS301,discussion,CS301-D0103,2025-02-24 03:52:02,69
A05062,S1014,DS200,assignment,DS200-A0903,2025-05-02 16:07:43,52
A05063,S1038,DS200,video,DS200-V1001,2025-02-25 22:02:57,53
A05064,S1039,CS301,reading,CS301-R0901,2025-04-10 12:11:06,36
A05065,S1050,CS101,quiz,CS101-Q0404,2025-02-22 04:00:18,8
A05066,S1018,CS101,reading,CS101-R0104,2025-02-23 01:53:20,23
A05067,S1046,MATH150,lecture,MATH150-L0601,2025-02-06 07:51:21,19
A05068,S1027,MATH150,discussion,MATH150-D0405,2025-03-17 18:03:30,81
A05069,S1038,CS301,video,CS301-V0403,2025-05-02 15:13:32,51
A05070,S1030,MATH150,assignment,MATH150-A0703,2025-04-10 00:36:10,51
A05071,S1028,CS101,video,CS101-V0402,2025-04-30 14:04:03,63
A05072,S1013,DS400,discussion,DS400-D0803,2025-02-12 16:38:40,43
A05073,S1039,DS200,lecture,DS200-L1003,2025-04-22 07:22:50,9
A05074,S1004,CS101,lecture,CS101-L0304,2025-03-16 05:22:12,6
A05075,S1031,DS400,lecture,DS400-L1003,2025-02-13 00:51:33,51
A05076,S1020,DS400,reading,DS400-R1004,2025-03-20 01:33:55,73
A05077,S1041,CS301,video,CS301-V0902,2025-02-24 18:58:58,3
A05078,S1028,CS101,reading,CS101-R0502,2025-04-29 05:29:09,42
A05079,S1029,MATH150,reading,MATH150-R0805,2025-03-31 03:49:23,27
A05080,S1022,CS101,reading,CS101-R0304,2025-02-04 22:48:07,24
A05081,S1049,CS301,lecture,CS301-L0705,2025-03-19 12:58:11,43
A05082,S1028,CS301,lecture,CS301-L0801,2025-04-04 16:05:55,90
A05083,S1035,CS101,video,CS101-V1002,2025-02-25 02:11:52,52
A05084,S1007,DS200,discussion,DS200-D0202,2025-02-20 02:04:22,63
A05085,S1030,MATH150,reading,MATH150-R1005,2025-03-24 10:45:02,39
A05086,S1044,CS101,assignment,CS101-A0402,2025-03-22 05:53:03,53
A05087,S1033,CS301,lecture,CS301-L0605,2025-04-18 10:57:55,2
A05088,S1032,DS400,lecture,DS400-L0104,2025-04-24 21:58:12,83
A05089,S1024,CS101,lecture,CS101-L0703,2025-02-05 20:03:52,64
A05090,S1003,CS301,discussion,CS301-D0405,2025-04-08 23:08:32,83
A05091,S1020,CS301,discussion,CS301-D0505,2025-02-20 22:17:08,2
A05092,S1015,MATH150,discussion,MATH150-D0604,2025-02-22 13:24:25,56
A05093,S1022,MATH150,assignment,MATH150-A0103,2025-04-28 01:58:37,34
A05094,S1040,DS200,quiz,DS200-Q0305,2025-02-07 11:30:22,79
A05095,S1001,DS200,lecture,DS200-L0805,2025-04-27 06:09:24,65
A05096,S1016,CS301,reading,CS301-R0401,2025-03-15 10:17:26,64
A05097,S1048,DS400,reading,DS400-R1005,2025-04-23 07:46:20,35
A05098,S1017,MATH150,lecture,MATH150-L0905,2025-04-06 20:28:52,74
A05099,S1021,DS400,video,DS400-V0102,2025-02-19 22:46:49,81
A05100,S1003,CS301,assignment,CS301-A0604,2025-02-02 08:45:36,44
A05101,S1010,CS301,discussion,CS301-D1001,2025-02-13 22:19:39,47
A05102,S1011,DS200,assignment,DS200-A0102,2025-04-01 19:27:30,77
A05103,S1043,DS400,quiz,DS400-Q0702,2025-02-23 03:06:14,3
A05104,S1039,DS200,video,DS200-V0604,2025-03-08 02:35:58,34
A05105,S1001,DS200,lecture,DS200-L0805,2025-04-05 06:26:54,76
A05106,S1008,MATH150,reading,MATH150-R0102,2025-04-09 03:32:21,60
A05107,S1014,DS200,lecture,DS200-L0202,2025-04-26 23:44:29,81
A05108,S1039,MATH150,video,MATH150-V0205,2025-05-02 07:54:33,42
A05109,S1001,CS101,reading,CS101-R0302,2025-02-09 11:34:42,86
A05110,S1035,DS200,assignment,DS200-A0104,2025-03-24 02:02:22,17
A05111,S1004,MATH150,discussion,MATH150-D0201,2025-03-28 21:14:06,31
A05112,S1004,MATH150,reading,MATH150-R0903,2025-04-11 16:35:16,58
A05113,S1014,DS400,reading,DS400-R0804,2025-04-01 03:02:02,58
A05114,S1014,DS400,discussion,DS400-D0303,2025-04-23 13:21:37,43
A05115,S1041,MATH150,video,MATH150-V0901,2025-03-10 06:09:03,11
A05116,S1035,DS200,quiz,DS200-Q0302,2025-04-17 02:46:46,66
A05117,S1009,CS301,reading,CS301-R0305,2025-03-08 08:13:08,13
A05118,S1033,MATH150,video,MATH150-V0603,2025-04-05 15:25:45,60
A05119,S1044,CS301,discussion,CS301-D0901,2025-03-06 13:07:43,44
A05120,S1038,CS101,video,CS101-V0105,2025-02-13 21:42:41,74
A05121,S1028,DS400,reading,DS400-R0503,2025-04-14 21:18:28,65
A05122,S1030,CS301,lecture,CS301-L0601,2025-04-22 22:16:58,38
A05123,S1033,DS400,reading,DS400-R1001,2025-04-28 18:36:04,42
A05124,S1048,CS101,discussion,CS101-D1002,2025-04-06 09:48:16,33
A05125,S1019,CS301,assignment,CS301-A0501,2025-02-24 21:56:15,43
A05126,S1002,CS301,quiz,CS301-Q1003,2025-03-07 12:43:28,46
A05127,S1039,DS200,reading,DS200-R0605,2025-03-23 11:07:42,10
A05128,S1004,DS400,assignment,DS400-A0302,2025-03-17 05:39:52,57
A05129,S1050,MATH150,reading,MATH150-R0804,2025-04-03 19:18:20,64
A05130,S1032,MATH150,reading,MATH150-R1002,2025-03-09 18:56:31,37
A05131,S1046,CS101,video,CS101-V0405,2025-03-17 07:23:25,19
A05132,S1019,DS400,video,DS400-V0805,2025-03-19 11:57:30,79
A05133,S1003,CS101,quiz,CS101-Q0103,2025-04-27 17:52:46,43
A05134,S1024,DS400,reading,DS400-R0903,2025-03-29 03:14:09,89
A05135,S1048,CS301,quiz,CS301-Q0501,2025-03-16 05:45:26,55
A05136,S1009,DS200,assignment,DS200-A1003,2025-04-19 09:18:47,54
A05137,S1043,CS301,lecture,CS301-L0303,2025-03-09 05:08:20,76
A05138,S1015,MATH150,lecture,MATH150-L0304,2025-03-15 17:03:19,58
A05139,S1017,DS400,assignment,DS400-A0104,2025-03-03 02:35:58,16
A05140,S1010,DS200,quiz,DS200-Q0304,2025-03-12 10:42:12,47
A05141,S1013,CS101,reading,CS101-R0601,2025-04-10 04:44:10,81
A05142,S1013,MATH150,lecture,MATH150-L0801,2025-02-07 07:08:25,44
A05143,S1019,MATH150,reading,MATH150-R0902,2025-04-19 14:28:17,38
A05144,S1023,MATH150,discussion,MATH150-D0603,2025-05-02 13:08:39,56
A05145,S1012,CS101,quiz,CS101-Q0902,2025-02-21 15:12:06,48
A05146,S1043,CS301,assignment,CS301-A0704,2025-03-23 06:55:20,7
A05147,S1036,DS400,reading,DS400-R0103,2025-04-20 21:17:34,75
A05148,S1006,CS101,discussion,CS101-D0701,2025-03-02 09:18:12,26
A05149,S1006,CS301,lecture,CS301-L0603,2025-04-08 22:35:17,61
A05150,S1036,MATH150,video,MATH150-V0205,2025-03-18 05:19:37,75
A05151,S1015,DS200,quiz,DS200-Q0904,2025-04-29 00:10:27,6
A05152,S1050,DS400,assignment,DS400-A0401,2025-04-07 18:00:48,88
A05153,S1027,CS101,discussion,CS101-D1005,2025-03-23 00:24:49,70
A05154,S1023,CS101,lecture,CS101-L0103,2025-03-09 23:17:42,71
A05155,S1013,DS400,lecture,DS400-L0201,2025-03-09 17:44:45,27
A05156,S1012,CS101,video,CS101-V0703,2025-02-06 13:54:35,5
A05157,S1040,DS200,assignment,DS200-A0402,2025-03-29 06:40:07,56
A05158,S1016,CS301,discussion,CS301-D0102,2025-05-01 04:33:24,1
A05159,S1043,DS200,discussion,DS200-D0904,2025-03-24 05:43:26,22
A05160,S1042,CS101,discussion,CS101-D0905,2025-02-22 09:11:07,68
A05161,S1020,MATH150,quiz,MATH150-Q0901,2025-04-15 22:49:18,53
A05162,S1050,CS301,quiz,CS301-Q0702,2025-04-15 11:15:55,35
A05163,S1009,CS101,discussion,CS101-D0403,2025-03-23 15:08:43,90
A05164,S1006,DS200,reading,DS200-R0304,2025-03-16 02:28:01,38
A05165,S1031,MATH150,video,MATH150-V0703,2025-02-28 13:17:18,4
A05166,S1017,CS301,assignment,CS301-A0902,2025-04-17 06:59:25,88
A05167,S1049,DS200,quiz,DS200-Q1004,2025-03-13 08:03:28,31
A05168,S1029,DS400,assignment,DS400-A0605,2025-02-10 21:27:18,88
A05169,S1045,DS400,quiz,DS400-Q0803,2025-02-28 08:11:25,79
A05170,S1037,DS200,reading,DS200-R0705,2025-03-17 03:51:51,85
A05171,S1006,MATH150,reading,MATH150-R0705,2025-02-22 23:06:01,73
A05172,S1040,MATH150,video,MATH150-V0203,2025-03-05 22:32:11,56
A05173,S1026,MATH150,assignment,MATH150-A0302,2025-04-02 14:05:45,36
A05174,S1001,DS200,assignment,DS200-A0705,2025-04-16 13:32:02,2
A05175,S1036,DS400,quiz,DS400-Q0505,2025-03-11 14:25:53,50
A05176,S1027,DS400,lecture,DS400-L0205,2025-02-19 13:09:36,18
A05177,S1037,DS200,video,DS200-V0303,2025-03-11 03:01:53,72
A05178,S1032,DS200,video,DS200-V0102,2025-03-19 06:46:11,27
A05179,S1015,CS301,assignment,CS301-A0903,2025-02-07 00:58:09,50
A05180,S1044,CS101,video,CS101-V0904,2025-03-21 15:13:42,39
A05181,S1046,DS400,reading,DS400-R0805,2025-02-25 14:54:08,7
A05182,S1017,MATH150,reading,MATH150-R1004,2025-04-09 12:33:14,42
A05183,S1044,CS301,assignment,CS301-A0703,2025-04-23 00:53:13,59
A05184,S1033,CS301,discussion,CS301-D0101,2025-04-28 23:04:06,46
A05185,S1022,CS101,assignment,CS101-A0304,2025-04-04 17:42:44,62
A05186,S1042,CS301,reading,CS301-R0505,2025-02-27 12:00:53,28
A05187,S1027,DS200,video,DS200-V0801,2025-03-09 13:36:02,53
A05188,S1007,MATH150,quiz,MATH150-Q0602,2025-04-28 14:01:21,33
A05189,S1017,DS200,lecture,DS200-L0103,2025-02-16 12:36:27,12
A05190,S1044,DS400,quiz,DS400-Q0803,2025-03-18 03:16:48,13
A05191,S1024,DS200,lecture,DS200-L0403,2025-02-09 21:54:53,81
A05192,S1037,CS101,discussion,CS101-D0903,2025-04-07 23:41:58,85
A05193,S1002,MATH150,quiz,MATH150-Q0601,2025-02-24 17:31:22,29
A05194,S1021,DS400,reading,DS400-R0105,2025-02-10 09:01:35,81
A05195,S1017,DS200,video,DS200-V0305,2025-03-22 11:39:03,61
A05196,S1028,CS301,assignment,CS301-A0402,2025-04-25 19:22:31,63
A05197,S1043,DS400,assignment,DS400-A0103,2025-02-14 09:11:00,27
A05198,S1014,DS400,lecture,DS400-L0104,2025-02-05 19:25:51,65
A05199,S1040,CS101,assignment,CS101-A0801,2025-02-05 13:50:43,47
A05200,S1010,DS200,discussion,DS200-D0205,2025-02-27 19:42:45,45
A05201,S1030,MATH150,discussion,MATH150-D0703,2025-04-02 21:17:00,77
A05202,S1002,MATH150,video,MATH150-V0801,2025-04-11 03:42:40,24
A05203,S1023,DS400,discussion,DS400-D0701,2025-02-12 20:23:03,38
A05204,S1014,MATH150,discussion,MATH150-D0401,2025-03-04 04:11:50,1
A05205,S1041,CS301,quiz,CS301-Q0601,2025-02-23 07:29:08,6
A05206,S1028,CS101,lecture,CS101-L1002,2025-04-29 23:22:22,18
A05207,S1007,CS301,discussion,CS301-D1004,2025-03-01 18:51:02,44
A05208,S1013,CS301,lecture,CS301-L0504,2025-02-25 02:19:03,20
A05209,S1003,MATH150,video,MATH150-V0205,2025-02-14 03:07:48,57
A05210,S1019,DS200,lecture,DS200-L0304,2025-03-15 03:12:45,53
A05211,S1023,CS301,lecture,CS301-L0302,2025-02-21 09:51:48,52
A05212,S1006,CS301,reading,CS301-R0605,2025-02-04 00:35:12,54
A05213,S1049,DS200,reading,DS200-R0803,2025-03-06 01:58:30,44
A05214,S1010,CS301,quiz,CS301-Q0301,2025-04-08 08:30:46,31
A05215,S1026,CS301,assignment,CS301-A0102,2025-03-18 00:26:26,41
A05216,S1008,CS101,lecture,CS101-L0604,2025-03-27 06:11:24,63
A05217,S1003,CS301,discussion,CS301-D0103,2025-03-18 18:18:11,10
A05218,S1050,CS101,video,CS101-V0205,2025-02-10 17:41:32,50
A05219,S1030,DS400,video,DS400-V0302,2025-03-09 07:22:47,25
A05220,S1037,DS200,assignment,DS200-A0401,2025-04-04 00:06:07,48
A05221,S1018,DS400,reading,DS400-R1003,2025-02-09 19:46:04,54
A05222,S1022,CS301,lecture,CS301-L0805,2025-03-02 16:31:10,25
A05223,S1010,CS101,assignment,CS101-A0902,2025-02-04 23:38:51,19
A05224,S1018,DS200,quiz,DS200-Q0504,2025-04-15 16:15:49,68
A05225,S1022,MATH150,assignment,MATH150-A0205,2025-02-04 06:07:50,19
A05226,S1047,CS101,reading,CS101-R0201,2025-03-05 05:33:20,40
A05227,S1035,DS400,lecture,DS400-L0601,2025-02-06 17:12:33,78
A05228,S1015,DS200,reading,DS200-R0703,2025-04-13 02:34:52,32
A05229,S1015,CS301,video,CS301-V0401,2025-03-04 12:34:52,62
A05230,S1046,MATH150,assignment,MATH150-A0502,2025-03-19 01:31:52,90
A05231,S1004,CS101,discussion,CS101-D0903,2025-02-13 11:25:21,52
A05232,S1050,MATH150,video,MATH150-V0804,2025-02-05 01:49:56,82
A05233,S1042,DS200,lecture,DS200-L0801,2025-04-23 07:21:50,35
A05234,S1029,CS101,lecture,CS101-L0303,2025-04-11 04:48:49,90
A05235,S1040,DS200,discussion,DS200-D0402,2025-05-02 05:40:22,81
A05236,S1037,CS301,lecture,CS301-L0805,2025-03-10 04:40:11,49
A05237,S1034,CS101,quiz,CS101-Q0705,2025-03-17 00:34:07,48
A05238,S1003,MATH150,discussion,MATH150-D0204,2025-04-14 16:04:40,31
A05239,S1045,DS400,video,DS400-V0101,2025-02-07 10:13:24,88
A05240,S1023,MATH150,discussion,MATH150-D0204,2025-04-01 18:20:57,71
A05241,S1013,DS200,assignment,DS200-A0204,2025-03-31 01:03:51,28
A05242,S1025,MATH150,assignment,MATH150-A0801,2025-03-24 06:35:28,78
A05243,S1046,MATH150,assignment,MATH150-A0501,2025-03-11 07:41:17,45
A05244,S1046,MATH150,reading,MATH150-R0303,2025-03-29 07:17:52,26
A05245,S1024,CS301,lecture,CS301-L0804,2025-04-26 20:31:54,48
A05246,S1001,DS400,reading,DS400-R0702,2025-04-27 06:39:15,2
A05247,S1031,DS400,assignment,DS400-A0604,2025-02-16 03:56:16,84
A05248,S1047,DS200,quiz,DS200-Q0205,2025-04-07 02:39:14,21
A05249,S1027,CS101,video,CS101-V0701,2025-02-13 15:31:51,72
A05250,S1028,DS400,lecture,DS400-L0201,2025-04-01 17:51:21,29
A05251,S1028,CS101,discussion,CS101-D0205,2025-02-28 21:30:01,74
A05252,S1001,DS400,lecture,DS400-L0801,2025-02-06 15:04:42,26
A05253,S1009,CS301,assignment,CS301-A0702,2025-03-25 01:48:50,4
A05254,S1023,DS400,quiz,DS400-Q0804,2025-04-25 12:13:08,64
A05255,S1004,CS101,reading,CS101-R1004,2025-02-14 21:28:29,90
A05256,S1025,DS400,video,DS400-V0201,2025-03-28 13:12:08,43
A05257,S1028,DS400,quiz,DS400-Q0504,2025-02-04 14:34:10,63
A05258,S1029,DS200,assignment,DS200-A0605,2025-03-09 00:29:10,50
A05259,S1045,DS400,assignment,DS400-A0205,2025-04-22 05:41:17,22
A05260,S1010,CS101,reading,CS101-R0202,2025-03-09 15:20:52,52
A05261,S1016,DS400,assignment,DS400-A0803,2025-04-13 19:21:47,68
A05262,S1043,DS400,video,DS400-V0601,2025-02-06 14:25:23,64
A05263,S1023,CS101,quiz,CS101-Q0803,2025-04-28 05:47:53,68
A05264,S1027,CS301,video,CS301-V0605,2025-02-13 14:03:17,71
A05265,S1009,CS101,quiz,CS101-Q0803,2025-03-23 08:21:39,58
A05266,S1019,CS301,quiz,CS301-Q1002,2025-03-10 03:58:47,79
A05267,S1040,MATH150,assignment,MATH150-A0903,2025-02-22 20:36:54,69
A05268,S1016,MATH150,quiz,MATH150-Q1005,2025-03-31 04:19:07,61
A05269,S1049,CS101,video,CS101-V0602,2025-04-17 22:11:44,5
A05270,S1006,DS400,video,DS400-V0104,2025-04-29 11:34:23,33
A05271,S1028,DS400,lecture,DS400-L0304,2025-04-21 12:01:35,63
A05272,S1008,DS400,lecture,DS400-L1004,2025-03-30 16:41:56,74
A05273,S1013,DS200,reading,DS200-R0401,2025-02-22 12:59:21,81
A05274,S1005,DS200,discussion,DS200-D0805,2025-02-22 21:59:19,6
A05275,S1021,CS301,discussion,CS301-D0305,2025-04-20 08:01:58,62
A05276,S1024,DS200,video,DS200-V0603,2025-02-19 03:32:47,55
A05277,S1045,DS200,lecture,DS200-L0305,2025-04-08 11:02:25,36
A05278,S1050,DS400,quiz,DS400-Q0504,2025-03-22 19:45:07,16
A05279,S1008,DS200,discussion,DS200-D0304,2025-03-31 05:47:58,86
A05280,S1038,DS200,reading,DS200-R0601,2025-03-17 18:17:46,30
A05281,S1037,DS200,video,DS200-V0305,2025-02-23 07:57:31,11
A05282,S1029,CS301,discussion,CS301-D0703,2025-04-30 19:16:44,2
A05283,S1016,DS400,assignment,DS400-A0504,2025-03-10 03:17:38,83
A05284,S1042,CS101,reading,CS101-R0604,2025-04-10 03:05:15,85
A05285,S1032,CS301,discussion,CS301-D0204,2025-03-03 01:30:13,27
A05286,S1005,DS200,assignment,DS200-A0502,2025-03-03 04:11:33,83
A05287,S1021,DS200,reading,DS200-R0405,2025-05-02 16:18:51,90
A05288,S1005,CS101,assignment,CS101-A0604,2025-03-08 00:29:19,5
A05289,S1038,DS200,quiz,DS200-Q0301,2025-04-02 23:04:08,35
A05290,S1033,CS101,assignment,CS101-A0404,2025-03-31 07:16:36,90
A05291,S1024,CS301,assignment,CS301-A0604,2025-02-19 23:23:35,79
A05292,S1017,DS200,video,DS200-V1001,2025-03-13 09:09:24,69
A05293,S1025,CS301,lecture,CS301-L0905,2025-03-04 11:54:54,42
A05294,S1002,CS301,discussion,CS301-D0502,2025-04-18 00:30:04,75
A05295,S1042,MATH150,reading,MATH150-R0201,2025-04-19 04:05:14,9
A05296,S1002,MATH150,video,MATH150-V0805,2025-03-19 21:17:36,34
A05297,S1040,DS200,reading,DS200-R0505,2025-02-16 11:02:31,15
A05298,S1001,CS101,discussion,CS101-D0205,2025-03-26 20:29:34,82
A05299,S1040,CS301,discussion,CS301-D1001,2025-02-22 15:52:46,20
A05300,S1049,DS400,video,DS400-V0604,2025-03-05 00:48:55,27
A05301,S1034,MATH150,discussion,MATH150-D0201,2025-02-10 12:39:57,42
A05302,S1046,CS301,lecture,CS301-L0403,2025-03-18 08:16:20,48
A05303,S1026,CS101,assignment,CS101-A0204,2025-03-01 16:02:06,88
A05304,S1011,CS301,video,CS301-V0503,2025-05-01 02:05:49,42
A05305,S1019,CS301,video,CS301-V0102,2025-02-13 20:33:47,30
A05306,S1022,MATH150,quiz,MATH150-Q1002,2025-02-15 20:40:13,85
A05307,S1016,DS400,reading,DS400-R0104,2025-04-24 02:11:23,11
A05308,S1049,CS301,video,CS301-V0502,2025-02-28 16:30:22,50
A05309,S1025,CS101,discussion,CS101-D0603,2025-03-19 17:25:40,88
A05310,S1004,CS101,quiz,CS101-Q0102,2025-05-02 19:26:56,74
A05311,S1034,CS101,lecture,CS101-L0805,2025-04-17 23:59:17,46
A05312,S1007,CS301,video,CS301-V0602,2025-02-09 02:39:35,34
A05313,S1041,CS101,assignment,CS101-A0301,2025-05-01 11:30:30,22
A05314,S1011,MATH150,assignment,MATH150-A0204,2025-03-06 16:24:54,52
A05315,S1005,CS301,discussion,CS301-D0105,2025-03-06 15:12:21,56
A05316,S1017,CS101,discussion,CS101-D0603,2025-02-13 16:50:53,25
A05317,S1014,DS200,quiz,DS200-Q0703,2025-04-13 19:51:28,2
A05318,S1009,DS400,reading,DS400-R1001,2025-03-05 18:56:36,56
A05319,S1045,MATH150,discussion,MATH150-D0204,2025-04-05 16:04:18,79
A05320,S1007,MATH150,assignment,MATH150-A0805,2025-02-18 10:04:07,73
A05321,S1004,MATH150,video,MATH150-V0505,2025-02-19 04:21:05,22
A05322,S1006,DS400,lecture,DS400-L0203,2025-02-17 09:49:40,74
A05323,S1038,DS400,reading,DS400-R0901,2025-03-02 01:07:28,15
A05324,S1019,CS101,lecture,CS101-L0405,2025-03-09 00:01:13,89
A05325,S1046,CS301,discussion,CS301-D1002,2025-03-30 05:33:36,16
A05326,S1019,DS200,quiz,DS200-Q0602,2025-02-02 10:15:28,16
A05327,S1011,CS101,lecture,CS101-L0803,2025-04-29 06:50:40,6
A05328,S1010,CS101,discussion,CS101-D0903,2025-04-11 00:20:00,40
A05329,S1028,DS400,discussion,DS400-D0905,2025-03-11 20:01:49,52
A05330,S1024,DS400,reading,DS400-R0901,2025-04-09 23:08:46,70
A05331,S1010,CS301,video,CS301-V1001,2025-02-25 21:09:35,85
A05332,S1025,CS301,assignment,CS301-A0605,2025-02-11 18:05:34,54
A05333,S1020,MATH150,assignment,MATH150-A1001,2025-05-01 02:43:10,41
A05334,S1013,DS200,assignment,DS200-A0205,2025-04-06 10:19:38,4
A05335,S1007,CS101,video,CS101-V0105,2025-03-04 10:06:08,18
A05336,S1014,CS101,reading,CS101-R0705,2025-04-17 09:20:09,22
A05337,S1016,MATH150,video,MATH150-V0903,2025-04-12 07:36:53,2
A05338,S1047,DS200,video,DS200-V0504,2025-02-18 18:44:13,51
A05339,S1031,CS101,assignment,CS101-A0402,2025-02-02 20:17:30,18
A05340,S1021,DS200,reading,DS200-R0302,2025-03-25 23:59:04,55
A05341,S1029,CS101,quiz,CS101-Q0804,2025-02-04 17:59:12,40
A05342,S1050,DS200,discussion,DS200-D0405,2025-04-15 19:34:05,69
A05343,S1032,CS301,assignment,CS301-A0704,2025-03-03 05:31:52,7
A05344,S1035,CS301,quiz,CS301-Q0301,2025-02-05 17:28:24,58
A05345,S1042,MATH150,video,MATH150-V0501,2025-02-03 20:36:37,31
A05346,S1014,CS101,reading,CS101-R0201,2025-04-09 15:54:04,87
A05347,S1049,DS400,assignment,DS400-A0802,2025-03-01 09:53:41,60
A05348,S1009,MATH150,reading,MATH150-R0304,2025-03-07 11:59:30,38
A05349,S1005,CS301,assignment,CS301-A0905,2025-04-08 00:15:48,27
A05350,S1038,DS200,quiz,DS200-Q0702,2025-03-30 06:35:26,71
A05351,S1021,DS200,video,DS200-V0901,2025-04-21 00:34:00,71
A05352,S1011,DS400,discussion,DS400-D0404,2025-04-05 19:07:04,25
A05353,S1043,DS200,quiz,DS200-Q0904,2025-03-23 23:13:45,3
A05354,S1031,CS101,reading,CS101-R0302,2025-03-08 01:48:05,59
A05355,S1050,DS200,lecture,DS200-L0905,2025-04-01 07:53:07,48
A05356,S1038,DS200,lecture,DS200-L0204,2025-04-09 01:23:00,75
A05357,S1038,DS200,assignment,DS200-A0202,2025-03-04 19:39:48,32
A05358,S1020,CS301,assignment,CS301-A0103,2025-02-02 12:51:21,61
A05359,S1042,CS101,quiz,CS101-Q0803,2025-02-02 11:12:33,72
A05360,S1036,MATH150,discussion,MATH150-D0505,2025-04-02 00:58:51,79
A05361,S1026,DS200,reading,DS200-R0804,2025-03-22 20:39:21,54
A05362,S1046,CS301,video,CS301-V0202,2025-03-26 23:08:28,2
A05363,S1021,DS400,reading,DS400-R0205,2025-04-18 17:07:08,33
A05364,S1036,MATH150,assignment,MATH150-A0603,2025-04-15 12:28:49,22
A05365,S1011,MATH150,discussion,MATH150-D0603,2025-02-11 15:51:25,26
A05366,S1013,CS101,assignment,CS101-A0605,2025-02-08 09:47:40,45
A05367,S1019,CS101,discussion,CS101-D0702,2025-04-06 21:32:55,89
A05368,S1023,CS101,assignment,CS101-A0201,2025-03-31 19:13:17,53
A05369,S1032,MATH150,reading,MATH150-R0202,2025-04-26 10:10:51,55
A05370,S1015,CS301,reading,CS301-R1001,2025-04-25 17:43:46,43
A05371,S1047,CS101,reading,CS101-R0204,2025-02-24 21:59:36,64
A05372,S1010,DS200,video,DS200-V0502,2025-03-14 15:09:06,90
A05373,S1032,DS400,quiz,DS400-Q0102,2025-04-28 15:40:32,87
A05374,S1012,DS200,assignment,DS200-A0901,2025-02-15 10:58:49,67
A05375,S1006,CS301,lecture,CS301-L0905,2025-04-06 08:29:09,73
A05376,S1049,DS200,reading,DS200-R0504,2025-04-14 21:16:00,88
A05377,S1048,MATH150,video,MATH150-V0201,2025-04-30 13:26:09,21
A05378,S1029,MATH150,discussion,MATH150-D0702,2025-04-16 09:50:31,64
A05379,S1014,CS101,lecture,CS101-L0505,2025-04-24 13:12:34,27
A05380,S1016,CS101,lecture,CS101-L0905,2025-03-12 23:24:03,21
A05381,S1016,CS101,quiz,CS101-Q0605,2025-04-29 03:33:38,34
A05382,S1044,CS101,lecture,CS101-L0405,2025-02-11 03:30:51,66
A05383,S1002,DS200,assignment,DS200-A0703,2025-03-26 23:51:28,48
A05384,S1046,CS101,assignment,CS101-A0101,2025-02-14 09:29:31,9
A05385,S1033,DS200,reading,DS200-R0203,2025-02-04 04:14:01,70
A05386,S1006,CS301,lecture,CS301-L0305,2025-02-27 06:56:31,55
A05387,S1005,CS301,assignment,CS301-A0904,2025-03-25 14:48:34,58
A05388,S1042,DS200,video,DS200-V0203,2025-03-29 00:09:47,78
A05389,S1037,CS301,lecture,CS301-L0402,2025-02-03 20:55:36,36
A05390,S1013,MATH150,assignment,MATH150-A0803,2025-02-22 13:21:24,27
A05391,S1020,MATH150,video,MATH150-V0201,2025-03-13 19:27:36,47
A05392,S1005,CS101,lecture,CS101-L0504,2025-02-02 01:27:21,9
A05393,S1001,MATH150,lecture,MATH150-L0401,2025-02-24 15:08:50,44
A05394,S1024,MATH150,assignment,MATH150-A0805,2025-03-03 08:02:31,18
A05395,S1004,CS301,video,CS301-V0302,2025-03-31 19:33:39,46
A05396,S1028,CS301,video,CS301-V0204,2025-03-10 13:12:00,10
A05397,S1046,DS400,discussion,DS400-D0905,2025-03-27 16:34:28,64
A05398,S1046,DS400,quiz,DS400-Q0804,2025-03-20 02:22:04,57
A05399,S1024,CS101,video,CS101-V0904,2025-03-18 23:47:59,85
A05400,S1005,DS200,video,DS200-V1005,2025-02-10 00:43:01,69
A05401,S1037,DS200,discussion,DS200-D0802,2025-02-05 22:08:22,36
A05402,S1033,CS301,video,CS301-V0103,2025-03-08 22:41:23,15
A05403,S1038,MATH150,reading,MATH150-R0605,2025-03-13 16:02:11,66
A05404,S1006,CS301,assignment,CS301-A0403,2025-02-12 21:19:40,69
A05405,S1036,CS101,quiz,CS101-Q1004,2025-04-18 11:47:59,40
A05406,S1047,CS101,video,CS101-V0203,2025-04-27 23:01:19,63
A05407,S1021,DS400,reading,DS400-R1002,2025-04-30 22:47:27,73
A05408,S1007,DS400,assignment,DS400-A0602,2025-04-07 02:44:23,51
A05409,S1047,DS200,lecture,DS200-L0603,2025-04-23 04:31:53,40
A05410,S1039,DS200,video,DS200-V1002,2025-03-17 08:58:37,11
A05411,S1044,DS400,reading,DS400-R0501,2025-03-13 17:38:31,30
A05412,S1034,MATH150,quiz,MATH150-Q0801,2025-02-15 11:47:03,7
A05413,S1048,CS301,assignment,CS301-A0203,2025-02-21 00:28:51,59
A05414,S1036,MATH150,video,MATH150-V0103,2025-03-08 17:33:09,88
A05415,S1042,MATH150,assignment,MATH150-A0602,2025-04-08 06:55:21,41
A05416,S1018,MATH150,lecture,MATH150-L0805,2025-04-11 15:09:57,76
A05417,S1044,CS301,quiz,CS301-Q0805,2025-04-27 18:43:18,68
A05418,S1035,DS400,video,DS400-V0301,2025-04-16 21:10:50,5
A05419,S1048,CS101,quiz,CS101-Q0301,2025-05-02 17:39:08,36
A05420,S1002,DS400,reading,DS400-R0801,2025-02-13 23:43:10,23
A05421,S1019,CS301,lecture,CS301-L0803,2025-04-07 19:01:53,63
A05422,S1035,CS101,reading,CS101-R0201,2025-04-10 06:11:37,40
A05423,S1036,CS301,quiz,CS301-Q0801,2025-03-24 12:50:47,54
A05424,S1017,MATH150,video,MATH150-V0702,2025-04-17 14:12:08,38
A05425,S1020,CS301,lecture,CS301-L0505,2025-03-27 03:17:19,54
A05426,S1031,CS101,lecture,CS101-L0101,2025-03-22 14:51:29,60
A05427,S1030,CS101,video,CS101-V0402,2025-03-05 13:15:31,60
A05428,S1050,CS101,assignment,CS101-A0503,2025-02-23 15:11:01,4
A05429,S1030,DS200,video,DS200-V0504,2025-04-06 21:27:19,55
A05430,S1050,DS400,discussion,DS400-D1004,2025-04-06 16:28:20,33
A05431,S1039,CS101,video,CS101-V0103,2025-04-20 08:37:16,30
A05432,S1033,CS101,quiz,CS101-Q0805,2025-03-31 14:54:45,65
A05433,S1038,DS400,video,DS400-V0504,2025-04-24 13:43:05,74
A05434,S1011,MATH150,quiz,MATH150-Q0103,2025-04-25 21:23:25,68
A05435,S1008,CS101,assignment,CS101-A0401,2025-02-10 22:12:03,66
A05436,S1028,MATH150,video,MATH150-V0302,2025-02-10 00:02:55,34
A05437,S1023,CS301,reading,CS301-R0205,2025-04-19 07:05:54,16
A05438,S1011,CS301,reading,CS301-R1001,2025-04-30 00:20:15,61
A05439,S1004,CS101,video,CS101-V0502,2025-04-30 14:17:57,59
A05440,S1018,DS200,assignment,DS200-A0303,2025-04-29 02:48:47,49
A05441,S1044,CS301,reading,CS301-R0103,2025-02-22 06:13:33,49
A05442,S1009,MATH150,lecture,MATH150-L0302,2025-02-13 20:38:11,10
A05443,S1022,MATH150,lecture,MATH150-L0201,2025-03-31 08:05:19,4
A05444,S1041,DS200,lecture,DS200-L0701,2025-03-21 07:54:45,14
A05445,S1016,CS301,assignment,CS301-A1002,2025-02-06 23:51:38,5
A05446,S1024,DS200,video,DS200-V0203,2025-02-27 13:54:13,21
A05447,S1042,CS301,quiz,CS301-Q0403,2025-04-22 03:02:50,26
A05448,S1036,MATH150,assignment,MATH150-A0303,2025-04-18 02:42:04,55
A05449,S1008,CS101,quiz,CS101-Q0203,2025-04-07 17:39:15,80
A05450,S1037,DS400,reading,DS400-R0502,2025-03-13 23:29:17,90
A05451,S1006,DS400,reading,DS400-R0603,2025-02-22 05:27:18,57
A05452,S1049,MATH150,discussion,MATH150-D0304,2025-03-25 07:50:23,17
A05453,S1047,DS400,reading,DS400-R0105,2025-02-12 05:00:36,35
A05454,S1040,DS400,assignment,DS400-A0501,2025-02-19 15:16:55,25
A05455,S1009,DS200,reading,DS200-R0903,2025-03-31 11:05:34,30
A05456,S1023,DS400,lecture,DS400-L0403,2025-04-27 21:54:33,83
A05457,S1011,DS400,discussion,DS400-D0103,2025-02-04 14:12:47,64
A05458,S1021,CS101,quiz,CS101-Q0901,2025-03-30 18:11:35,88
A05459,S1041,CS301,video,CS301-V0603,2025-04-19 09:56:36,38
A05460,S1009,MATH150,video,MATH150-V0504,2025-03-21 16:09:44,63
A05461,S1031,MATH150,reading,MATH150-R0505,2025-03-11 18:53:57,34
A05462,S1038,DS200,lecture,DS200-L0504,2025-03-01 06:45:34,7
A05463,S1004,CS301,lecture,CS301-L0705,2025-03-25 12:44:41,66
A05464,S1009,CS301,reading,CS301-R0904,2025-02-14 02:18:27,86
A05465,S1030,MATH150,reading,MATH150-R0404,2025-03-18 18:56:52,76
A05466,S1015,DS400,reading,DS400-R0504,2025-02-03 21:09:16,75
A05467,S1007,DS200,lecture,DS200-L0103,2025-02-04 05:40:55,60
A05468,S1011,MATH150,reading,MATH150-R0602,2025-04-01 10:08:20,56
A05469,S1003,CS101,quiz,CS101-Q0105,2025-04-23 19:57:50,79
A05470,S1015,DS200,assignment,DS200-A0504,2025-02-04 21:21:07,57
A05471,S1037,DS200,quiz,DS200-Q0303,2025-04-07 18:28:39,14
A05472,S1046,CS301,reading,CS301-R0401,2025-04-09 10:34:37,51
A05473,S1050,CS101,video,CS101-V0303,2025-02-07 13:44:49,84
A05474,S1015,DS400,reading,DS400-R0405,2025-03-23 05:51:09,68
A05475,S1017,MATH150,video,MATH150-V0805,2025-03-29 12:35:43,46
A05476,S1010,DS200,quiz,DS200-Q0204,2025-03-31 07:17:28,34
A05477,S1037,CS301,assignment,CS301-A0503,2025-05-02 19:43:28,40
A05478,S1039,MATH150,assignment,MATH150-A1003,2025-04-24 16:36:48,59
A05479,S1047,DS400,lecture,DS400-L0304,2025-04-13 06:36:58,25
A05480,S1047,CS101,quiz,CS101-Q0502,2025-03-16 12:54:56,14
A05481,S1034,DS200,video,DS200-V0303,2025-04-30 11:17:07,4
A05482,S1011,DS200,discussion,DS200-D0404,2025-04-26 14:41:21,86
A05483,S1009,CS301,quiz,CS301-Q0204,2025-03-13 13:09:38,35
A05484,S1046,CS101,assignment,CS101-A0501,2025-02-28 21:05:48,50
A05485,S1022,MATH150,lecture,MATH150-L0202,2025-03-27 12:11:02,49
A05486,S1015,DS400,lecture,DS400-L0201,2025-03-07 20:59:08,1
A05487,S1009,DS200,discussion,DS200-D1002,2025-02-05 13:08:53,62
A05488,S1050,MATH150,assignment,MATH150-A0605,2025-03-08 11:38:50,22
A05489,S1034,DS200,quiz,DS200-Q0704,2025-03-20 14:56:47,35
A05490,S1012,DS200,discussion,DS200-D0403,2025-04-10 18:12:26,34
A05491,S1014,DS200,assignment,DS200-A0802,2025-04-13 21:13:54,18
A05492,S1046,CS301,discussion,CS301-D0405,2025-03-14 11:28:24,75
A05493,S1012,CS101,reading,CS101-R0201,2025-02-03 00:42:00,18
A05494,S1025,CS101,quiz,CS101-Q0802,2025-02-08 10:42:23,33
A05495,S1013,MATH150,assignment,MATH150-A0904,2025-04-28 00:58:09,73
A05496,S1043,CS301,reading,CS301-R0404,2025-02-08 12:02:12,47
A05497,S1023,CS301,video,CS301-V0201,2025-03-08 10:41:24,24
A05498,S1001,DS400,discussion,DS400-D0902,2025-02-08 05:32:09,72
A05499,S1030,DS200,lecture,DS200-L1003,2025-02-06 21:29:15,61
A05500,S1040,DS200,video,DS200-V0804,2025-04-25 09:32:53,30
A05501,S1007,DS200,discussion,DS200-D0802,2025-04-29 04:39:05,36
A05502,S1006,MATH150,discussion,MATH150-D0601,2025-04-29 15:27:07,21
A05503,S1044,CS301,assignment,CS301-A0605,2025-04-04 21:40:23,90
A05504,S1002,DS400,video,DS400-V0705,2025-04-12 09:45:00,3
A05505,S1001,DS400,lecture,DS400-L0802,2025-02-18 15:37:44,4
A05506,S1036,CS301,lecture,CS301-L0301,2025-03-24 14:18:52,75
A05507,S1049,MATH150,reading,MATH150-R0302,2025-03-31 18:11:35,83
A05508,S1045,MATH150,discussion,MATH150-D0701,2025-02-14 15:07:16,31
A05509,S1014,CS101,reading,CS101-R1005,2025-03-23 23:30:45,60
A05510,S1023,CS101,quiz,CS101-Q0604,2025-04-19 12:44:00,80
A05511,S1002,DS200,video,DS200-V0401,2025-04-22 09:27:12,71
A05512,S1034,DS400,lecture,DS400-L0701,2025-04-28 21:25:49,78
A05513,S1019,CS101,quiz,CS101-Q0601,2025-02-18 07:25:23,36
A05514,S1008,DS200,lecture,DS200-L0104,2025-03-23 16:51:14,81
A05515,S1035,CS301,quiz,CS301-Q0605,2025-04-10 21:36:00,63
A05516,S1021,MATH150,assignment,MATH150-A0903,2025-02-02 08:18:38,76
A05517,S1022,DS400,lecture,DS400-L0503,2025-02-06 01:20:31,38
A05518,S1040,CS301,video,CS301-V0404,2025-03-13 21:39:27,80
A05519,S1019,CS301,video,CS301-V0802,2025-03-22 13:58:58,55
A05520,S1022,CS101,discussion,CS101-D0203,2025-04-17 08:33:57,89
A05521,S1009,CS101,reading,CS101-R0405,2025-02-28 02:58:49,85
A05522,S1021,CS101,assignment,CS101-A0504,2025-02-16 01:40:53,14
A05523,S1032,CS301,reading,CS301-R0403,2025-04-01 14:09:05,26
A05524,S1037,MATH150,lecture,MATH150-L0704,2025-03-17 11:28:48,33
A05525,S1003,CS301,discussion,CS301-D0904,2025-03-28 14:18:05,66
A05526,S1048,MATH150,discussion,MATH150-D0604,2025-02-28 03:46:45,80
A05527,S1005,CS101,lecture,CS101-L0704,2025-03-18 07:30:51,83
A05528,S1010,CS301,reading,CS301-R0205,2025-03-17 07:54:26,80
A05529,S1016,DS400,quiz,DS400-Q0905,2025-04-29 13:13:29,41
A05530,S1014,CS301,quiz,CS301-Q0101,2025-02-17 10:00:12,36
A05531,S1037,DS200,lecture,DS200-L0703,2025-03-08 11:20:14,87
A05532,S1043,DS400,discussion,DS400-D0303,2025-02-25 20:07:21,57
A05533,S1035,CS101,reading,CS101-R0801,2025-03-02 07:01:30,6
A05534,S1031,DS400,video,DS400-V0703,2025-02-08 12:00:40,66
A05535,S1029,MATH150,quiz,MATH150-Q1002,2025-03-15 19:48:49,90
A05536,S1038,DS200,lecture,DS200-L0402,2025-03-19 11:13:34,27
A05537,S1022,CS301,lecture,CS301-L0303,2025-03-11 16:16:30,62
A05538,S1012,CS101,video,CS101-V0401,2025-02-04 11:31:22,71
A05539,S1050,MATH150,quiz,MATH150-Q0905,2025-03-07 17:58:58,76
A05540,S1008,MATH150,video,MATH150-V0303,2025-02-19 12:09:03,44
A05541,S1050,CS301,quiz,CS301-Q0101,2025-03-30 05:12:04,70
A05542,S1047,CS101,reading,CS101-R0805,2025-02-22 12:55:09,53
A05543,S1042,DS400,lecture,DS400-L0401,2025-02-21 12:02:59,35
A05544,S1005,DS200,assignment,DS200-A0703,2025-04-06 09:24:20,25
A05545,S1009,DS400,discussion,DS400-D0604,2025-04-13 23:15:10,69
A05546,S1018,DS400,assignment,DS400-A1004,2025-04-26 22:15:09,57
A05547,S1002,CS301,lecture,CS301-L0701,2025-02-04 06:55:57,64
A05548,S1018,CS301,lecture,CS301-L0502,2025-02-25 21:41:24,57
A05549,S1003,CS101,reading,CS101-R1001,2025-04-13 16:57:04,85
A05550,S1032,MATH150,reading,MATH150-R0404,2025-03-28 05:23:57,57
A05551,S1006,CS301,video,CS301-V0904,2025-03-16 06:25:26,24
A05552,S1006,MATH150,quiz,MATH150-Q0803,2025-04-23 16:40:21,1
A05553,S1048,MATH150,reading,MATH150-R0605,2025-03-16 07:30:16,55
A05554,S1008,DS400,video,DS400-V0505,2025-04-13 04:58:37,64
A05555,S1020,CS101,reading,CS101-R0304,2025-03-22 23:46:06,47
A05556,S1015,CS101,reading,CS101-R0205,2025-03-22 17:15:51,65
A05557,S1031,DS200,quiz,DS200-Q0403,2025-04-09 11:32:11,74
A05558,S1012,CS101,assignment,CS101-A0302,2025-02-21 18:30:13,29
A05559,S1037,DS400,discussion,DS400-D0301,2025-03-04 08:41:57,73
A05560,S1002,CS101,quiz,CS101-Q0202,2025-04-26 11:35:13,18
A05561,S1043,CS101,reading,CS101-R0505,2025-02-26 23:25:53,45
A05562,S1027,CS301,quiz,CS301-Q0203,2025-04-23 11:04:37,86
A05563,S1018,CS101,assignment,CS101-A0804,2025-03-11 19:03:39,1
A05564,S1019,MATH150,quiz,MATH150-Q0905,2025-04-24 05:11:57,30
A05565,S1037,CS101,lecture,CS101-L0703,2025-03-09 20:26:48,57
A05566,S1042,CS301,quiz,CS301-Q0804,2025-03-10 00:46:48,61
A05567,S1047,CS301,quiz,CS301-Q0703,2025-03-20 12:56:22,51
A05568,S1003,DS400,reading,DS400-R0301,2025-03-22 10:19:19,86
A05569,S1048,MATH150,assignment,MATH150-A0305,2025-03-16 04:23:26,40
A05570,S1022,MATH150,video,MATH150-V0204,2025-03-09 04:32:25,8
A05571,S1019,DS400,discussion,DS400-D0905,2025-03-21 22:36:38,68
A05572,S1009,DS400,discussion,DS400-D0904,2025-02-15 19:31:02,60
A05573,S1024,MATH150,assignment,MATH150-A0502,2025-02-18 01:09:28,1
A05574,S1028,CS101,assignment,CS101-A0903,2025-04-10 02:11:54,6
A05575,S1027,DS400,video,DS400-V1005,2025-03-19 06:04:38,87
A05576,S1015,DS400,quiz,DS400-Q0501,2025-02-07 20:42:18,49
A05577,S1031,DS200,reading,DS200-R0704,2025-02-21 12:00:50,75
A05578,S1003,DS200,video,DS200-V0203,2025-02-25 20:52:38,8
A05579,S1013,CS101,discussion,CS101-D0405,2025-04-22 13:26:15,31
A05580,S1016,CS101,lecture,CS101-L0201,2025-04-20 15:19:26,66
A05581,S1017,CS101,quiz,CS101-Q0603,2025-03-22 14:07:42,69
A05582,S1021,MATH150,discussion,MATH150-D0803,2025-03-09 22:39:17,18
A05583,S1045,MATH150,reading,MATH150-R0305,2025-03-11 23:58:19,14
A05584,S1022,CS101,reading,CS101-R0404,2025-04-01 23:05:46,59
A05585,S1017,MATH150,quiz,MATH150-Q0902,2025-03-04 16:28:38,10
A05586,S1029,DS400,discussion,DS400-D0405,2025-03-18 04:07:37,12
A05587,S1043,DS200,reading,DS200-R0604,2025-03-15 01:24:56,80
A05588,S1028,DS200,assignment,DS200-A0405,2025-04-12 00:07:05,74
A05589,S1023,DS400,quiz,DS400-Q0501,2025-03-18 22:03:58,84
A05590,S1035,DS200,reading,DS200-R0701,2025-04-10 02:34:08,16
A05591,S1039,DS400,assignment,DS400-A1001,2025-04-18 02:36:17,56
A05592,S1009,MATH150,quiz,MATH150-Q1003,2025-04-04 09:50:04,61
A05593,S1027,DS200,discussion,DS200-D0404,2025-04-20 17:02:23,88
A05594,S1035,MATH150,video,MATH150-V0705,2025-04-26 08:53:04,47
A05595,S1008,CS301,discussion,CS301-D0802,2025-03-16 00:28:06,62
A05596,S1037,DS400,lecture,DS400-L0201,2025-02-14 14:26:54,84
A05597,S1032,CS101,discussion,CS101-D0105,2025-03-04 05:49:15,87
A05598,S1009,CS101,video,CS101-V0904,2025-02-17 07:03:44,13
A05599,S1009,CS101,reading,CS101-R0205,2025-02-05 21:32:51,82
A05600,S1018,MATH150,assignment,MATH150-A0702,2025-04-23 02:15:01,40
A05601,S1047,MATH150,quiz,MATH150-Q0302,2025-02-05 07:59:56,13
A05602,S1026,MATH150,quiz,MATH150-Q0702,2025-04-04 05:59:15,31
A05603,S1039,DS200,assignment,DS200-A0601,2025-03-24 13:05:45,20
A05604,S1019,DS200,assignment,DS200-A0304,2025-02-14 07:42:55,42
A05605,S1016,DS400,lecture,DS400-L0501,2025-02-24 16:33:22,7
A05606,S1042,CS301,reading,CS301-R0605,2025-04-16 08:12:18,68
A05607,S1019,CS101,assignment,CS101-A0502,2025-02-07 19:44:15,19
A05608,S1019,DS400,reading,DS400-R0403,2025-02-06 15:44:00,63
A05609,S1018,MATH150,lecture,MATH150-L1002,2025-04-14 11:25:40,32
A05610,S1012,DS400,lecture,DS400-L1005,2025-04-01 21:54:16,60
A05611,S1002,DS200,reading,DS200-R0501,2025-03-03 05:17:19,26
A05612,S1006,CS101,discussion,CS101-D0104,2025-03-20 21:13:54,13
A05613,S1043,DS400,video,DS400-V0403,2025-04-11 02:06:43,89
A05614,S1016,DS200,quiz,DS200-Q0802,2025-03-21 09:35:13,56
A05615,S1023,MATH150,reading,MATH150-R0804,2025-02-08 04:05:14,57
A05616,S1009,CS301,reading,CS301-R0802,2025-03-06 15:28:53,42
A05617,S1020,DS400,lecture,DS400-L0504,2025-02-11 07:42:25,24
A05618,S1025,CS301,quiz,CS301-Q0203,2025-04-29 09:50:26,88
A05619,S1016,DS400,video,DS400-V1002,2025-04-01 19:50:32,35
A05620,S1012,CS301,assignment,CS301-A0102,2025-02-08 13:38:48,45
A05621,S1004,CS101,video,CS101-V0502,2025-04-04 16:16:56,32
A05622,S1037,CS101,quiz,CS101-Q0304,2025-04-02 22:40:16,70
A05623,S1040,MATH150,discussion,MATH150-D0303,2025-04-21 17:51:09,58
A05624,S1031,DS200,video,DS200-V1001,2025-04-23 14:06:11,17
A05625,S1039,DS400,lecture,DS400-L0404,2025-05-02 02:15:17,15
A05626,S1045,DS400,lecture,DS400-L0304,2025-03-07 12:38:57,77
A05627,S1016,DS400,assignment,DS400-A0603,2025-03-18 17:22:09,86
A05628,S1006,MATH150,video,MATH150-V0201,2025-03-14 18:54:39,87
A05629,S1012,DS200,lecture,DS200-L0703,2025-03-31 22:27:35,12
A05630,S1003,CS101,assignment,CS101-A0503,2025-02-20 06:42:06,51
A05631,S1017,DS200,quiz,DS200-Q0503,2025-02-26 05:45:05,27
A05632,S1011,DS400,quiz,DS400-Q1001,2025-02-26 10:11:04,19
A05633,S1011,CS101,assignment,CS101-A0104,2025-04-03 23:11:14,20
A05634,S1011,CS301,quiz,CS301-Q0902,2025-03-04 20:34:33,21
A05635,S1030,DS400,lecture,DS400-L0904,2025-05-02 08:44:13,70
A05636,S1021,CS301,lecture,CS301-L0105,2025-05-01 19:21:51,28
A05637,S1013,DS400,reading,DS400-R0401,2025-02-03 06:09:53,6
A05638,S1038,CS101,lecture,CS101-L0702,2025-04-04 10:34:12,18
A05639,S1022,DS400,assignment,DS400-A0704,2025-03-17 04:03:04,43
A05640,S1019,CS301,reading,CS301-R0904,2025-02-13 13:56:00,62
A05641,S1011,DS400,assignment,DS400-A0504,2025-04-06 09:22:28,4
A05642,S1016,MATH150,reading,MATH150-R0702,2025-02-23 06:04:25,24
A05643,S1046,MATH150,quiz,MATH150-Q0604,2025-04-25 22:46:57,68
A05644,S1019,CS101,reading,CS101-R0504,2025-04-14 05:14:34,26
A05645,S1022,CS101,quiz,CS101-Q0604,2025-02-21 16:18:37,41
A05646,S1049,CS101,discussion,CS101-D0601,2025-04-19 08:11:06,64
A05647,S1026,DS400,assignment,DS400-A0703,2025-04-11 04:30:55,73
A05648,S1024,DS400,quiz,DS400-Q0604,2025-02-03 02:18:07,6
A05649,S1041,DS200,assignment,DS200-A0404,2025-04-15 02:28:02,41
A05650,S1010,DS200,discussion,DS200-D0703,2025-03-23 22:54:47,33
A05651,S1041,DS200,lecture,DS200-L0105,2025-02-17 09:11:01,24
A05652,S1009,MATH150,lecture,MATH150-L0503,2025-03-08 03:46:12,62
A05653,S1038,MATH150,assignment,MATH150-A0404,2025-04-05 02:58:09,17
A05654,S1015,CS301,quiz,CS301-Q0701,2025-02-28 09:05:54,9
A05655,S1019,DS200,quiz,DS200-Q0502,2025-02-07 10:43:06,24
A05656,S1040,CS301,lecture,CS301-L0901,2025-02-23 07:08:43,63
A05657,S1010,DS200,discussion,DS200-D0902,2025-02-13 16:52:45,3
A05658,S1040,DS200,reading,DS200-R0303,2025-04-29 12:34:57,86
A05659,S1013,DS400,video,DS400-V0305,2025-04-04 19:28:59,48
A05660,S1003,CS101,assignment,CS101-A0505,2025-03-12 03:17:55,18
A05661,S1036,MATH150,lecture,MATH150-L0804,2025-04-08 14:08:58,83
A05662,S1043,DS400,reading,DS400-R0405,2025-02-07 03:46:07,70
A05663,S1030,DS400,video,DS400-V0504,2025-03-12 23:41:27,59
A05664,S1044,DS400,lecture,DS400-L0104,2025-03-22 23:28:41,20
A05665,S1020,MATH150,quiz,MATH150-Q0704,2025-03-10 12:03:54,78
A05666,S1020,DS400,video,DS400-V0701,2025-04-08 21:27:26,73
A05667,S1041,MATH150,video,MATH150-V0904,2025-03-22 22:57:48,21
A05668,S1044,MATH150,assignment,MATH150-A0105,2025-03-05 14:50:32,43
A05669,S1038,DS200,reading,DS200-R0702,2025-03-29 07:08:07,62
A05670,S1012,CS301,quiz,CS301-Q1002,2025-02-22 07:55:38,19
A05671,S1021,CS301,assignment,CS301-A0304,2025-02-25 15:55:40,81
A05672,S1020,CS301,discussion,CS301-D1002,2025-03-19 20:26:20,8
A05673,S1047,MATH150,quiz,MATH150-Q0302,2025-04-18 16:41:17,87
A05674,S1044,DS200,reading,DS200-R0504,2025-03-14 06:42:46,51
A05675,S1007,CS101,reading,CS101-R0203,2025-04-01 01:51:03,50
A05676,S1006,DS400,lecture,DS400-L0705,2025-03-12 07:20:09,22
A05677,S1033,DS400,quiz,DS400-Q0905,2025-03-19 14:08:40,79
A05678,S1011,MATH150,reading,MATH150-R1003,2025-04-29 05:35:46,3
A05679,S1049,DS200,assignment,DS200-A1003,2025-02-09 23:13:33,67
A05680,S1028,DS400,assignment,DS400-A0604,2025-04-20 13:03:55,12
A05681,S1015,MATH150,reading,MATH150-R0105,2025-03-26 07:45:29,30
A05682,S1045,DS200,lecture,DS200-L0902,2025-03-26 17:35:55,4
A05683,S1008,CS301,discussion,CS301-D0403,2025-03-19 09:34:44,54
A05684,S1038,CS101,video,CS101-V0404,2025-03-21 19:38:38,78
A05685,S1016,DS400,discussion,DS400-D0101,2025-04-18 04:53:36,87
A05686,S1011,DS200,lecture,DS200-L0204,2025-02-22 18:03:16,13
A05687,S1033,MATH150,video,MATH150-V0101,2025-04-03 18:22:04,20
A05688,S1016,DS400,lecture,DS400-L0602,2025-02-22 20:49:20,10
A05689,S1013,DS200,quiz,DS200-Q0401,2025-03-02 03:12:41,1
A05690,S1038,DS400,video,DS400-V0202,2025-03-20 23:08:13,6
A05691,S1012,DS200,lecture,DS200-L0905,2025-05-01 17:21:16,55
A05692,S1031,DS200,lecture,DS200-L0202,2025-04-03 07:16:52,45
A05693,S1039,CS101,video,CS101-V0204,2025-03-21 01:17:21,82
A05694,S1021,CS301,discussion,CS301-D0101,2025-04-10 18:04:39,1
A05695,S1045,CS101,assignment,CS101-A1001,2025-03-18 19:35:32,49
A05696,S1022,DS200,video,DS200-V0503,2025-03-25 06:58:51,31
A05697,S1017,DS200,discussion,DS200-D0801,2025-03-10 01:25:17,10
A05698,S1021,MATH150,assignment,MATH150-A0803,2025-03-16 03:23:43,80
A05699,S1008,CS101,quiz,CS101-Q0105,2025-03-17 18:37:07,2
A05700,S1009,CS301,video,CS301-V0902,2025-04-30 20:19:23,5
A05701,S1017,CS101,lecture,CS101-L1002,2025-04-06 15:21:15,67
A05702,S1001,DS400,assignment,DS400-A0403,2025-04-03 18:10:23,73
A05703,S1042,CS101,video,CS101-V0402,2025-02-12 20:49:51,49
A05704,S1043,CS101,lecture,CS101-L0605,2025-04-27 09:11:06,28
A05705,S1012,MATH150,assignment,MATH150-A0205,2025-02-24 12:52:17,18
A05706,S1044,MATH150,video,MATH150-V0804,2025-02-17 10:09:56,47
A05707,S1010,CS101,video,CS101-V0202,2025-02-12 17:12:46,13
A05708,S1028,CS301,discussion,CS301-D0603,2025-02-17 22:51:29,68
A05709,S1048,DS200,video,DS200-V0704,2025-04-08 20:35:08,4
A05710,S1007,CS101,quiz,CS101-Q0805,2025-02-12 15:08:49,15
A05711,S1028,CS301,assignment,CS301-A0904,2025-04-14 09:55:18,18
A05712,S1039,CS101,video,CS101-V0601,2025-03-06 05:05:16,25
A05713,S1033,CS301,reading,CS301-R0304,2025-03-16 19:50:49,30
A05714,S1050,CS101,video,CS101-V0301,2025-04-02 13:29:38,74
A05715,S1020,CS101,quiz,CS101-Q0602,2025-04-05 01:54:11,3
A05716,S1019,CS101,reading,CS101-R0401,2025-04-01 22:26:50,67
A05717,S1018,CS101,lecture,CS101-L0601,2025-03-17 07:20:48,42
A05718,S1021,CS101,discussion,CS101-D0505,2025-03-04 22:22:11,21
A05719,S1036,MATH150,quiz,MATH150-Q0804,2025-02-07 22:03:34,30
A05720,S1032,DS400,reading,DS400-R0704,2025-04-02 02:15:44,63
A05721,S1004,CS101,discussion,CS101-D0401,2025-04-06 00:29:39,58
A05722,S1026,MATH150,assignment,MATH150-A0501,2025-03-06 20:34:58,66
A05723,S1015,MATH150,reading,MATH150-R0101,2025-03-22 04:18:09,21
A05724,S1029,DS200,quiz,DS200-Q1004,2025-02-25 09:41:57,18
A05725,S1036,DS200,discussion,DS200-D0101,2025-04-25 01:59:52,89
A05726,S1036,DS200,video,DS200-V0103,2025-02-12 08:26:38,12
A05727,S1049,DS200,lecture,DS200-L0403,2025-02-04 13:26:39,55
A05728,S1013,CS301,discussion,CS301-D0101,2025-04-28 20:58:38,80
A05729,S1039,CS101,reading,CS101-R0102,2025-03-03 06:36:52,6
A05730,S1026,MATH150,lecture,MATH150-L0204,2025-04-04 19:39:32,35
A05731,S1031,CS101,assignment,CS101-A0204,2025-02-06 15:09:33,86
A05732,S1026,MATH150,discussion,MATH150-D0604,2025-03-28 21:31:34,56
A05733,S1033,DS400,quiz,DS400-Q0401,2025-02-17 17:58:20,33
A05734,S1004,CS301,assignment,CS301-A1001,2025-03-03 18:23:51,82
A05735,S1020,DS400,assignment,DS400-A0202,2025-03-26 12:49:46,85
A05736,S1034,CS101,discussion,CS101-D0101,2025-02-11 13:28:21,36
A05737,S1022,CS301,quiz,CS301-Q0704,2025-03-16 11:49:07,54
A05738,S1005,DS400,reading,DS400-R0303,2025-03-28 16:17:33,52
A05739,S1048,CS101,lecture,CS101-L0801,2025-03-29 01:01:50,20
A05740,S1007,CS301,quiz,CS301-Q0503,2025-02-09 03:55:28,62
A05741,S1030,CS101,video,CS101-V0302,2025-03-27 18:26:46,1
A05742,S1017,MATH150,video,MATH150-V0504,2025-03-22 21:11:54,21
A05743,S1029,CS301,assignment,CS301-A0303,2025-04-26 13:37:08,25
A05744,S1047,DS200,lecture,DS200-L1003,2025-04-04 15:10:17,76
A05745,S1042,DS200,discussion,DS200-D0505,2025-03-28 15:12:25,72
A05746,S1031,DS200,reading,DS200-R0904,2025-02-18 19:53:36,59
A05747,S1011,DS400,discussion,DS400-D0402,2025-04-03 21:43:03,44
A05748,S1045,CS301,assignment,CS301-A0102,2025-04-10 20:06:30,33
A05749,S1002,DS400,video,DS400-V1005,2025-03-12 19:03:09,86
A05750,S1028,DS200,assignment,DS200-A1005,2025-03-03 19:23:51,50
A05751,S1019,DS400,reading,DS400-R0502,2025-04-08 15:13:00,59
A05752,S1016,DS400,discussion,DS400-D0403,2025-04-13 01:15:23,51
A05753,S1044,MATH150,video,MATH150-V0405,2025-02-09 09:22:32,71
A05754,S1047,DS400,quiz,DS400-Q0804,2025-02-17 23:47:02,20
A05755,S1031,DS200,reading,DS200-R0402,2025-04-26 01:37:06,40
A05756,S1001,CS301,assignment,CS301-A0301,2025-04-25 14:27:42,14
A05757,S1027,CS301,video,CS301-V0403,2025-04-18 13:23:44,8
A05758,S1008,MATH150,assignment,MATH150-A0301,2025-03-10 05:20:18,51
A05759,S1045,DS200,reading,DS200-R0602,2025-04-27 16:42:58,54
A05760,S1014,CS301,video,CS301-V0905,2025-03-14 14:38:28,24
A05761,S1014,DS200,reading,DS200-R0801,2025-03-01 09:05:28,36
A05762,S1018,MATH150,reading,MATH150-R0203,2025-02-21 14:50:55,35
A05763,S1019,DS200,lecture,DS200-L0201,2025-03-19 05:33:14,44
A05764,S1017,DS400,reading,DS400-R0505,2025-03-06 03:35:23,62
A05765,S1042,MATH150,video,MATH150-V0205,2025-03-25 11:21:37,39
A05766,S1012,MATH150,quiz,MATH150-Q0405,2025-02-12 12:27:12,47
A05767,S1005,DS200,discussion,DS200-D0201,2025-05-01 05:01:47,53
A05768,S1018,CS301,assignment,CS301-A1002,2025-04-30 10:54:49,33
A05769,S1043,CS301,reading,CS301-R0305,2025-03-31 18:14:47,65
A05770,S1029,DS200,reading,DS200-R0802,2025-03-05 06:03:22,28
A05771,S1042,DS400,discussion,DS400-D0904,2025-03-10 05:56:24,83
A05772,S1037,CS101,reading,CS101-R0401,2025-02-07 19:25:39,60
A05773,S1021,CS101,reading,CS101-R0601,2025-04-20 05:55:28,68
A05774,S1015,MATH150,quiz,MATH150-Q1002,2025-05-01 22:37:32,88
A05775,S1016,CS101,reading,CS101-R0805,2025-02-18 12:35:14,34
A05776,S1021,DS200,lecture,DS200-L0105,2025-02-10 18:48:42,18
A05777,S1017,CS301,reading,CS301-R0404,2025-03-25 19:44:06,82
A05778,S1044,CS301,video,CS301-V0502,2025-04-15 04:22:55,7
A05779,S1041,CS101,reading,CS101-R0701,2025-03-15 05:03:00,54
A05780,S1048,DS400,quiz,DS400-Q0201,2025-03-10 12:50:37,77
A05781,S1041,CS301,video,CS301-V0803,2025-04-01 19:39:17,14
A05782,S1010,CS101,discussion,CS101-D0805,2025-04-10 20:10:06,81
A05783,S1003,CS301,reading,CS301-R0104,2025-02-09 09:34:32,35
A05784,S1029,CS101,reading,CS101-R1001,2025-02-11 19:28:37,14
A05785,S1011,MATH150,lecture,MATH150-L0302,2025-02-09 18:35:36,54
A05786,S1003,CS101,reading,CS101-R0102,2025-05-01 06:13:42,62
A05787,S1011,DS400,discussion,DS400-D0904,2025-04-19 11:54:02,66
A05788,S1015,DS200,lecture,DS200-L0301,2025-03-27 16:16:05,51
A05789,S1006,MATH150,assignment,MATH150-A1005,2025-03-02 13:09:24,19
A05790,S1024,CS101,quiz,CS101-Q1004,2025-04-16 22:31:04,49
A05791,S1040,DS400,assignment,DS400-A0805,2025-04-27 20:02:52,34
A05792,S1011,CS101,lecture,CS101-L0203,2025-02-10 02:28:15,36
A05793,S1018,DS200,reading,DS200-R0701,2025-04-05 04:03:06,61
A05794,S1015,CS301,video,CS301-V0405,2025-05-01 22:31:14,55
A05795,S1005,MATH150,discussion,MATH150-D0602,2025-03-24 05:51:41,42
A05796,S1048,DS400,assignment,DS400-A1003,2025-03-18 05:42:47,42
A05797,S1043,CS301,assignment,CS301-A0702,2025-04-29 19:20:16,63
A05798,S1045,DS400,discussion,DS400-D0305,2025-02-24 03:59:01,4
A05799,S1022,MATH150,quiz,MATH150-Q0805,2025-03-19 10:18:29,85
A05800,S1039,DS400,video,DS400-V0704,2025-03-16 01:29:48,3
A05801,S1031,MATH150,assignment,MATH150-A0201,2025-03-09 16:41:31,76
A05802,S1014,DS400,reading,DS400-R0901,2025-03-04 14:19:42,1
A05803,S1050,MATH150,video,MATH150-V1001,2025-02-24 19:44:07,44
A05804,S1028,CS101,video,CS101-V0903,2025-04-17 09:19:37,71
A05805,S1041,CS301,discussion,CS301-D0704,2025-04-12 10:55:40,2
A05806,S1040,CS301,video,CS301-V0603,2025-04-08 13:18:56,60
A05807,S1026,CS101,quiz,CS101-Q0601,2025-04-20 06:31:57,22
A05808,S1006,CS101,lecture,CS101-L0903,2025-02-14 10:45:13,50
A05809,S1011,DS200,quiz,DS200-Q0503,2025-05-01 16:44:30,14
A05810,S1034,CS101,video,CS101-V0503,2025-03-30 10:04:50,38
A05811,S1004,DS400,reading,DS400-R1002,2025-03-05 02:25:30,52
A05812,S1024,DS200,reading,DS200-R0303,2025-04-05 02:21:12,32
A05813,S1031,CS301,assignment,CS301-A1003,2025-02-05 13:37:44,58
A05814,S1047,CS301,assignment,CS301-A0603,2025-03-18 09:53:04,29
A05815,S1032,MATH150,discussion,MATH150-D0602,2025-03-05 22:28:57,10
A05816,S1011,DS200,reading,DS200-R0903,2025-03-14 13:59:08,59
A05817,S1038,CS101,lecture,CS101-L0803,2025-04-17 21:48:57,22
A05818,S1011,CS301,discussion,CS301-D0305,2025-02-28 10:48:42,73
A05819,S1044,CS301,reading,CS301-R0302,2025-04-19 05:41:32,80
A05820,S1026,CS301,reading,CS301-R1005,2025-04-02 17:36:57,7
A05821,S1010,CS101,video,CS101-V0903,2025-02-28 00:13:06,5
A05822,S1029,CS101,lecture,CS101-L0903,2025-04-16 14:56:26,12
A05823,S1022,DS400,assignment,DS400-A0202,2025-03-01 08:03:25,19
A05824,S1027,DS400,assignment,DS400-A0604,2025-04-29 04:18:41,41
A05825,S1015,DS400,reading,DS400-R0202,2025-04-08 11:27:19,78
A05826,S1031,CS301,assignment,CS301-A0403,2025-02-17 12:08:27,79
A05827,S1019,CS301,lecture,CS301-L0502,2025-04-13 01:40:31,56
A05828,S1048,DS200,lecture,DS200-L0501,2025-03-23 11:55:34,46
A05829,S1010,CS101,quiz,CS101-Q0402,2025-02-27 10:50:05,53
A05830,S1005,CS101,discussion,CS101-D1004,2025-03-24 21:36:31,64
A05831,S1013,CS301,video,CS301-V0902,2025-04-06 01:10:57,49
A05832,S1023,DS400,video,DS400-V0405,2025-02-05 20:37:05,37
A05833,S1007,DS400,lecture,DS400-L0801,2025-04-20 23:25:33,50
A05834,S1004,DS200,video,DS200-V0401,2025-03-22 20:44:12,48
A05835,S1019,MATH150,lecture,MATH150-L0903,2025-02-26 03:00:14,54
A05836,S1042,CS301,lecture,CS301-L0301,2025-04-04 02:00:23,78
A05837,S1013,CS101,video,CS101-V0805,2025-03-26 07:53:10,7
A05838,S1047,DS200,assignment,DS200-A0201,2025-03-30 05:14:36,31
A05839,S1027,CS301,assignment,CS301-A0704,2025-03-18 07:24:33,60
A05840,S1030,DS200,quiz,DS200-Q0604,2025-03-10 12:30:23,40
A05841,S1023,MATH150,reading,MATH150-R0605,2025-04-28 20:34:54,8
A05842,S1014,MATH150,discussion,MATH150-D0205,2025-03-05 23:48:01,90
A05843,S1017,DS200,reading,DS200-R0201,2025-04-30 10:08:17,7
A05844,S1009,CS301,discussion,CS301-D0405,2025-03-04 11:14:28,48
A05845,S1014,DS200,lecture,DS200-L0905,2025-04-13 21:38:19,18
A05846,S1013,DS200,video,DS200-V0202,2025-03-09 07:57:28,87
A05847,S1048,CS101,reading,CS101-R0903,2025-03-06 12:42:14,4
A05848,S1030,CS101,video,CS101-V0703,2025-02-03 13:23:11,56
A05849,S1009,CS301,lecture,CS301-L0704,2025-03-01 04:43:48,14
A05850,S1021,CS101,assignment,CS101-A0503,2025-04-21 23:56:06,65
A05851,S1031,CS301,video,CS301-V0204,2025-03-01 14:32:11,72
A05852,S1016,MATH150,assignment,MATH150-A0304,2025-04-10 13:40:00,75
A05853,S1030,DS200,lecture,DS200-L0305,2025-03-01 05:44:19,7
A05854,S1028,DS400,reading,DS400-R0802,2025-03-07 08:32:46,22
A05855,S1043,CS101,video,CS101-V0403,2025-03-23 02:53:50,80
A05856,S1014,CS301,quiz,CS301-Q0202,2025-03-10 04:58:00,70
A05857,S1012,DS400,reading,DS400-R0905,2025-04-01 09:03:09,11
A05858,S1038,DS400,reading,DS400-R1003,2025-02-09 21:16:52,50
A05859,S1044,MATH150,discussion,MATH150-D1001,2025-04-15 14:32:54,90
A05860,S1038,MATH150,reading,MATH150-R0703,2025-03-02 20:32:39,56
A05861,S1017,MATH150,video,MATH150-V0405,2025-02-02 10:41:07,4
A05862,S1017,CS101,reading,CS101-R0303,2025-04-27 15:12:54,20
A05863,S1048,DS400,quiz,DS400-Q0805,2025-03-09 08:33:05,43
A05864,S1017,CS301,lecture,CS301-L0205,2025-03-30 22:53:02,61
A05865,S1049,CS301,discussion,CS301-D0601,2025-02-14 00:02:42,88
A05866,S1020,CS301,quiz,CS301-Q0105,2025-04-08 19:16:24,30
A05867,S1028,CS301,video,CS301-V0601,2025-04-15 00:01:00,17
A05868,S1033,CS101,lecture,CS101-L0501,2025-03-18 16:07:35,62
A05869,S1046,CS101,assignment,CS101-A0802,2025-02-28 01:43:15,90
A05870,S1028,CS101,assignment,CS101-A0401,2025-03-14 00:41:45,13
A05871,S1015,MATH150,lecture,MATH150-L0805,2025-04-02 21:09:46,17
A05872,S1044,CS101,quiz,CS101-Q0503,2025-03-20 14:44:31,42
A05873,S1012,CS301,reading,CS301-R0502,2025-04-12 12:57:22,65
A05874,S1046,DS200,video,DS200-V0904,2025-03-21 10:26:32,88
A05875,S1033,MATH150,lecture,MATH150-L0601,2025-03-14 22:21:55,51
A05876,S1034,DS400,lecture,DS400-L0603,2025-04-14 23:34:42,60
A05877,S1008,MATH150,reading,MATH150-R0704,2025-02-09 17:33:16,54
A05878,S1027,DS400,discussion,DS400-D0501,2025-03-28 19:02:22,31
A05879,S1027,DS200,quiz,DS200-Q0504,2025-04-04 22:25:53,2
A05880,S1022,DS400,reading,DS400-R0601,2025-04-10 09:47:48,53
A05881,S1008,CS101,video,CS101-V0405,2025-03-06 07:43:02,54
A05882,S1013,DS200,video,DS200-V0503,2025-02-09 02:50:55,66
A05883,S1010,MATH150,quiz,MATH150-Q1004,2025-02-08 09:55:22,76
A05884,S1009,CS101,video,CS101-V0705,2025-03-17 15:56:49,40
A05885,S1036,CS301,discussion,CS301-D0805,2025-03-03 09:41:56,68
A05886,S1031,DS400,discussion,DS400-D1004,2025-04-14 16:08:43,26
A05887,S1006,DS400,quiz,DS400-Q0401,2025-03-07 14:40:11,21
A05888,S1032,CS101,reading,CS101-R0404,2025-03-29 06:45:40,24
A05889,S1012,MATH150,discussion,MATH150-D0204,2025-02-26 04:29:32,18
A05890,S1016,CS101,lecture,CS101-L0304,2025-03-01 05:01:31,52
A05891,S1038,CS101,lecture,CS101-L0804,2025-02-21 15:48:46,14
A05892,S1049,DS400,lecture,DS400-L1005,2025-04-26 14:08:01,55
A05893,S1016,CS301,assignment,CS301-A0105,2025-03-09 02:21:33,86
A05894,S1023,DS200,quiz,DS200-Q0104,2025-04-19 09:22:15,20
A05895,S1012,DS200,lecture,DS200-L0702,2025-03-07 16:31:07,54
A05896,S1031,DS200,assignment,DS200-A0604,2025-03-18 00:37:31,48
A05897,S1026,DS400,assignment,DS400-A0502,2025-04-17 06:39:11,78
A05898,S1034,MATH150,lecture,MATH150-L0103,2025-04-28 07:10:37,2
A05899,S1046,CS101,video,CS101-V0304,2025-02-21 14:30:27,3
A05900,S1014,DS200,reading,DS200-R0902,2025-04-11 18:03:35,57
A05901,S1020,CS301,video,CS301-V0602,2025-04-09 05:37:15,30
A05902,S1022,CS301,lecture,CS301-L0205,2025-03-23 20:37:03,89
A05903,S1049,DS200,lecture,DS200-L0405,2025-02-02 04:37:43,88
A05904,S1028,DS400,reading,DS400-R0904,2025-02-15 08:12:50,85
A05905,S1005,DS400,reading,DS400-R0401,2025-04-11 19:44:37,14
A05906,S1007,DS200,discussion,DS200-D0204,2025-03-20 21:43:17,78
A05907,S1002,DS200,assignment,DS200-A0704,2025-03-11 05:53:44,51
A05908,S1015,CS301,assignment,CS301-A1003,2025-03-20 11:46:57,23
A05909,S1033,CS101,assignment,CS101-A0402,2025-03-14 01:57:18,42
A05910,S1038,DS400,reading,DS400-R0601,2025-02-20 13:28:14,26
A05911,S1044,CS301,discussion,CS301-D0102,2025-04-07 17:06:45,85
A05912,S1039,MATH150,lecture,MATH150-L0404,2025-03-08 22:38:43,28
A05913,S1023,DS200,assignment,DS200-A0202,2025-02-16 22:48:06,33
A05914,S1048,MATH150,video,MATH150-V0803,2025-03-14 02:53:57,58
A05915,S1007,DS400,assignment,DS400-A0601,2025-04-21 20:01:56,32
A05916,S1004,MATH150,quiz,MATH150-Q0904,2025-03-27 19:12:55,8
A05917,S1030,CS101,video,CS101-V0703,2025-02-16 14:33:30,37
A05918,S1040,MATH150,discussion,MATH150-D1001,2025-03-22 11:10:08,46
A05919,S1011,DS400,discussion,DS400-D0405,2025-03-22 16:29:57,22
A05920,S1001,CS101,reading,CS101-R0203,2025-03-30 20:58:14,60
A05921,S1029,CS301,quiz,CS301-Q0505,2025-02-10 12:54:05,32
A05922,S1026,CS101,quiz,CS101-Q0604,2025-03-14 01:27:16,45
A05923,S1009,DS400,video,DS400-V0304,2025-02-12 09:47:50,73
A05924,S1042,MATH150,assignment,MATH150-A0505,2025-04-07 13:46:23,4
A05925,S1009,DS400,reading,DS400-R0903,2025-03-30 05:21:30,38
A05926,S1013,MATH150,assignment,MATH150-A0604,2025-03-20 12:00:27,53
A05927,S1026,CS101,assignment,CS101-A0405,2025-03-25 22:01:33,56
A05928,S1022,MATH150,lecture,MATH150-L0105,2025-04-25 11:28:07,12
A05929,S1045,MATH150,discussion,MATH150-D0604,2025-04-15 04:28:07,57
A05930,S1033,DS200,video,DS200-V0405,2025-04-10 12:58:26,84
A05931,S1048,MATH150,discussion,MATH150-D0404,2025-04-21 05:31:36,2
A05932,S1008,DS400,reading,DS400-R0202,2025-04-04 17:31:02,59
A05933,S1002,CS301,quiz,CS301-Q0205,2025-04-18 02:48:33,42
A05934,S1043,DS200,quiz,DS200-Q0105,2025-03-21 17:03:08,69
A05935,S1003,CS301,video,CS301-V0102,2025-02-04 16:39:30,29
A05936,S1041,DS200,discussion,DS200-D0901,2025-02-08 08:19:40,21
A05937,S1001,DS400,discussion,DS400-D0704,2025-04-25 15:13:29,62
A05938,S1028,DS200,quiz,DS200-Q0301,2025-02-21 05:25:26,83
A05939,S1029,DS200,reading,DS200-R0505,2025-02-23 14:23:28,49
A05940,S1024,CS301,quiz,CS301-Q0104,2025-04-05 01:37:46,13
A05941,S1038,CS101,reading,CS101-R0703,2025-03-21 11:36:07,37
A05942,S1013,DS400,quiz,DS400-Q0804,2025-02-05 04:04:30,41
A05943,S1017,CS301,quiz,CS301-Q0405,2025-02-25 13:27:37,10
A05944,S1026,MATH150,assignment,MATH150-A1001,2025-03-31 04:31:32,44
A05945,S1018,CS301,discussion,CS301-D0904,2025-04-15 07:50:46,31
A05946,S1046,CS101,reading,CS101-R0905,2025-03-15 11:59:49,69
A05947,S1008,CS101,video,CS101-V0602,2025-02-11 01:10:19,18
A05948,S1038,DS200,quiz,DS200-Q0702,2025-03-04 13:48:36,35
A05949,S1032,DS400,lecture,DS400-L0105,2025-03-05 16:42:23,67
A05950,S1004,MATH150,lecture,MATH150-L0203,2025-03-11 08:36:58,16
A05951,S1021,DS400,quiz,DS400-Q0101,2025-02-04 08:31:13,10
A05952,S1038,CS101,lecture,CS101-L0802,2025-03-24 06:24:20,65
A05953,S1021,MATH150,quiz,MATH150-Q0802,2025-04-04 02:48:20,40
A05954,S1047,CS301,reading,CS301-R0404,2025-04-16 00:05:45,74
A05955,S1015,DS400,assignment,DS400-A0105,2025-04-01 13:14:20,36
A05956,S1007,DS200,lecture,DS200-L1005,2025-03-04 17:49:07,74
A05957,S1025,CS301,lecture,CS301-L0902,2025-02-15 19:11:31,14
A05958,S1013,CS101,reading,CS101-R0502,2025-04-06 23:31:31,70
A05959,S1041,MATH150,assignment,MATH150-A0303,2025-04-04 01:32:05,9
A05960,S1007,CS101,discussion,CS101-D0102,2025-04-16 05:49:30,46
A05961,S1039,MATH150,assignment,MATH150-A0105,2025-03-02 09:32:42,22
A05962,S1043,DS400,reading,DS400-R0202,2025-03-04 07:27:54,73
A05963,S1029,DS400,discussion,DS400-D1001,2025-04-13 14:54:53,88
A05964,S1015,DS200,video,DS200-V0905,2025-04-11 18:40:15,58
A05965,S1044,CS301,quiz,CS301-Q0704,2025-02-05 09:26:58,81
A05966,S1025,DS200,assignment,DS200-A0905,2025-03-04 23:00:06,10
A05967,S1013,MATH150,lecture,MATH150-L0405,2025-04-02 06:44:31,61
A05968,S1036,DS200,discussion,DS200-D0803,2025-03-02 01:07:57,86
A05969,S1045,DS200,lecture,DS200-L0901,2025-03-23 10:33:16,26
A05970,S1027,DS200,video,DS200-V1002,2025-04-04 09:24:41,80
A05971,S1044,CS301,assignment,CS301-A0102,2025-03-11 05:38:27,49
A05972,S1016,DS400,video,DS400-V0104,2025-02-13 18:09:27,45
A05973,S1020,DS400,lecture,DS400-L0903,2025-02-13 06:04:02,29
A05974,S1015,CS101,lecture,CS101-L0805,2025-03-14 03:51:20,8
A05975,S1022,CS301,quiz,CS301-Q0704,2025-03-21 18:22:53,10
A05976,S1038,DS200,assignment,DS200-A0905,2025-04-01 18:48:50,18
A05977,S1049,CS101,video,CS101-V0102,2025-03-25 09:28:01,57
A05978,S1021,CS301,reading,CS301-R0103,2025-03-22 18:07:20,80
A05979,S1049,DS200,video,DS200-V0102,2025-03-14 10:06:38,2
A05980,S1025,CS301,quiz,CS301-Q0904,2025-02-12 15:01:29,77
A05981,S1042,DS200,reading,DS200-R1004,2025-04-07 04:24:24,23
A05982,S1025,MATH150,reading,MATH150-R0801,2025-02-20 06:07:35,52
A05983,S1019,DS400,quiz,DS400-Q0803,2025-04-10 15:24:53,47
A05984,S1007,MATH150,reading,MATH150-R0404,2025-03-08 11:23:44,23
A05985,S1023,CS301,assignment,CS301-A0503,2025-04-08 16:36:00,67
A05986,S1035,DS200,reading,DS200-R0304,2025-04-06 10:28:32,78
A05987,S1037,CS101,assignment,CS101-A0205,2025-03-09 08:08:13,14
A05988,S1049,CS101,lecture,CS101-L0604,2025-03-20 02:50:20,32
A05989,S1015,DS400,reading,DS400-R0203,2025-03-18 12:40:47,55
A05990,S1019,CS301,quiz,CS301-Q0103,2025-02-07 17:23:55,85
A05991,S1027,DS400,lecture,DS400-L1005,2025-02-21 12:15:26,65
A05992,S1048,DS200,lecture,DS200-L1002,2025-02-27 00:51:05,56
A05993,S1021,CS101,video,CS101-V0803,2025-03-23 07:19:13,55
A05994,S1004,DS200,assignment,DS200-A0503,2025-03-10 10:59:07,26
A05995,S1045,DS200,video,DS200-V0905,2025-02-16 12:09:05,32
A05996,S1020,DS400,reading,DS400-R0303,2025-04-17 13:32:24,42
A05997,S1029,CS101,reading,CS101-R0203,2025-04-26 17:12:07,44
A05998,S1047,CS301,discussion,CS301-D0304,2025-02-20 13:11:59,69
A05999,S1035,CS101,assignment,CS101-A0402,2025-02-28 00:32:29,87
A06000,S1048,DS200,quiz,DS200-Q0204,2025-02-12 13:28:51,86
A06001,S1034,CS301,video,CS301-V0904,2025-03-30 04:26:11,60
A06002,S1048,MATH150,quiz,MATH150-Q0702,2025-04-29 12:03:33,28
A06003,S1041,CS301,lecture,CS301-L0405,2025-03-07 07:46:04,84
A06004,S1018,CS301,discussion,CS301-D0802,2025-03-13 23:46:13,68
A06005,S1007,DS400,video,DS400-V0205,2025-02-16 22:08:28,23
A06006,S1047,DS400,reading,DS400-R0202,2025-04-10 23:59:59,29
A06007,S1009,DS400,assignment,DS400-A0104,2025-02-19 21:00:29,45
A06008,S1016,DS400,reading,DS400-R0205,2025-03-08 21:01:23,36
A06009,S1022,MATH150,reading,MATH150-R0205,2025-04-02 09:07:25,22
A06010,S1021,DS400,discussion,DS400-D0401,2025-02-27 05:44:58,1
A06011,S1004,DS200,reading,DS200-R0702,2025-02-04 14:08:49,26
A06012,S1011,DS400,video,DS400-V0704,2025-02-20 09:29:04,42
A06013,S1043,MATH150,discussion,MATH150-D0103,2025-03-17 05:59:30,75
A06014,S1049,DS400,quiz,DS400-Q0604,2025-02-11 14:33:08,55
A06015,S1033,DS400,assignment,DS400-A0702,2025-02-10 20:10:59,25
A06016,S1010,MATH150,lecture,MATH150-L0904,2025-02-18 15:09:25,70
A06017,S1027,DS400,reading,DS400-R0703,2025-04-03 13:31:48,27
A06018,S1020,CS301,quiz,CS301-Q0105,2025-04-22 20:59:51,69
A06019,S1012,DS200,lecture,DS200-L1002,2025-04-25 11:59:18,47
A06020,S1035,CS301,video,CS301-V0905,2025-04-19 17:04:40,84
A06021,S1041,MATH150,quiz,MATH150-Q0802,2025-03-12 00:31:21,27
A06022,S1005,CS301,video,CS301-V0401,2025-04-25 14:03:59,71
A06023,S1019,CS301,lecture,CS301-L0204,2025-02-17 04:23:13,51
A06024,S1010,DS400,lecture,DS400-L0402,2025-04-10 22:22:15,52
A06025,S1020,DS400,lecture,DS400-L0903,2025-04-18 21:11:24,86
A06026,S1032,MATH150,discussion,MATH150-D0201,2025-03-15 22:08:18,31
A06027,S1017,DS200,assignment,DS200-A0102,2025-02-11 02:19:54,8
A06028,S1046,CS101,quiz,CS101-Q0702,2025-04-17 11:54:04,49
A06029,S1028,DS200,video,DS200-V0903,2025-03-09 02:23:16,41
A06030,S1020,CS101,reading,CS101-R0105,2025-04-04 14:07:22,43
A06031,S1030,DS400,quiz,DS400-Q0302,2025-04-29 18:34:37,74
A06032,S1023,CS101,lecture,CS101-L0105,2025-03-04 04:24:04,68
A06033,S1028,CS101,lecture,CS101-L0704,2025-04-15 10:37:36,6
A06034,S1048,CS101,video,CS101-V0701,2025-03-02 15:06:29,54
A06035,S1038,CS101,assignment,CS101-A0204,2025-02-27 07:04:21,79
A06036,S1043,MATH150,video,MATH150-V0905,2025-02-12 03:48:44,49
A06037,S1009,MATH150,reading,MATH150-R0201,2025-03-14 07:14:18,50
A06038,S1041,CS301,discussion,CS301-D0903,2025-03-04 21:17:48,61
A06039,S1015,DS200,lecture,DS200-L0703,2025-02-07 07:21:52,23
A06040,S1044,MATH150,video,MATH150-V0405,2025-03-29 10:19:51,25
A06041,S1023,MATH150,assignment,MATH150-A0501,2025-03-18 14:56:07,10
A06042,S1005,CS101,assignment,CS101-A0802,2025-04-02 17:34:45,67
A06043,S1024,CS101,video,CS101-V0401,2025-03-07 11:17:47,82
A06044,S1048,CS101,quiz,CS101-Q0704,2025-02-11 00:37:39,33
A06045,S1035,MATH150,video,MATH150-V0402,2025-04-18 05:36:36,16
A06046,S1032,CS101,reading,CS101-R0805,2025-04-16 16:41:03,41
A06047,S1023,MATH150,assignment,MATH150-A0202,2025-03-28 12:35:36,71
A06048,S1045,DS200,reading,DS200-R1002,2025-02-17 01:51:46,1
A06049,S1012,DS400,assignment,DS400-A0901,2025-03-08 11:43:08,84
A06050,S1012,CS101,discussion,CS101-D1003,2025-02-15 08:06:02,15
A06051,S1029,CS301,discussion,CS301-D0101,2025-04-22 00:49:15,21
A06052,S1027,DS400,quiz,DS400-Q0303,2025-02-06 06:55:04,42
A06053,S1049,CS101,quiz,CS101-Q0402,2025-02-28 22:00:41,77
A06054,S1005,DS200,discussion,DS200-D0502,2025-02-07 03:10:01,32
A06055,S1045,DS200,reading,DS200-R0102,2025-03-21 02:11:20,33
A06056,S1039,CS301,video,CS301-V0405,2025-02-24 05:41:19,65
A06057,S1019,MATH150,lecture,MATH150-L0404,2025-04-05 05:43:45,51
A06058,S1023,MATH150,video,MATH150-V1005,2025-03-31 08:05:05,35
A06059,S1010,DS400,reading,DS400-R0901,2025-02-20 10:10:04,29
A06060,S1002,DS400,quiz,DS400-Q0501,2025-03-01 18:48:27,72
A06061,S1027,DS200,video,DS200-V1001,2025-03-23 21:45:36,41
A06062,S1002,MATH150,lecture,MATH150-L0505,2025-04-25 21:04:56,64
A06063,S1043,CS101,reading,CS101-R1001,2025-04-24 01:34:14,41
A06064,S1008,DS400,video,DS400-V0404,2025-03-21 06:34:33,22
A06065,S1007,CS101,discussion,CS101-D0104,2025-02-26 10:46:20,37
A06066,S1017,CS301,discussion,CS301-D0405,2025-02-12 06:46:11,89
A06067,S1005,CS301,lecture,CS301-L0803,2025-04-25 19:08:46,2
A06068,S1002,DS200,assignment,DS200-A0503,2025-03-12 04:08:28,68
A06069,S1044,DS400,assignment,DS400-A0505,2025-03-12 07:58:14,43
A06070,S1044,CS301,video,CS301-V0803,2025-04-18 16:09:55,36
A06071,S1039,CS301,quiz,CS301-Q0701,2025-03-16 19:59:11,18
A06072,S1015,CS301,quiz,CS301-Q0103,2025-04-25 12:22:06,61
A06073,S1017,CS101,video,CS101-V0105,2025-02-12 03:02:48,70
A06074,S1001,DS200,quiz,DS200-Q0905,2025-02-22 07:54:21,65
A06075,S1041,DS200,reading,DS200-R0305,2025-04-08 17:40:02,75
A06076,S1041,MATH150,lecture,MATH150-L0502,2025-03-30 06:26:13,32
A06077,S1050,MATH150,lecture,MATH150-L0701,2025-02-15 03:32:06,51
A06078,S1039,MATH150,quiz,MATH150-Q0803,2025-02-14 17:26:12,89
A06079,S1028,CS301,discussion,CS301-D0505,2025-02-06 20:30:33,28
A06080,S1043,CS101,quiz,CS101-Q0404,2025-03-19 11:49:34,67
A06081,S1005,CS301,reading,CS301-R0303,2025-04-23 20:48:58,83
A06082,S1036,CS101,video,CS101-V0602,2025-03-21 04:50:50,50
A06083,S1018,DS200,discussion,DS200-D0902,2025-04-16 06:13:14,79
A06084,S1015,CS101,video,CS101-V1003,2025-02-25 04:56:00,77
A06085,S1024,DS200,assignment,DS200-A0701,2025-03-24 13:05:02,84
A06086,S1035,MATH150,video,MATH150-V0305,2025-04-21 02:33:43,72
A06087,S1030,DS200,reading,DS200-R0101,2025-02-10 00:51:46,33
A06088,S1040,DS400,quiz,DS400-Q0504,2025-03-05 19:39:05,35
A06089,S1047,CS301,video,CS301-V0804,2025-02-05 11:00:15,36
A06090,S1049,DS400,discussion,DS400-D0105,2025-03-14 08:37:53,59
A06091,S1035,CS101,discussion,CS101-D0503,2025-04-22 18:22:34,50
A06092,S1022,DS400,quiz,DS400-Q0802,2025-04-02 01:23:38,50
A06093,S1007,CS101,assignment,CS101-A0403,2025-02-03 22:24:40,44
A06094,S1031,DS200,quiz,DS200-Q0905,2025-02-11 05:57:08,7
A06095,S1034,CS101,reading,CS101-R0204,2025-04-28 15:59:41,41
A06096,S1028,DS400,assignment,DS400-A0502,2025-02-04 22:47:05,61
A06097,S1046,DS200,lecture,DS200-L0905,2025-03-18 04:13:03,85
A06098,S1030,CS101,assignment,CS101-A0705,2025-03-30 23:30:57,13
A06099,S1025,MATH150,discussion,MATH150-D0802,2025-02-24 08:35:27,53
A06100,S1016,MATH150,lecture,MATH150-L0201,2025-02-27 11:22:06,69
A06101,S1022,CS301,discussion,CS301-D0704,2025-05-01 12:09:36,15
A06102,S1010,CS301,reading,CS301-R0802,2025-03-27 04:41:35,9
A06103,S1036,DS200,discussion,DS200-D0202,2025-04-25 08:23:42,63
A06104,S1049,DS400,discussion,DS400-D0905,2025-03-09 12:10:15,84
A06105,S1011,MATH150,discussion,MATH150-D1001,2025-04-03 12:09:50,52
A06106,S1002,DS400,reading,DS400-R0203,2025-04-08 15:21:07,72
A06107,S1050,MATH150,reading,MATH150-R0404,2025-04-12 02:56:48,30
A06108,S1004,MATH150,video,MATH150-V0804,2025-02-21 14:25:12,16
A06109,S1034,MATH150,reading,MATH150-R1004,2025-03-21 20:04:23,3
A06110,S1032,CS101,quiz,CS101-Q1003,2025-02-26 15:44:43,71
A06111,S1046,CS101,reading,CS101-R0501,2025-02-02 08:03:32,8
A06112,S1048,MATH150,lecture,MATH150-L0803,2025-03-13 16:59:16,6
A06113,S1010,DS200,lecture,DS200-L0104,2025-03-04 04:45:01,6
A06114,S1029,DS400,quiz,DS400-Q0305,2025-03-13 18:54:50,68
A06115,S1048,DS200,video,DS200-V0905,2025-04-07 02:51:07,43
A06116,S1048,MATH150,video,MATH150-V0802,2025-04-14 23:24:13,35
A06117,S1017,DS400,assignment,DS400-A0805,2025-04-22 18:15:57,77
A06118,S1010,MATH150,lecture,MATH150-L1004,2025-04-09 19:56:04,25
A06119,S1027,CS301,assignment,CS301-A0603,2025-03-17 02:40:44,47
A06120,S1033,CS301,discussion,CS301-D0404,2025-05-01 04:52:52,9
A06121,S1004,MATH150,video,MATH150-V1002,2025-03-08 07:13:04,83
A06122,S1046,DS400,lecture,DS400-L0704,2025-03-18 11:50:57,16
A06123,S1036,MATH150,video,MATH150-V0701,2025-04-17 10:08:50,82
A06124,S1007,CS301,reading,CS301-R0401,2025-02-26 20:12:36,8
A06125,S1011,MATH150,quiz,MATH150-Q0101,2025-03-02 08:52:12,16
A06126,S1013,CS101,quiz,CS101-Q0704,2025-03-19 00:06:01,46
A06127,S1010,CS301,lecture,CS301-L0801,2025-02-16 23:50:53,58
A06128,S1037,CS301,lecture,CS301-L0804,2025-02-22 13:13:48,42
A06129,S1001,CS301,reading,CS301-R0304,2025-02-17 03:25:27,73
A06130,S1047,DS400,lecture,DS400-L0502,2025-03-23 13:19:17,71
A06131,S1041,CS101,quiz,CS101-Q0704,2025-03-12 11:29:32,18
A06132,S1011,CS301,lecture,CS301-L0303,2025-03-04 03:57:48,32
A06133,S1005,CS301,assignment,CS301-A0405,2025-02-08 08:27:13,41
A06134,S1033,MATH150,quiz,MATH150-Q0504,2025-02-14 02:47:05,43
A06135,S1027,CS101,reading,CS101-R0704,2025-04-29 09:52:30,66
A06136,S1011,CS101,assignment,CS101-A0404,2025-04-03 02:27:22,3
A06137,S1026,CS101,reading,CS101-R0601,2025-04-07 06:06:55,24
A06138,S1026,CS101,video,CS101-V0501,2025-04-10 23:42:21,80
A06139,S1031,DS200,lecture,DS200-L0302,2025-04-19 20:39:48,87
A06140,S1004,CS301,quiz,CS301-Q0804,2025-03-13 06:50:44,42
A06141,S1019,CS101,reading,CS101-R0402,2025-02-28 20:03:04,21
A06142,S1041,CS101,assignment,CS101-A0705,2025-02-28 19:38:34,29
A06143,S1022,DS200,assignment,DS200-A0305,2025-04-15 05:51:58,56
A06144,S1005,CS301,discussion,CS301-D0103,2025-03-27 15:53:13,9
A06145,S1016,DS400,lecture,DS400-L0604,2025-02-23 15:42:07,24
A06146,S1008,DS200,quiz,DS200-Q0805,2025-04-16 09:20:53,84
A06147,S1036,CS301,reading,CS301-R0603,2025-04-23 15:59:46,48
A06148,S1009,CS301,lecture,CS301-L0601,2025-02-04 19:13:56,57
A06149,S1001,MATH150,assignment,MATH150-A0604,2025-02-02 16:29:46,47
A06150,S1011,DS400,reading,DS400-R0105,2025-03-12 13:26:45,69
A06151,S1032,MATH150,reading,MATH150-R0202,2025-04-17 20:50:30,25
A06152,S1022,DS400,discussion,DS400-D0905,2025-03-16 00:15:46,84
A06153,S1012,MATH150,discussion,MATH150-D0705,2025-02-16 11:32:38,52
A06154,S1016,MATH150,quiz,MATH150-Q0101,2025-03-11 01:05:25,83
A06155,S1012,MATH150,assignment,MATH150-A0601,2025-03-09 10:14:37,12
A06156,S1031,DS400,quiz,DS400-Q0601,2025-04-26 22:50:59,75
A06157,S1013,CS301,discussion,CS301-D0505,2025-03-06 08:32:34,28
A06158,S1005,DS200,quiz,DS200-Q0403,2025-04-17 04:02:36,33
A06159,S1022,DS400,assignment,DS400-A0101,2025-04-03 11:54:42,64
A06160,S1028,DS200,lecture,DS200-L0403,2025-03-14 08:19:08,12
A06161,S1026,MATH150,assignment,MATH150-A0701,2025-03-04 22:12:54,20
A06162,S1045,CS301,reading,CS301-R0402,2025-04-21 17:58:23,19
A06163,S1009,MATH150,quiz,MATH150-Q0105,2025-02-11 01:46:47,1
A06164,S1007,MATH150,discussion,MATH150-D0202,2025-03-30 11:05:06,57
A06165,S1005,DS400,discussion,DS400-D0903,2025-02-06 02:25:41,72
A06166,S1039,MATH150,video,MATH150-V0803,2025-03-27 15:22:50,86
A06167,S1049,CS101,video,CS101-V0705,2025-02-12 13:09:50,63
A06168,S1049,DS400,video,DS400-V0101,2025-03-24 11:23:57,3
A06169,S1021,DS400,discussion,DS400-D1005,2025-04-27 14:17:06,2
A06170,S1022,DS400,lecture,DS400-L0901,2025-02-27 20:52:35,3
A06171,S1013,DS200,reading,DS200-R0103,2025-02-05 02:35:35,71
A06172,S1048,CS101,assignment,CS101-A0103,2025-03-10 10:35:42,29
A06173,S1022,DS400,assignment,DS400-A0705,2025-03-31 04:25:18,5
A06174,S1041,DS200,lecture,DS200-L0401,2025-02-11 07:26:56,53
A06175,S1045,CS301,discussion,CS301-D0504,2025-02-04 00:17:00,18
A06176,S1041,CS101,video,CS101-V0504,2025-03-17 08:52:52,55
A06177,S1050,MATH150,video,MATH150-V0901,2025-02-16 08:11:46,88
A06178,S1047,MATH150,discussion,MATH150-D0902,2025-03-12 08:55:42,21
A06179,S1004,CS301,reading,CS301-R1005,2025-04-22 20:00:59,72
A06180,S1017,DS400,assignment,DS400-A0605,2025-02-09 03:20:33,23
A06181,S1025,CS101,discussion,CS101-D0301,2025-02-25 15:05:52,29
A06182,S1006,MATH150,assignment,MATH150-A0703,2025-03-14 09:11:44,88
A06183,S1023,CS301,assignment,CS301-A0204,2025-03-11 19:25:22,46
A06184,S1032,DS400,assignment,DS400-A0202,2025-02-04 01:49:09,37
A06185,S1037,DS400,reading,DS400-R0103,2025-02-24 16:47:48,65
A06186,S1037,CS301,reading,CS301-R0204,2025-02-28 03:37:56,46
A06187,S1003,DS400,quiz,DS400-Q0305,2025-04-28 01:40:00,42
A06188,S1013,DS200,video,DS200-V0401,2025-03-19 16:12:52,19
A06189,S1018,DS400,quiz,DS400-Q0703,2025-02-11 00:01:12,24
A06190,S1027,CS101,video,CS101-V1003,2025-04-21 23:24:53,47
A06191,S1032,MATH150,reading,MATH150-R0904,2025-02-13 09:12:49,65
A06192,S1048,CS101,assignment,CS101-A0605,2025-02-21 07:08:24,74
A06193,S1016,MATH150,lecture,MATH150-L0902,2025-03-09 16:44:30,35
A06194,S1041,MATH150,video,MATH150-V0805,2025-03-25 08:50:55,46
A06195,S1037,DS400,discussion,DS400-D0205,2025-02-18 13:40:43,2
A06196,S1028,DS400,quiz,DS400-Q0604,2025-04-02 09:50:33,26
A06197,S1012,MATH150,assignment,MATH150-A1004,2025-04-21 12:54:38,19
A06198,S1030,CS301,assignment,CS301-A0302,2025-02-25 04:08:56,54
A06199,S1035,DS200,lecture,DS200-L0304,2025-03-06 22:14:45,30
A06200,S1017,CS101,discussion,CS101-D0405,2025-04-14 16:09:18,78
A06201,S1046,MATH150,reading,MATH150-R0805,2025-04-22 14:26:21,5
A06202,S1011,DS200,discussion,DS200-D0101,2025-04-26 10:57:11,59
A06203,S1032,CS101,assignment,CS101-A0104,2025-02-14 11:43:02,73
A06204,S1019,MATH150,lecture,MATH150-L0304,2025-04-07 00:05:44,74
A06205,S1019,MATH150,quiz,MATH150-Q0403,2025-04-07 15:01:20,28
A06206,S1018,CS101,assignment,CS101-A0502,2025-04-03 04:37:27,10
A06207,S1002,DS200,video,DS200-V0401,2025-04-23 03:56:08,68
A06208,S1028,CS301,quiz,CS301-Q1001,2025-04-29 03:07:50,55
A06209,S1028,CS301,assignment,CS301-A0504,2025-03-20 16:13:51,83
A06210,S1041,DS200,lecture,DS200-L0201,2025-04-07 03:11:18,8
A06211,S1019,CS101,discussion,CS101-D0405,2025-02-26 04:13:11,32
A06212,S1048,CS301,discussion,CS301-D0304,2025-02-03 14:30:15,11
A06213,S1042,DS400,quiz,DS400-Q0804,2025-04-19 04:05:03,80
A06214,S1049,MATH150,assignment,MATH150-A0402,2025-04-26 23:58:28,37
A06215,S1010,DS200,reading,DS200-R0405,2025-02-23 19:29:22,79
A06216,S1009,DS200,reading,DS200-R0303,2025-04-28 19:17:38,64
A06217,S1031,CS301,video,CS301-V0804,2025-02-26 08:43:12,47
A06218,S1029,MATH150,lecture,MATH150-L0301,2025-04-06 19:02:14,67
A06219,S1034,MATH150,video,MATH150-V0201,2025-05-02 17:39:45,37
A06220,S1034,MATH150,quiz,MATH150-Q0102,2025-04-11 21:37:06,49
A06221,S1013,DS400,video,DS400-V1004,2025-04-11 22:51:01,69
A06222,S1032,DS400,discussion,DS400-D0502,2025-04-21 15:28:25,3
A06223,S1049,MATH150,quiz,MATH150-Q0605,2025-04-17 19:29:07,72
A06224,S1016,MATH150,assignment,MATH150-A0905,2025-03-04 01:46:44,58
A06225,S1049,CS301,lecture,CS301-L0705,2025-04-10 23:41:05,32
A06226,S1044,DS400,video,DS400-V0903,2025-02-25 07:18:17,17
A06227,S1042,CS101,video,CS101-V0603,2025-03-13 10:00:31,11
A06228,S1027,CS301,discussion,CS301-D0504,2025-04-15 07:32:07,57
A06229,S1042,CS301,discussion,CS301-D0205,2025-04-16 19:50:54,73
A06230,S1034,CS301,video,CS301-V0701,2025-04-27 15:24:58,29
A06231,S1037,MATH150,discussion,MATH150-D0503,2025-04-19 02:32:14,75
A06232,S1009,CS101,lecture,CS101-L0903,2025-04-15 12:38:36,57
A06233,S1012,DS200,assignment,DS200-A0601,2025-02-10 08:32:47,80
A06234,S1018,CS301,video,CS301-V0804,2025-03-29 07:19:45,55
A06235,S1009,CS301,assignment,CS301-A0405,2025-05-01 17:39:50,75
A06236,S1025,MATH150,reading,MATH150-R1005,2025-04-28 02:29:05,64
A06237,S1044,CS301,discussion,CS301-D0204,2025-03-27 15:44:05,81
A06238,S1041,DS200,video,DS200-V0101,2025-03-27 06:50:46,83
A06239,S1008,CS101,lecture,CS101-L0203,2025-02-19 03:28:33,65
A06240,S1027,CS301,discussion,CS301-D0104,2025-02-19 13:29:37,41
A06241,S1006,MATH150,quiz,MATH150-Q0605,2025-03-06 21:38:12,14
A06242,S1017,DS400,lecture,DS400-L1004,2025-03-17 02:33:39,13
A06243,S1041,CS101,assignment,CS101-A0901,2025-02-02 00:34:19,34
A06244,S1041,MATH150,discussion,MATH150-D0802,2025-02-28 08:49:19,21
A06245,S1043,DS200,quiz,DS200-Q0505,2025-03-12 03:11:33,55
A06246,S1023,DS200,discussion,DS200-D0505,2025-02-21 03:10:21,6
A06247,S1023,CS101,quiz,CS101-Q0205,2025-03-18 23:52:05,20
A06248,S1048,MATH150,lecture,MATH150-L0302,2025-04-26 19:41:40,33
A06249,S1014,DS200,reading,DS200-R0404,2025-03-18 20:28:58,48
A06250,S1044,CS301,assignment,CS301-A0804,2025-03-17 00:10:01,28
A06251,S1017,DS200,quiz,DS200-Q0605,2025-04-25 19:22:20,62
A06252,S1021,CS101,video,CS101-V0201,2025-03-02 22:56:33,83
A06253,S1038,CS301,discussion,CS301-D0203,2025-02-01 23:16:40,61
A06254,S1031,CS101,assignment,CS101-A0305,2025-02-04 18:28:19,53
A06255,S1006,DS400,discussion,DS400-D0104,2025-04-24 15:47:15,34
A06256,S1026,CS301,assignment,CS301-A0705,2025-04-16 22:43:02,64
A06257,S1043,MATH150,quiz,MATH150-Q0301,2025-03-18 11:33:10,16
A06258,S1049,DS200,reading,DS200-R0403,2025-03-11 17:48:13,55
A06259,S1033,DS200,assignment,DS200-A0102,2025-02-16 18:55:53,45
A06260,S1049,DS200,quiz,DS200-Q1003,2025-04-12 07:17:45,19
A06261,S1024,MATH150,discussion,MATH150-D0804,2025-03-21 09:49:24,27
A06262,S1021,CS101,quiz,CS101-Q0901,2025-04-15 07:30:20,8
A06263,S1043,CS301,video,CS301-V0902,2025-04-06 05:15:51,77
A06264,S1020,CS301,quiz,CS301-Q0504,2025-04-15 14:36:18,87
A06265,S1005,DS200,assignment,DS200-A0701,2025-02-27 03:29:14,79
A06266,S1045,DS400,video,DS400-V0702,2025-02-12 06:59:29,74
A06267,S1026,DS200,quiz,DS200-Q0604,2025-04-10 15:28:00,39
A06268,S1017,DS200,discussion,DS200-D0105,2025-03-04 18:45:57,9
A06269,S1041,DS400,reading,DS400-R0704,2025-02-23 00:13:53,3
A06270,S1004,CS301,video,CS301-V0702,2025-04-11 21:41:26,16
A06271,S1004,MATH150,assignment,MATH150-A0204,2025-02-27 00:23:06,8
A06272,S1029,DS400,quiz,DS400-Q0103,2025-04-24 08:34:47,65
A06273,S1007,CS101,video,CS101-V0602,2025-04-27 16:39:57,89
A06274,S1047,CS301,assignment,CS301-A0405,2025-03-14 05:22:51,47
A06275,S1011,CS301,assignment,CS301-A0305,2025-03-04 15:21:45,75
A06276,S1048,DS400,quiz,DS400-Q0804,2025-03-19 09:20:22,90
A06277,S1004,MATH150,reading,MATH150-R0505,2025-03-31 10:04:24,75
A06278,S1046,CS101,quiz,CS101-Q0202,2025-04-10 04:39:11,76
A06279,S1039,CS301,discussion,CS301-D1001,2025-03-05 11:45:49,38
A06280,S1046,DS400,video,DS400-V0801,2025-02-06 16:33:44,85
A06281,S1009,DS400,video,DS400-V0401,2025-02-22 11:15:31,17
A06282,S1026,DS400,discussion,DS400-D0404,2025-04-22 00:52:38,34
A06283,S1027,CS101,video,CS101-V0202,2025-03-16 01:31:15,70
A06284,S1035,MATH150,lecture,MATH150-L0604,2025-03-20 16:08:09,11
A06285,S1045,DS200,assignment,DS200-A1001,2025-03-24 23:17:42,35
A06286,S1012,MATH150,lecture,MATH150-L1003,2025-04-20 04:53:53,53
A06287,S1049,CS101,quiz,CS101-Q0703,2025-03-06 11:51:15,72
A06288,S1039,DS200,video,DS200-V0403,2025-03-08 23:21:14,17
A06289,S1045,DS400,reading,DS400-R0904,2025-04-07 17:53:59,4
A06290,S1028,DS200,lecture,DS200-L0302,2025-03-26 23:23:00,23
A06291,S1039,DS200,video,DS200-V0602,2025-03-26 14:35:54,57
A06292,S1034,DS400,quiz,DS400-Q0203,2025-04-13 09:05:36,25
A06293,S1023,DS400,assignment,DS400-A0703,2025-03-20 21:42:57,21
A06294,S1027,DS400,assignment,DS400-A0504,2025-02-27 16:56:34,53
A06295,S1018,MATH150,reading,MATH150-R0104,2025-04-09 07:48:20,20
A06296,S1034,DS200,lecture,DS200-L0101,2025-03-27 07:58:54,46
A06297,S1047,CS101,discussion,CS101-D0901,2025-03-26 06:50:53,62
A06298,S1021,CS301,assignment,CS301-A0503,2025-04-15 16:56:35,4
A06299,S1048,MATH150,discussion,MATH150-D0201,2025-03-04 22:43:13,68
A06300,S1001,CS101,lecture,CS101-L0905,2025-04-29 05:57:53,88
A06301,S1027,CS301,discussion,CS301-D0803,2025-02-26 11:56:47,64
A06302,S1028,CS101,discussion,CS101-D0404,2025-03-25 11:09:19,71
A06303,S1028,CS301,video,CS301-V0703,2025-03-11 14:34:25,43
A06304,S1016,DS200,video,DS200-V0504,2025-03-16 20:27:29,36
A06305,S1048,DS400,quiz,DS400-Q0402,2025-03-20 10:16:07,74
A06306,S1010,DS200,assignment,DS200-A0702,2025-03-22 14:40:01,15
A06307,S1040,CS101,reading,CS101-R0102,2025-02-23 02:14:48,63
A06308,S1019,DS200,discussion,DS200-D0802,2025-03-01 20:42:42,41
A06309,S1004,MATH150,video,MATH150-V0205,2025-03-02 00:11:26,2
A06310,S1021,CS101,reading,CS101-R0802,2025-04-15 20:09:40,54
A06311,S1002,DS400,quiz,DS400-Q1004,2025-02-17 18:42:47,77
A06312,S1005,MATH150,reading,MATH150-R1004,2025-03-17 15:35:28,31
A06313,S1027,CS301,lecture,CS301-L1005,2025-04-15 19:03:22,41
A06314,S1038,CS101,discussion,CS101-D0901,2025-03-16 12:03:53,39
A06315,S1032,DS200,quiz,DS200-Q0703,2025-02-21 18:34:37,79
A06316,S1029,DS400,discussion,DS400-D0605,2025-03-17 14:26:05,39
A06317,S1033,DS400,assignment,DS400-A0603,2025-03-17 19:45:14,15
A06318,S1016,CS101,assignment,CS101-A1005,2025-02-26 10:50:36,34
A06319,S1017,DS400,quiz,DS400-Q0204,2025-02-25 11:31:31,73
A06320,S1021,DS200,reading,DS200-R0803,2025-03-20 05:30:54,62
A06321,S1031,MATH150,video,MATH150-V0802,2025-02-09 13:50:42,19
A06322,S1015,DS400,reading,DS400-R0904,2025-03-17 00:23:44,48
A06323,S1025,CS101,discussion,CS101-D0205,2025-04-16 06:25:32,73
A06324,S1034,CS301,reading,CS301-R0604,2025-03-31 09:50:50,86
A06325,S1035,DS200,video,DS200-V0305,2025-02-05 19:16:30,82
A06326,S1050,CS101,lecture,CS101-L0605,2025-02-03 01:34:32,41
A06327,S1019,MATH150,assignment,MATH150-A0204,2025-02-24 05:07:54,49
A06328,S1021,DS400,reading,DS400-R0501,2025-03-05 04:27:03,73
A06329,S1005,DS400,video,DS400-V0503,2025-05-02 17:37:57,24
A06330,S1019,CS301,video,CS301-V0801,2025-02-14 22:52:18,25
A06331,S1040,DS200,video,DS200-V0104,2025-03-06 12:24:33,31
A06332,S1013,MATH150,video,MATH150-V0605,2025-03-19 17:28:30,41
A06333,S1038,DS400,lecture,DS400-L1004,2025-04-21 13:38:58,21
A06334,S1033,DS200,assignment,DS200-A0205,2025-03-13 00:46:27,1
A06335,S1034,CS301,discussion,CS301-D0803,2025-04-04 07:40:31,61
A06336,S1033,DS400,video,DS400-V0802,2025-03-19 00:36:57,55
A06337,S1016,CS101,discussion,CS101-D0804,2025-02-23 04:22:47,75
A06338,S1042,DS400,assignment,DS400-A0404,2025-04-24 23:11:06,50
A06339,S1027,CS101,discussion,CS101-D0805,2025-03-22 06:43:30,65
A06340,S1021,MATH150,lecture,MATH150-L0103,2025-02-28 19:24:39,47
A06341,S1043,CS101,quiz,CS101-Q0305,2025-03-12 16:21:49,21
A06342,S1040,CS101,assignment,CS101-A0201,2025-03-16 17:33:46,79
A06343,S1015,DS200,assignment,DS200-A0304,2025-03-08 09:44:56,19
A06344,S1029,DS400,video,DS400-V0603,2025-03-11 07:55:49,31
A06345,S1002,MATH150,discussion,MATH150-D0501,2025-04-14 12:12:29,45
A06346,S1028,CS301,lecture,CS301-L0204,2025-03-16 19:02:20,41
A06347,S1014,DS400,discussion,DS400-D0802,2025-02-28 20:37:16,82
A06348,S1021,DS400,lecture,DS400-L1005,2025-03-18 13:37:34,86
A06349,S1003,DS400,assignment,DS400-A0903,2025-02-02 13:34:36,64
A06350,S1022,MATH150,video,MATH150-V0901,2025-03-09 06:25:35,26
A06351,S1048,CS301,reading,CS301-R1004,2025-02-15 15:39:30,56
A06352,S1034,DS200,discussion,DS200-D0601,2025-04-17 13:48:44,59
A06353,S1048,CS101,reading,CS101-R0202,2025-04-25 14:21:31,6
A06354,S1027,DS400,quiz,DS400-Q0802,2025-02-08 03:58:50,17
A06355,S1035,CS101,reading,CS101-R0705,2025-02-25 09:36:00,71
A06356,S1029,CS101,video,CS101-V0805,2025-03-06 06:16:04,29
A06357,S1029,DS400,discussion,DS400-D0301,2025-03-01 21:50:39,74
A06358,S1011,MATH150,lecture,MATH150-L0404,2025-02-11 21:55:23,62
A06359,S1016,CS101,quiz,CS101-Q0405,2025-02-05 07:16:27,68
A06360,S1024,DS400,video,DS400-V0104,2025-03-28 04:06:46,34
A06361,S1044,DS400,video,DS400-V0705,2025-02-13 20:59:12,55
A06362,S1029,DS200,video,DS200-V0904,2025-03-15 04:34:05,44
A06363,S1043,CS301,lecture,CS301-L0704,2025-03-20 13:09:05,48
A06364,S1023,DS400,reading,DS400-R0802,2025-04-14 05:37:49,42
A06365,S1019,CS101,lecture,CS101-L0604,2025-03-20 14:38:50,85
A06366,S1009,MATH150,lecture,MATH150-L0501,2025-02-19 05:38:32,43
A06367,S1045,DS400,assignment,DS400-A1005,2025-03-27 02:08:37,9
A06368,S1002,DS400,reading,DS400-R0605,2025-03-17 07:48:07,20
A06369,S1014,MATH150,quiz,MATH150-Q0903,2025-04-16 06:42:02,47
A06370,S1031,DS200,lecture,DS200-L0901,2025-02-16 17:14:44,37
A06371,S1008,CS101,reading,CS101-R0203,2025-02-07 15:01:41,60
A06372,S1048,MATH150,discussion,MATH150-D0401,2025-03-13 07:07:51,49
A06373,S1001,DS400,assignment,DS400-A0204,2025-04-17 07:03:44,88
A06374,S1008,CS101,reading,CS101-R0604,2025-03-16 06:34:13,12
A06375,S1015,MATH150,lecture,MATH150-L0504,2025-04-07 07:08:39,84
A06376,S1023,CS101,lecture,CS101-L0103,2025-03-06 11:11:54,71
A06377,S1020,CS101,assignment,CS101-A0905,2025-02-15 05:58:25,17
A06378,S1041,CS301,lecture,CS301-L0705,2025-04-03 08:33:07,88
A06379,S1003,CS301,reading,CS301-R1003,2025-04-03 10:31:11,31
A06380,S1022,CS301,assignment,CS301-A0605,2025-02-05 19:48:37,87
A06381,S1015,CS301,video,CS301-V0902,2025-03-13 01:01:55,38
A06382,S1032,DS200,video,DS200-V0503,2025-03-05 10:42:49,66
A06383,S1048,CS101,quiz,CS101-Q0105,2025-04-13 16:53:57,29
A06384,S1016,MATH150,lecture,MATH150-L0502,2025-02-27 04:14:54,35
A06385,S1042,DS400,assignment,DS400-A0704,2025-04-11 01:30:55,32
A06386,S1043,DS400,lecture,DS400-L0101,2025-02-27 02:25:10,46
A06387,S1014,DS400,assignment,DS400-A0901,2025-02-28 09:35:11,90
A06388,S1047,DS400,discussion,DS400-D0704,2025-04-04 05:30:49,22
A06389,S1021,CS101,reading,CS101-R0105,2025-03-10 10:11:12,15
A06390,S1048,CS301,lecture,CS301-L1005,2025-03-22 14:34:52,58
A06391,S1014,CS101,quiz,CS101-Q0105,2025-03-22 12:32:18,15
A06392,S1026,CS301,discussion,CS301-D0901,2025-02-23 12:16:10,3
A06393,S1015,DS400,reading,DS400-R0705,2025-02-12 09:56:22,87
A06394,S1012,DS400,lecture,DS400-L0601,2025-02-11 16:37:02,49
A06395,S1017,MATH150,reading,MATH150-R0704,2025-02-16 18:31:27,48
A06396,S1029,DS200,lecture,DS200-L0303,2025-02-23 03:18:58,54
A06397,S1007,DS200,quiz,DS200-Q0705,2025-03-22 11:21:29,58
A06398,S1026,DS200,video,DS200-V1003,2025-03-22 05:44:57,82
A06399,S1038,MATH150,quiz,MATH150-Q0503,2025-02-05 11:25:57,72
A06400,S1004,DS400,assignment,DS400-A0905,2025-04-18 22:56:56,58
A06401,S1008,CS301,video,CS301-V0401,2025-04-16 12:13:46,44
A06402,S1050,CS301,lecture,CS301-L0701,2025-04-29 15:38:42,36
A06403,S1012,CS301,lecture,CS301-L0503,2025-03-17 08:22:08,12
A06404,S1027,MATH150,lecture,MATH150-L0503,2025-04-17 05:58:39,14
A06405,S1024,DS200,quiz,DS200-Q0503,2025-03-07 08:50:15,88
A06406,S1043,DS400,assignment,DS400-A0305,2025-04-30 12:53:44,54
A06407,S1048,DS400,reading,DS400-R0603,2025-02-10 06:02:42,85
A06408,S1044,DS400,lecture,DS400-L0404,2025-03-28 00:28:19,6
A06409,S1017,DS400,discussion,DS400-D0804,2025-02-14 23:35:04,3
A06410,S1039,DS200,discussion,DS200-D0404,2025-02-25 19:22:59,77
A06411,S1026,MATH150,assignment,MATH150-A0303,2025-04-30 03:38:27,23
A06412,S1031,CS301,lecture,CS301-L0803,2025-04-06 22:35:39,87
A06413,S1008,MATH150,quiz,MATH150-Q0503,2025-02-02 04:51:09,22
A06414,S1028,CS101,video,CS101-V0602,2025-03-01 06:59:59,20
A06415,S1021,MATH150,reading,MATH150-R0701,2025-03-27 22:47:54,26
A06416,S1010,CS301,assignment,CS301-A0301,2025-02-22 01:11:07,69
A06417,S1017,CS101,assignment,CS101-A0603,2025-02-08 21:36:57,2
A06418,S1037,MATH150,reading,MATH150-R0303,2025-04-17 21:31:15,19
A06419,S1031,MATH150,lecture,MATH150-L0604,2025-04-30 12:10:20,70
A06420,S1033,CS101,discussion,CS101-D0505,2025-05-02 10:52:51,23
A06421,S1045,CS101,quiz,CS101-Q0304,2025-02-08 20:16:49,20
A06422,S1026,DS200,video,DS200-V0501,2025-04-10 02:01:23,85
A06423,S1012,DS400,video,DS400-V0805,2025-02-12 02:20:22,32
A06424,S1010,CS301,quiz,CS301-Q0304,2025-02-25 21:32:41,32
A06425,S1010,CS301,video,CS301-V0804,2025-05-01 19:06:14,55
A06426,S1029,MATH150,quiz,MATH150-Q1003,2025-05-01 08:55:23,65
A06427,S1033,CS101,discussion,CS101-D0504,2025-03-26 01:13:27,58
A06428,S1041,CS301,reading,CS301-R1002,2025-03-29 17:11:13,38
A06429,S1018,DS400,discussion,DS400-D0401,2025-02-21 09:52:52,54
A06430,S1032,MATH150,assignment,MATH150-A0802,2025-04-26 23:37:37,52
A06431,S1027,DS400,reading,DS400-R1001,2025-05-01 04:58:15,88
A06432,S1022,DS200,quiz,DS200-Q0704,2025-04-05 14:36:14,65
A06433,S1014,DS200,lecture,DS200-L0401,2025-03-12 09:36:44,16
A06434,S1046,DS200,lecture,DS200-L0804,2025-03-31 19:44:25,2
A06435,S1022,DS200,reading,DS200-R0102,2025-03-27 17:11:10,88
A06436,S1035,DS200,video,DS200-V0401,2025-04-06 09:17:14,41
A06437,S1043,CS101,discussion,CS101-D0101,2025-03-12 12:21:47,52
A06438,S1018,DS400,lecture,DS400-L0302,2025-03-14 23:27:36,18
A06439,S1035,CS101,lecture,CS101-L1002,2025-03-22 11:43:05,68
A06440,S1045,DS400,assignment,DS400-A0602,2025-02-08 20:36:38,15
A06441,S1023,MATH150,assignment,MATH150-A0405,2025-03-20 20:47:00,70
A06442,S1007,MATH150,quiz,MATH150-Q0403,2025-04-21 10:18:39,12
A06443,S1021,DS400,lecture,DS400-L0104,2025-04-18 02:34:24,55
A06444,S1001,DS400,quiz,DS400-Q0302,2025-04-12 08:41:03,49
A06445,S1023,CS101,reading,CS101-R0701,2025-02-15 13:49:31,53
A06446,S1042,DS200,video,DS200-V0504,2025-03-27 11:37:57,82
A06447,S1039,DS200,video,DS200-V0601,2025-04-04 20:20:14,71
A06448,S1045,DS200,quiz,DS200-Q0202,2025-03-06 15:00:35,6
A06449,S1027,DS200,lecture,DS200-L0105,2025-03-01 22:33:19,5
A06450,S1005,MATH150,quiz,MATH150-Q1005,2025-03-22 01:39:59,84
A06451,S1002,CS301,video,CS301-V1005,2025-02-08 02:44:42,5
A06452,S1037,DS400,quiz,DS400-Q0602,2025-04-27 01:47:05,55
A06453,S1034,CS301,quiz,CS301-Q0601,2025-03-25 15:50:06,28
A06454,S1027,DS400,lecture,DS400-L0705,2025-04-21 11:15:10,87
A06455,S1011,CS101,reading,CS101-R0104,2025-02-23 19:37:34,61
A06456,S1013,CS101,discussion,CS101-D0801,2025-05-02 12:54:21,36
A06457,S1049,DS200,discussion,DS200-D0102,2025-04-02 23:34:54,2
A06458,S1039,DS200,lecture,DS200-L0103,2025-04-24 23:07:39,86
A06459,S1026,DS200,quiz,DS200-Q0104,2025-02-02 13:52:13,81
A06460,S1012,MATH150,quiz,MATH150-Q0505,2025-04-23 00:04:18,42
A06461,S1042,CS301,discussion,CS301-D0905,2025-04-24 17:31:46,68
A06462,S1040,DS200,lecture,DS200-L0402,2025-03-18 17:06:18,30
A06463,S1035,CS101,reading,CS101-R0302,2025-03-31 17:49:56,27
A06464,S1012,DS200,discussion,DS200-D0802,2025-04-17 17:08:50,42
A06465,S1017,CS101,lecture,CS101-L0505,2025-04-07 23:55:30,87
A06466,S1016,DS400,assignment,DS400-A0504,2025-04-17 17:08:59,48
A06467,S1019,DS200,assignment,DS200-A0205,2025-03-26 00:14:17,52
A06468,S1020,MATH150,discussion,MATH150-D0504,2025-03-26 21:22:47,7
A06469,S1004,CS301,assignment,CS301-A1002,2025-04-14 08:58:05,35
A06470,S1049,CS301,video,CS301-V0704,2025-03-31 23:53:18,67
A06471,S1016,CS301,reading,CS301-R0603,2025-04-05 19:37:47,3
A06472,S1018,MATH150,discussion,MATH150-D0405,2025-03-21 17:19:14,47
A06473,S1003,CS101,assignment,CS101-A0804,2025-02-04 21:58:24,79
A06474,S1038,CS101,assignment,CS101-A0401,2025-03-16 23:03:22,19
A06475,S1007,CS101,video,CS101-V0605,2025-04-11 11:27:14,65
A06476,S1001,MATH150,video,MATH150-V0402,2025-02-12 13:13:25,48
A06477,S1044,CS301,discussion,CS301-D0703,2025-02-03 15:46:09,15
A06478,S1004,CS101,reading,CS101-R0701,2025-02-10 16:07:14,80
A06479,S1044,DS200,video,DS200-V0602,2025-02-02 13:33:01,56
A06480,S1011,DS200,quiz,DS200-Q0105,2025-02-21 23:25:39,10
A06481,S1025,MATH150,video,MATH150-V0704,2025-04-24 05:19:33,30
A06482,S1015,CS101,quiz,CS101-Q0203,2025-02-06 23:13:27,71
A06483,S1010,DS200,lecture,DS200-L0101,2025-03-20 00:35:30,11
A06484,S1045,CS301,lecture,CS301-L1005,2025-03-02 12:33:57,41
A06485,S1030,MATH150,lecture,MATH150-L0601,2025-04-01 11:42:10,86
A06486,S1041,DS400,reading,DS400-R0105,2025-02-09 00:25:56,77
A06487,S1046,CS101,lecture,CS101-L0604,2025-04-17 18:18:31,57
A06488,S1015,MATH150,video,MATH150-V0702,2025-03-09 06:58:29,77
A06489,S1024,CS101,quiz,CS101-Q0702,2025-03-08 23:18:27,24
A06490,S1017,CS101,video,CS101-V0102,2025-04-11 06:35:29,24
A06491,S1034,CS301,quiz,CS301-Q0201,2025-03-12 09:39:31,54
A06492,S1021,CS301,lecture,CS301-L0303,2025-03-30 07:01:55,22
A06493,S1013,MATH150,quiz,MATH150-Q0804,2025-03-01 18:57:43,11
A06494,S1043,MATH150,discussion,MATH150-D0103,2025-03-19 14:00:45,11
A06495,S1032,MATH150,video,MATH150-V0302,2025-04-12 03:09:42,64
A06496,S1044,DS400,discussion,DS400-D0803,2025-02-17 17:14:35,51
A06497,S1008,MATH150,discussion,MATH150-D0805,2025-04-03 11:59:29,68
A06498,S1039,CS101,quiz,CS101-Q0902,2025-02-11 10:45:31,62
A06499,S1007,MATH150,lecture,MATH150-L0201,2025-02-26 22:14:41,21
A06500,S1047,MATH150,lecture,MATH150-L0303,2025-04-11 00:02:55,65
A06501,S1020,MATH150,reading,MATH150-R0704,2025-02-22 22:11:03,10
A06502,S1044,DS200,quiz,DS200-Q0204,2025-04-29 20:03:42,34
A06503,S1006,DS400,lecture,DS400-L0704,2025-03-31 20:17:43,42
A06504,S1020,MATH150,assignment,MATH150-A0105,2025-03-08 00:52:27,61
A06505,S1048,CS101,video,CS101-V0501,2025-04-29 13:15:20,16
A06506,S1042,CS101,quiz,CS101-Q0701,2025-03-18 16:18:48,4
A06507,S1025,CS101,video,CS101-V0101,2025-02-11 22:09:53,87
A06508,S1009,CS301,video,CS301-V0902,2025-04-26 02:04:44,12
A06509,S1043,DS400,assignment,DS400-A0204,2025-02-17 15:11:18,4
A06510,S1016,MATH150,quiz,MATH150-Q1004,2025-03-08 14:19:28,55
A06511,S1017,CS101,lecture,CS101-L0205,2025-02-08 01:38:55,86
A06512,S1050,MATH150,reading,MATH150-R0304,2025-04-13 01:10:03,8
A06513,S1046,CS301,discussion,CS301-D0303,2025-02-09 03:58:09,16
A06514,S1027,MATH150,video,MATH150-V0502,2025-03-03 06:51:58,85
A06515,S1046,CS101,lecture,CS101-L0504,2025-03-04 15:49:50,38
A06516,S1043,CS301,quiz,CS301-Q0303,2025-05-01 04:23:09,68
A06517,S1010,DS200,video,DS200-V0104,2025-04-29 17:23:29,38
A06518,S1009,CS101,lecture,CS101-L0705,2025-02-27 06:45:27,52
A06519,S1004,DS200,discussion,DS200-D1003,2025-02-11 08:48:27,81
A06520,S1045,MATH150,discussion,MATH150-D0302,2025-02-28 23:13:25,89
A06521,S1028,CS301,reading,CS301-R0301,2025-04-24 23:05:10,64
A06522,S1019,CS301,reading,CS301-R0602,2025-04-16 18:45:58,30
A06523,S1007,CS301,reading,CS301-R1003,2025-02-02 19:10:36,56
A06524,S1003,MATH150,assignment,MATH150-A0501,2025-02-11 04:55:15,89
A06525,S1014,CS301,assignment,CS301-A0202,2025-04-05 04:34:09,87
A06526,S1019,CS301,assignment,CS301-A0401,2025-04-16 08:39:49,88
A06527,S1001,CS301,discussion,CS301-D1001,2025-04-04 21:50:38,62
A06528,S1035,CS301,discussion,CS301-D0604,2025-04-15 11:10:26,49
A06529,S1004,CS101,discussion,CS101-D0902,2025-02-03 04:49:38,36
A06530,S1007,MATH150,assignment,MATH150-A0503,2025-03-21 07:06:18,40
A06531,S1032,DS200,video,DS200-V0502,2025-03-09 21:41:47,84
A06532,S1042,DS400,quiz,DS400-Q0404,2025-04-16 13:39:19,78
A06533,S1031,CS101,lecture,CS101-L0705,2025-04-17 19:16:06,47
A06534,S1010,MATH150,video,MATH150-V0204,2025-04-20 06:06:48,41
A06535,S1004,MATH150,lecture,MATH150-L1002,2025-03-19 20:53:08,3
A06536,S1006,CS101,discussion,CS101-D0605,2025-03-12 11:55:56,72
A06537,S1037,CS301,reading,CS301-R0105,2025-03-08 16:13:07,22
A06538,S1037,CS101,reading,CS101-R0601,2025-04-01 00:36:37,45
A06539,S1031,DS400,video,DS400-V0901,2025-03-25 09:24:02,35
A06540,S1029,DS200,quiz,DS200-Q0705,2025-02-06 16:33:55,51
A06541,S1014,DS400,discussion,DS400-D0303,2025-02-09 08:15:59,55
A06542,S1041,CS101,lecture,CS101-L1003,2025-04-26 13:08:53,35
A06543,S1003,CS301,video,CS301-V0805,2025-04-05 14:24:10,79
A06544,S1002,DS400,discussion,DS400-D0104,2025-03-22 15:22:29,26
A06545,S1006,CS101,video,CS101-V0204,2025-03-30 10:24:26,43
A06546,S1039,DS200,discussion,DS200-D0302,2025-02-22 05:29:08,31
A06547,S1006,DS200,reading,DS200-R0704,2025-03-22 06:12:35,18
A06548,S1023,CS101,assignment,CS101-A0405,2025-04-25 12:37:39,45
A06549,S1049,CS301,lecture,CS301-L0702,2025-04-09 18:34:03,59
A06550,S1045,CS101,reading,CS101-R0202,2025-02-28 23:40:05,23
A06551,S1032,CS301,video,CS301-V0302,2025-03-04 12:12:23,84
A06552,S1032,DS200,assignment,DS200-A0803,2025-02-19 08:07:07,13
A06553,S1044,MATH150,assignment,MATH150-A0301,2025-04-02 00:28:04,33
A06554,S1012,CS101,quiz,CS101-Q1002,2025-04-29 21:38:58,62
A06555,S1017,CS101,reading,CS101-R0904,2025-02-08 05:33:52,80
A06556,S1046,DS400,reading,DS400-R0303,2025-02-06 18:23:57,85
A06557,S1022,DS400,video,DS400-V0602,2025-04-27 07:56:48,83
A06558,S1001,DS400,reading,DS400-R0605,2025-03-21 14:39:40,64
A06559,S1039,DS400,video,DS400-V0703,2025-04-08 01:24:53,24
A06560,S1032,DS200,quiz,DS200-Q1003,2025-03-17 22:25:46,20
A06561,S1015,DS400,assignment,DS400-A0204,2025-04-08 23:48:21,10
A06562,S1009,DS400,video,DS400-V0202,2025-03-05 00:01:23,14
A06563,S1007,CS101,video,CS101-V0401,2025-02-12 06:01:53,4
A06564,S1031,MATH150,video,MATH150-V0601,2025-02-19 03:58:31,34
A06565,S1026,DS400,reading,DS400-R0903,2025-04-11 22:45:41,14
A06566,S1011,DS200,video,DS200-V0302,2025-02-24 00:32:49,22
A06567,S1003,DS400,quiz,DS400-Q0405,2025-04-15 22:37:54,42
A06568,S1046,CS301,lecture,CS301-L1003,2025-02-21 23:44:07,75
A06569,S1007,DS200,quiz,DS200-Q0105,2025-03-08 04:04:36,72
A06570,S1029,DS400,video,DS400-V0805,2025-02-18 07:47:11,16
A06571,S1015,CS101,quiz,CS101-Q0902,2025-02-15 12:27:05,49
A06572,S1042,CS101,discussion,CS101-D0105,2025-04-21 11:40:56,77
A06573,S1014,CS301,lecture,CS301-L0601,2025-04-03 12:20:14,30
A06574,S1005,CS301,discussion,CS301-D0503,2025-04-12 05:31:35,77
A06575,S1035,DS400,video,DS400-V0901,2025-02-21 00:45:59,57
A06576,S1041,MATH150,assignment,MATH150-A0802,2025-03-26 15:54:27,16
A06577,S1007,DS200,video,DS200-V0801,2025-04-08 00:48:10,33
A06578,S1037,MATH150,quiz,MATH150-Q0303,2025-04-24 15:39:33,47
A06579,S1021,MATH150,lecture,MATH150-L0804,2025-04-28 12:54:28,2
A06580,S1001,MATH150,video,MATH150-V0603,2025-04-05 23:33:46,65
A06581,S1034,DS200,video,DS200-V0505,2025-04-13 02:54:11,13
A06582,S1043,CS101,discussion,CS101-D0105,2025-04-21 14:59:07,23
A06583,S1037,DS200,discussion,DS200-D0601,2025-04-21 02:58:35,18
A06584,S1047,DS400,reading,DS400-R0804,2025-03-31 07:21:31,71
A06585,S1049,DS200,reading,DS200-R0904,2025-04-14 08:40:41,46
A06586,S1015,CS301,lecture,CS301-L0604,2025-04-17 15:29:32,38
A06587,S1007,MATH150,video,MATH150-V0401,2025-03-17 04:45:33,3
A06588,S1025,CS301,quiz,CS301-Q0801,2025-04-05 11:01:37,85
A06589,S1045,CS301,video,CS301-V0401,2025-02-11 13:38:15,74
A06590,S1005,CS301,assignment,CS301-A0201,2025-03-31 04:23:01,43
A06591,S1022,DS200,lecture,DS200-L1002,2025-03-21 10:52:54,27
A06592,S1047,CS101,video,CS101-V0501,2025-02-24 05:43:00,63
A06593,S1032,DS400,lecture,DS400-L0801,2025-04-18 00:22:34,28
A06594,S1032,DS400,assignment,DS400-A0401,2025-03-14 02:00:30,13
A06595,S1035,DS400,video,DS400-V0101,2025-03-01 17:12:28,48
A06596,S1034,DS200,lecture,DS200-L0802,2025-04-21 04:05:32,13
A06597,S1026,DS200,reading,DS200-R0803,2025-02-14 04:48:27,39
A06598,S1028,DS400,reading,DS400-R0802,2025-02-16 04:27:55,47
A06599,S1021,CS101,quiz,CS101-Q0602,2025-03-29 18:00:55,85
A06600,S1039,CS101,reading,CS101-R0404,2025-04-21 05:31:51,57
A06601,S1040,CS101,video,CS101-V0104,2025-02-17 07:12:18,5
A06602,S1040,MATH150,quiz,MATH150-Q0905,2025-02-04 01:48:23,30
A06603,S1021,MATH150,lecture,MATH150-L0901,2025-03-29 01:19:26,78
A06604,S1049,CS301,discussion,CS301-D0503,2025-03-05 02:51:05,56
A06605,S1021,CS301,assignment,CS301-A0901,2025-04-22 21:51:02,58
A06606,S1017,MATH150,video,MATH150-V0103,2025-02-27 03:28:06,8
A06607,S1041,MATH150,lecture,MATH150-L0603,2025-03-14 15:11:38,62
A06608,S1018,CS101,discussion,CS101-D0301,2025-02-13 05:39:22,51
A06609,S1042,CS301,reading,CS301-R1005,2025-04-08 20:23:59,32
A06610,S1003,CS101,lecture,CS101-L0403,2025-04-26 18:24:48,81
A06611,S1006,MATH150,lecture,MATH150-L0605,2025-02-06 22:28:29,50
A06612,S1041,CS301,lecture,CS301-L1001,2025-04-24 17:02:02,33
A06613,S1018,CS301,reading,CS301-R0505,2025-02-26 20:40:16,1
A06614,S1004,CS101,lecture,CS101-L0501,2025-02-04 01:21:03,38
A06615,S1046,CS301,reading,CS301-R0603,2025-04-03 09:15:00,60
A06616,S1025,DS400,video,DS400-V0505,2025-04-21 11:43:48,57
A06617,S1023,DS200,reading,DS200-R0701,2025-03-01 06:09:32,71
A06618,S1038,DS400,video,DS400-V0504,2025-03-15 03:14:41,18
A06619,S1021,CS301,quiz,CS301-Q0101,2025-02-20 13:17:15,68
A06620,S1003,CS301,discussion,CS301-D0601,2025-02-10 12:43:22,65
A06621,S1008,DS200,assignment,DS200-A0204,2025-03-08 03:15:05,23
A06622,S1044,MATH150,lecture,MATH150-L0901,2025-03-09 14:44:36,73
A06623,S1022,DS400,lecture,DS400-L0502,2025-02-12 10:33:47,44
A06624,S1002,CS301,lecture,CS301-L0803,2025-02-08 18:43:53,81
A06625,S1028,MATH150,quiz,MATH150-Q0804,2025-04-28 03:02:00,25
A06626,S1050,CS101,assignment,CS101-A0102,2025-04-18 07:13:06,21
A06627,S1045,DS200,lecture,DS200-L1004,2025-03-12 21:39:17,61
A06628,S1004,DS200,reading,DS200-R0504,2025-02-11 13:06:14,53
A06629,S1033,MATH150,reading,MATH150-R0504,2025-03-31 12:22:48,54
A06630,S1019,MATH150,assignment,MATH150-A0905,2025-04-30 12:03:04,24
A06631,S1017,MATH150,lecture,MATH150-L0902,2025-02-19 20:31:12,66
A06632,S1050,CS101,lecture,CS101-L0404,2025-04-04 07:15:31,17
A06633,S1018,MATH150,quiz,MATH150-Q1002,2025-04-18 17:06:52,75
A06634,S1030,MATH150,discussion,MATH150-D0203,2025-05-01 18:04:30,39
A06635,S1034,DS400,reading,DS400-R0101,2025-03-29 15:27:01,85
A06636,S1020,CS301,reading,CS301-R0903,2025-04-29 23:10:53,52
A06637,S1016,DS400,video,DS400-V0505,2025-04-14 20:37:51,65
A06638,S1032,DS400,lecture,DS400-L0802,2025-03-20 07:43:17,51
A06639,S1043,CS301,quiz,CS301-Q0505,2025-03-19 12:09:16,27
A06640,S1029,DS400,lecture,DS400-L0602,2025-02-28 11:49:30,19
A06641,S1023,CS101,discussion,CS101-D0205,2025-03-18 00:10:12,16
A06642,S1028,DS200,discussion,DS200-D1004,2025-03-03 15:22:55,57
A06643,S1028,CS301,quiz,CS301-Q0704,2025-04-16 00:49:23,8
A06644,S1045,DS400,lecture,DS400-L1001,2025-04-01 06:15:42,25
A06645,S1024,DS200,quiz,DS200-Q0502,2025-03-07 03:02:07,74
A06646,S1043,DS400,video,DS400-V0204,2025-03-16 03:04:52,75
A06647,S1032,CS101,discussion,CS101-D0604,2025-04-15 21:16:13,58
A06648,S1021,DS400,lecture,DS400-L0103,2025-04-24 23:35:04,84
A06649,S1028,DS200,assignment,DS200-A1004,2025-03-20 22:54:36,6
A06650,S1043,MATH150,reading,MATH150-R0804,2025-03-20 14:28:43,15
A06651,S1018,CS101,reading,CS101-R0804,2025-05-02 16:53:21,8
A06652,S1009,MATH150,assignment,MATH150-A0101,2025-03-08 19:43:43,48
A06653,S1019,MATH150,discussion,MATH150-D0501,2025-04-04 23:59:58,80
A06654,S1045,DS400,discussion,DS400-D0604,2025-04-21 17:35:15,42
A06655,S1009,MATH150,quiz,MATH150-Q0404,2025-02-26 22:53:36,35
A06656,S1048,DS400,reading,DS400-R0603,2025-04-13 23:55:14,44
A06657,S1046,CS301,quiz,CS301-Q0702,2025-02-25 08:53:11,44
A06658,S1045,MATH150,video,MATH150-V0103,2025-02-04 10:24:22,73
A06659,S1022,DS200,lecture,DS200-L0802,2025-03-19 13:05:08,61
A06660,S1009,DS400,assignment,DS400-A0304,2025-03-11 15:31:56,74
A06661,S1021,DS400,discussion,DS400-D0801,2025-04-12 12:33:43,72
A06662,S1038,MATH150,video,MATH150-V0704,2025-02-04 02:10:18,31
A06663,S1027,CS301,discussion,CS301-D0901,2025-04-19 09:00:12,82
A06664,S1012,CS301,quiz,CS301-Q0503,2025-03-26 09:26:51,23
A06665,S1042,DS400,reading,DS400-R0403,2025-02-06 08:32:25,8
A06666,S1031,DS400,quiz,DS400-Q0204,2025-03-08 07:52:20,29
A06667,S1031,CS301,quiz,CS301-Q0903,2025-02-15 10:08:20,36
A06668,S1032,CS101,quiz,CS101-Q0505,2025-02-08 03:31:24,76
A06669,S1008,CS301,video,CS301-V0705,2025-03-06 06:26:23,3
A06670,S1044,CS301,video,CS301-V0605,2025-02-18 22:52:36,45
A06671,S1003,CS101,quiz,CS101-Q1001,2025-03-07 17:24:58,55
A06672,S1040,CS301,discussion,CS301-D0104,2025-04-03 13:00:25,66
A06673,S1010,DS200,lecture,DS200-L0801,2025-02-03 22:10:23,68
A06674,S1005,DS200,video,DS200-V0505,2025-02-03 15:45:37,19
A06675,S1014,CS301,reading,CS301-R0402,2025-04-23 13:46:00,56
A06676,S1037,DS200,reading,DS200-R1003,2025-02-11 08:30:39,71
A06677,S1001,CS101,assignment,CS101-A0705,2025-04-04 21:13:27,46
A06678,S1040,DS400,lecture,DS400-L0202,2025-03-29 10:37:41,39
A06679,S1027,MATH150,lecture,MATH150-L0401,2025-02-12 06:12:15,70
A06680,S1010,DS400,quiz,DS400-Q1001,2025-02-27 10:09:02,56
A06681,S1023,DS400,reading,DS400-R0201,2025-04-06 07:44:52,19
A06682,S1002,DS200,video,DS200-V1001,2025-03-09 13:07:17,78
A06683,S1025,CS301,assignment,CS301-A0705,2025-02-26 12:20:27,20
A06684,S1014,DS400,reading,DS400-R0405,2025-04-08 11:20:19,27
A06685,S1047,CS301,reading,CS301-R0502,2025-03-25 07:41:05,65
A06686,S1020,CS301,video,CS301-V0804,2025-02-25 07:14:41,40
A06687,S1041,DS400,assignment,DS400-A0601,2025-04-14 05:51:36,32
A06688,S1001,DS200,quiz,DS200-Q0802,2025-04-09 06:15:31,11
A06689,S1030,DS400,video,DS400-V0204,2025-02-17 05:59:09,46
A06690,S1003,MATH150,reading,MATH150-R0402,2025-03-15 02:07:32,57
A06691,S1040,DS400,video,DS400-V0503,2025-04-08 11:07:33,90
A06692,S1033,DS200,assignment,DS200-A0802,2025-03-12 04:21:06,72
A06693,S1046,CS301,assignment,CS301-A0805,2025-04-28 19:14:54,31
A06694,S1047,DS400,assignment,DS400-A0905,2025-04-23 15:53:32,35
A06695,S1039,CS101,video,CS101-V0904,2025-03-16 19:53:35,22
A06696,S1033,CS301,quiz,CS301-Q0504,2025-04-19 10:09:12,69
A06697,S1025,DS400,lecture,DS400-L0103,2025-02-03 14:53:47,57
A06698,S1025,DS200,discussion,DS200-D0705,2025-04-19 23:57:33,49
A06699,S1021,DS200,assignment,DS200-A0501,2025-04-15 01:46:08,41
A06700,S1032,DS200,lecture,DS200-L0901,2025-02-15 12:50:23,3
A06701,S1019,CS101,reading,CS101-R0201,2025-03-18 13:15:04,14
A06702,S1037,CS101,video,CS101-V1003,2025-02-26 01:57:29,89
A06703,S1016,CS301,lecture,CS301-L0304,2025-03-09 06:04:09,57
A06704,S1034,CS101,reading,CS101-R1004,2025-02-23 10:15:49,46
A06705,S1021,CS101,lecture,CS101-L1002,2025-03-09 19:09:41,27
A06706,S1005,CS101,lecture,CS101-L0203,2025-03-23 12:00:30,39
A06707,S1024,CS301,quiz,CS301-Q0401,2025-04-21 18:26:59,29
A06708,S1031,CS101,assignment,CS101-A0101,2025-04-07 08:20:49,89
A06709,S1030,MATH150,discussion,MATH150-D0401,2025-04-30 18:10:19,58
A06710,S1024,CS301,lecture,CS301-L0802,2025-02-02 12:47:53,24
A06711,S1007,CS301,video,CS301-V0802,2025-02-24 18:57:28,77
A06712,S1031,CS101,lecture,CS101-L0101,2025-04-07 00:04:09,38
A06713,S1037,DS200,quiz,DS200-Q0301,2025-04-23 04:10:32,71
A06714,S1040,DS200,video,DS200-V0501,2025-02-01 21:07:35,54
A06715,S1005,DS200,discussion,DS200-D0703,2025-02-28 01:53:36,89
A06716,S1038,CS301,quiz,CS301-Q0102,2025-05-01 18:18:40,84
A06717,S1021,CS101,reading,CS101-R0403,2025-03-26 13:00:29,6
A06718,S1018,CS301,lecture,CS301-L0205,2025-04-11 22:11:19,4
A06719,S1003,MATH150,reading,MATH150-R0101,2025-04-29 16:31:39,41
A06720,S1048,DS200,lecture,DS200-L0205,2025-03-05 17:10:10,79
A06721,S1041,CS301,lecture,CS301-L0304,2025-03-13 07:31:14,77
A06722,S1050,DS200,assignment,DS200-A0504,2025-03-20 22:26:23,78
A06723,S1028,CS301,lecture,CS301-L0603,2025-05-01 11:49:42,65
A06724,S1022,CS301,video,CS301-V0604,2025-03-07 20:20:20,2
A06725,S1018,DS200,video,DS200-V0504,2025-04-26 20:19:18,34
A06726,S1049,CS101,quiz,CS101-Q1003,2025-04-07 05:39:08,89
A06727,S1033,CS301,lecture,CS301-L0803,2025-04-25 15:56:20,34
A06728,S1007,DS400,video,DS400-V0804,2025-02-12 11:46:35,15
A06729,S1020,DS400,discussion,DS400-D0204,2025-02-07 06:17:19,48
A06730,S1036,CS101,lecture,CS101-L1004,2025-04-08 00:51:06,43
A06731,S1023,CS301,lecture,CS301-L0902,2025-03-12 20:28:23,63
A06732,S1048,DS400,quiz,DS400-Q0601,2025-02-27 08:57:06,35
A06733,S1047,MATH150,lecture,MATH150-L0503,2025-04-15 08:37:40,18
A06734,S1040,MATH150,video,MATH150-V0704,2025-04-19 16:01:41,81
A06735,S1002,DS400,discussion,DS400-D0103,2025-04-25 05:01:22,6
A06736,S1005,MATH150,lecture,MATH150-L0404,2025-04-07 19:59:55,66
A06737,S1043,CS301,video,CS301-V0705,2025-02-26 08:16:58,80
A06738,S1029,CS101,reading,CS101-R0303,2025-02-07 23:11:11,53
A06739,S1047,DS400,assignment,DS400-A0901,2025-03-02 11:53:22,20
A06740,S1001,CS301,quiz,CS301-Q0901,2025-03-16 12:11:32,84
A06741,S1001,CS101,quiz,CS101-Q0901,2025-04-30 09:58:40,34
A06742,S1015,CS301,reading,CS301-R1004,2025-02-16 20:08:52,86
A06743,S1015,DS400,assignment,DS400-A0804,2025-03-13 18:53:46,14
A06744,S1044,CS101,reading,CS101-R0501,2025-04-26 21:47:42,59
A06745,S1006,MATH150,lecture,MATH150-L0104,2025-03-15 20:32:10,2
A06746,S1006,CS301,reading,CS301-R0205,2025-04-28 08:49:13,1
A06747,S1001,CS301,quiz,CS301-Q0903,2025-02-19 06:04:15,65
A06748,S1019,MATH150,reading,MATH150-R0804,2025-02-11 20:06:30,68
A06749,S1041,CS301,quiz,CS301-Q0801,2025-03-15 22:58:50,55
A06750,S1032,DS200,assignment,DS200-A0205,2025-04-13 08:55:31,21
A06751,S1012,DS400,video,DS400-V0505,2025-04-26 18:30:19,16
A06752,S1017,DS200,lecture,DS200-L1002,2025-02-12 14:58:47,47
A06753,S1011,CS301,video,CS301-V0605,2025-03-20 23:42:08,69
A06754,S1015,DS200,quiz,DS200-Q0803,2025-04-19 02:26:50,89
A06755,S1004,DS400,assignment,DS400-A1001,2025-02-18 10:24:03,88
A06756,S1050,CS101,reading,CS101-R1005,2025-04-21 08:39:15,35
A06757,S1019,CS301,assignment,CS301-A0705,2025-04-14 04:28:05,69
A06758,S1035,CS101,lecture,CS101-L0302,2025-03-07 02:24:26,52
A06759,S1009,CS101,discussion,CS101-D0404,2025-02-11 04:42:24,2
A06760,S1036,DS400,lecture,DS400-L0303,2025-03-21 12:46:48,85
A06761,S1003,CS101,quiz,CS101-Q0301,2025-04-14 06:07:21,84
A06762,S1026,DS200,quiz,DS200-Q0102,2025-04-30 09:38:21,48
A06763,S1022,DS400,reading,DS400-R1001,2025-03-04 18:00:42,16
A06764,S1026,CS301,quiz,CS301-Q0204,2025-04-11 08:21:06,53
A06765,S1010,DS400,quiz,DS400-Q0605,2025-04-26 08:03:34,51
A06766,S1048,DS200,quiz,DS200-Q0102,2025-04-18 15:44:06,47
A06767,S1016,CS301,discussion,CS301-D0802,2025-05-02 18:57:44,19
A06768,S1004,DS400,video,DS400-V0303,2025-04-27 15:22:36,36
A06769,S1024,CS101,discussion,CS101-D0104,2025-04-02 12:41:05,35
A06770,S1002,DS400,quiz,DS400-Q0904,2025-04-22 10:13:14,27
A06771,S1042,DS400,quiz,DS400-Q0205,2025-05-01 16:29:18,26
A06772,S1041,MATH150,lecture,MATH150-L0101,2025-04-04 23:35:08,1
A06773,S1028,CS301,reading,CS301-R0903,2025-03-23 21:36:05,37
A06774,S1016,DS400,video,DS400-V0101,2025-02-28 17:34:27,56
A06775,S1004,DS200,assignment,DS200-A0604,2025-02-01 23:58:56,69
A06776,S1039,CS301,lecture,CS301-L0703,2025-03-28 18:00:45,88
A06777,S1016,CS301,reading,CS301-R1001,2025-03-01 12:09:24,37
A06778,S1030,DS400,lecture,DS400-L0605,2025-04-22 15:00:30,32
A06779,S1004,MATH150,quiz,MATH150-Q0102,2025-03-21 07:23:02,84
A06780,S1034,DS400,lecture,DS400-L0304,2025-03-15 04:18:09,34
A06781,S1024,CS101,video,CS101-V0101,2025-03-05 00:04:29,81
A06782,S1004,CS101,discussion,CS101-D0903,2025-05-01 18:19:40,63
A06783,S1022,MATH150,quiz,MATH150-Q0405,2025-03-23 04:31:04,1
A06784,S1035,MATH150,video,MATH150-V0803,2025-02-04 05:41:32,49
A06785,S1011,DS400,video,DS400-V0903,2025-04-18 23:54:39,1
A06786,S1029,DS200,reading,DS200-R0602,2025-02-19 17:10:27,2
A06787,S1024,DS200,discussion,DS200-D0601,2025-03-04 21:39:15,48
A06788,S1004,CS101,video,CS101-V0602,2025-02-26 10:12:24,60
A06789,S1006,CS101,quiz,CS101-Q0905,2025-03-19 21:23:12,87
A06790,S1049,MATH150,lecture,MATH150-L0601,2025-02-22 02:12:58,80
A06791,S1048,CS101,discussion,CS101-D0501,2025-03-23 16:01:37,4
A06792,S1023,CS101,reading,CS101-R0202,2025-02-04 00:20:32,1
A06793,S1032,MATH150,assignment,MATH150-A0103,2025-04-14 05:32:40,48
A06794,S1005,MATH150,quiz,MATH150-Q1005,2025-05-01 15:09:53,28
A06795,S1014,DS200,quiz,DS200-Q0705,2025-02-15 23:43:49,49
A06796,S1036,DS400,discussion,DS400-D0504,2025-02-23 19:50:16,66
A06797,S1030,DS400,video,DS400-V0105,2025-02-16 12:26:24,87
A06798,S1024,DS200,video,DS200-V1001,2025-03-10 07:50:35,7
A06799,S1024,CS301,video,CS301-V0701,2025-03-16 11:43:31,11
A06800,S1010,MATH150,lecture,MATH150-L0404,2025-02-21 19:02:13,79
A06801,S1020,DS400,lecture,DS400-L0303,2025-03-25 20:02:13,9
A06802,S1037,DS200,quiz,DS200-Q0705,2025-03-01 18:04:03,25
A06803,S1028,MATH150,video,MATH150-V0703,2025-04-08 16:45:16,89
A06804,S1013,CS101,assignment,CS101-A0503,2025-04-10 03:41:40,77
A06805,S1018,MATH150,quiz,MATH150-Q0901,2025-03-09 14:48:01,5
A06806,S1049,DS400,discussion,DS400-D0601,2025-05-01 19:42:08,38
A06807,S1025,DS200,assignment,DS200-A0205,2025-03-17 08:15:00,80
A06808,S1036,DS400,quiz,DS400-Q0702,2025-02-25 03:49:28,87
A06809,S1049,CS101,video,CS101-V0401,2025-03-01 04:08:53,20
A06810,S1014,DS200,video,DS200-V0905,2025-04-04 04:05:20,31
A06811,S1007,DS400,quiz,DS400-Q0102,2025-03-05 08:49:21,4
A06812,S1040,DS200,quiz,DS200-Q0103,2025-02-02 10:21:55,4
A06813,S1050,MATH150,video,MATH150-V0904,2025-03-10 17:18:16,55
A06814,S1033,MATH150,quiz,MATH150-Q0104,2025-04-06 04:56:05,20
A06815,S1025,CS101,assignment,CS101-A0304,2025-03-04 09:42:46,62
A06816,S1047,DS400,discussion,DS400-D0704,2025-02-21 12:52:17,53
A06817,S1033,CS101,reading,CS101-R0404,2025-02-20 15:53:16,68
A06818,S1004,DS400,discussion,DS400-D0302,2025-02-20 07:26:29,6
A06819,S1037,CS301,lecture,CS301-L0205,2025-04-20 06:24:07,75
A06820,S1035,DS200,reading,DS200-R0804,2025-02-06 18:18:35,81
A06821,S1044,CS301,reading,CS301-R0205,2025-04-10 02:19:32,51
A06822,S1009,CS101,lecture,CS101-L1005,2025-04-06 23:22:08,81
A06823,S1042,CS301,video,CS301-V0704,2025-03-25 01:51:38,88
A06824,S1012,DS400,assignment,DS400-A0204,2025-03-26 17:34:10,74
A06825,S1025,CS101,lecture,CS101-L0704,2025-04-25 17:46:11,65
A06826,S1044,DS400,lecture,DS400-L0304,2025-03-30 23:02:58,7
A06827,S1020,DS200,reading,DS200-R0305,2025-04-08 02:45:47,35
A06828,S1025,MATH150,discussion,MATH150-D0104,2025-03-26 21:02:17,10
A06829,S1044,CS301,discussion,CS301-D0302,2025-04-04 03:57:06,37
A06830,S1007,DS400,discussion,DS400-D0805,2025-03-16 20:52:39,2
A06831,S1014,CS101,lecture,CS101-L0901,2025-03-25 10:38:50,28
A06832,S1017,DS400,assignment,DS400-A0105,2025-03-26 21:21:25,45
A06833,S1047,MATH150,reading,MATH150-R0904,2025-03-27 08:48:10,74
A06834,S1003,MATH150,discussion,MATH150-D0402,2025-02-26 15:04:00,54
A06835,S1021,DS400,quiz,DS400-Q0802,2025-03-11 10:26:38,8
A06836,S1012,CS101,video,CS101-V0205,2025-04-09 15:28:58,4
A06837,S1028,CS301,assignment,CS301-A0703,2025-02-07 07:40:37,41
A06838,S1041,DS400,discussion,DS400-D0803,2025-02-23 11:33:08,82
A06839,S1002,DS400,quiz,DS400-Q0901,2025-04-24 14:36:40,90
A06840,S1014,CS301,discussion,CS301-D0303,2025-04-11 10:06:54,31
A06841,S1029,CS101,video,CS101-V0705,2025-03-25 02:05:47,64
A06842,S1002,MATH150,lecture,MATH150-L0603,2025-03-21 02:48:42,70
A06843,S1041,CS101,video,CS101-V0802,2025-04-12 05:36:38,10
A06844,S1019,DS200,lecture,DS200-L0803,2025-03-11 12:19:34,18
A06845,S1018,CS301,discussion,CS301-D1003,2025-04-13 00:43:19,33
A06846,S1016,DS200,lecture,DS200-L0805,2025-02-17 07:32:19,58
A06847,S1015,CS101,reading,CS101-R1004,2025-03-13 12:48:18,56
A06848,S1009,CS101,discussion,CS101-D0501,2025-05-02 08:22:48,57
A06849,S1034,MATH150,assignment,MATH150-A0703,2025-04-29 22:48:21,2
A06850,S1049,CS101,reading,CS101-R0804,2025-03-02 10:42:00,53
A06851,S1025,DS200,lecture,DS200-L1005,2025-04-10 15:18:58,63
A06852,S1033,MATH150,quiz,MATH150-Q0602,2025-03-04 13:28:53,44
A06853,S1043,MATH150,video,MATH150-V0503,2025-03-28 10:59:06,55
A06854,S1026,CS301,video,CS301-V1002,2025-03-29 11:04:21,78
A06855,S1004,CS301,video,CS301-V0304,2025-03-19 17:10:56,79
A06856,S1018,CS101,quiz,CS101-Q0101,2025-03-04 09:36:33,34
A06857,S1007,DS200,discussion,DS200-D0304,2025-04-12 12:17:06,30
A06858,S1036,CS301,assignment,CS301-A0905,2025-02-23 02:22:23,31
A06859,S1040,DS200,video,DS200-V0905,2025-03-24 19:39:05,50
A06860,S1009,DS200,reading,DS200-R0504,2025-04-05 21:37:57,65
A06861,S1048,CS301,video,CS301-V1004,2025-04-29 14:47:29,56
A06862,S1006,CS101,video,CS101-V0604,2025-03-10 01:54:16,64
A06863,S1018,DS400,lecture,DS400-L0903,2025-02-21 08:45:22,63
A06864,S1042,CS101,assignment,CS101-A0505,2025-02-17 11:55:23,53
A06865,S1010,CS301,video,CS301-V0601,2025-04-05 17:46:23,52
A06866,S1003,CS101,assignment,CS101-A0202,2025-04-22 16:08:38,55
A06867,S1027,MATH150,quiz,MATH150-Q0105,2025-04-20 11:36:30,56
A06868,S1005,MATH150,discussion,MATH150-D0105,2025-04-30 22:33:44,11
A06869,S1001,CS101,discussion,CS101-D0204,2025-03-11 22:52:57,46
A06870,S1043,DS400,reading,DS400-R0503,2025-03-04 01:33:56,32
A06871,S1003,CS101,lecture,CS101-L0805,2025-04-27 06:30:47,35
A06872,S1026,DS200,assignment,DS200-A0803,2025-04-26 13:59:12,84
A06873,S1045,DS200,lecture,DS200-L0602,2025-04-22 14:47:48,17
A06874,S1022,DS400,discussion,DS400-D0904,2025-04-09 12:37:45,26
A06875,S1004,CS301,video,CS301-V0301,2025-03-13 20:10:38,51
A06876,S1024,CS301,discussion,CS301-D0201,2025-04-15 15:20:58,58
A06877,S1004,DS400,assignment,DS400-A0701,2025-04-26 19:25:40,16
A06878,S1032,CS101,video,CS101-V0501,2025-04-04 22:40:23,19
A06879,S1023,CS101,lecture,CS101-L0703,2025-02-18 23:22:12,19
A06880,S1030,CS301,reading,CS301-R0403,2025-04-23 15:44:22,74
A06881,S1042,MATH150,assignment,MATH150-A0703,2025-02-15 11:29:42,56
A06882,S1044,MATH150,lecture,MATH150-L0602,2025-03-01 11:44:14,64
A06883,S1032,MATH150,lecture,MATH150-L0204,2025-02-03 07:35:02,21
A06884,S1033,MATH150,assignment,MATH150-A1003,2025-02-20 12:53:27,71
A06885,S1035,CS301,reading,CS301-R0605,2025-04-04 22:38:17,72
A06886,S1032,MATH150,discussion,MATH150-D0301,2025-02-27 03:32:13,9
A06887,S1044,MATH150,reading,MATH150-R0305,2025-04-14 12:01:11,22
A06888,S1049,DS200,lecture,DS200-L0204,2025-05-02 13:08:35,36
A06889,S1047,DS200,lecture,DS200-L0402,2025-04-01 10:14:23,64
A06890,S1030,MATH150,reading,MATH150-R0502,2025-02-23 23:58:26,19
A06891,S1038,MATH150,reading,MATH150-R0805,2025-03-15 11:36:21,64
A06892,S1045,MATH150,assignment,MATH150-A0103,2025-04-26 01:20:25,61
A06893,S1030,DS200,reading,DS200-R0703,2025-05-01 13:33:37,80
A06894,S1031,DS200,assignment,DS200-A0902,2025-04-07 02:19:25,38
A06895,S1007,DS400,lecture,DS400-L0704,2025-04-03 19:50:59,85
A06896,S1005,CS101,lecture,CS101-L1005,2025-03-16 19:32:30,72
A06897,S1019,MATH150,video,MATH150-V1005,2025-02-17 21:30:16,75
A06898,S1037,DS200,lecture,DS200-L0703,2025-02-14 14:29:27,16
A06899,S1009,DS400,video,DS400-V0703,2025-03-22 23:48:20,45
A06900,S1039,CS301,lecture,CS301-L0303,2025-03-23 22:38:08,76
A06901,S1005,CS101,reading,CS101-R0604,2025-03-28 14:34:00,74
A06902,S1037,CS101,reading,CS101-R0903,2025-02-24 01:35:23,34
A06903,S1044,MATH150,quiz,MATH150-Q0601,2025-04-06 01:03:52,19
A06904,S1050,DS200,reading,DS200-R0403,2025-02-28 14:15:53,8
A06905,S1046,CS301,assignment,CS301-A0105,2025-04-17 20:13:03,3
A06906,S1027,DS200,lecture,DS200-L0405,2025-03-05 19:02:08,79
A06907,S1042,MATH150,video,MATH150-V0604,2025-03-26 06:55:42,84
A06908,S1018,MATH150,discussion,MATH150-D0104,2025-02-22 04:33:46,89
A06909,S1047,CS101,video,CS101-V0902,2025-02-08 23:47:00,82
A06910,S1007,CS101,video,CS101-V0703,2025-04-04 18:08:44,20
A06911,S1007,DS400,lecture,DS400-L0603,2025-02-27 08:46:17,64
A06912,S1036,DS400,discussion,DS400-D0404,2025-04-04 14:05:25,59
A06913,S1004,CS301,lecture,CS301-L0601,2025-03-16 23:24:01,4
A06914,S1040,MATH150,assignment,MATH150-A0104,2025-02-14 12:11:11,50
A06915,S1043,DS200,video,DS200-V0804,2025-02-19 06:44:14,33
A06916,S1046,DS200,video,DS200-V0703,2025-03-17 20:30:04,20
A06917,S1001,CS301,discussion,CS301-D0901,2025-02-26 15:53:51,63
A06918,S1003,CS301,discussion,CS301-D1002,2025-03-16 16:21:53,78
A06919,S1034,CS301,quiz,CS301-Q0602,2025-04-10 20:54:11,84
A06920,S1013,DS400,discussion,DS400-D1004,2025-04-24 00:29:13,25
A06921,S1025,DS400,lecture,DS400-L0903,2025-03-09 00:19:37,36
A06922,S1018,CS101,assignment,CS101-A1005,2025-04-08 06:35:34,29
A06923,S1033,MATH150,quiz,MATH150-Q1002,2025-03-25 01:38:31,22
A06924,S1026,DS200,assignment,DS200-A1001,2025-02-11 15:21:39,54
A06925,S1023,CS101,reading,CS101-R1005,2025-03-04 07:48:00,22
A06926,S1031,MATH150,quiz,MATH150-Q0904,2025-02-11 11:16:56,47
A06927,S1042,MATH150,assignment,MATH150-A0402,2025-02-21 18:05:40,10
A06928,S1042,CS301,discussion,CS301-D0401,2025-04-19 20:42:00,86
A06929,S1014,MATH150,quiz,MATH150-Q0604,2025-04-28 07:08:42,9
A06930,S1040,CS301,assignment,CS301-A0204,2025-03-10 17:07:52,47
A06931,S1041,CS101,video,CS101-V0201,2025-04-20 17:11:16,3
A06932,S1003,DS200,quiz,DS200-Q0904,2025-03-03 17:54:00,85
A06933,S1040,DS400,reading,DS400-R0904,2025-02-07 08:20:58,1
A06934,S1023,CS101,assignment,CS101-A0303,2025-02-23 22:35:02,66
A06935,S1042,CS101,assignment,CS101-A0702,2025-02-11 03:34:55,79
A06936,S1045,CS101,reading,CS101-R0404,2025-04-23 21:52:56,50
A06937,S1039,DS200,video,DS200-V0904,2025-04-04 09:32:47,74
A06938,S1044,DS200,assignment,DS200-A0803,2025-04-08 11:00:30,50
A06939,S1050,DS200,video,DS200-V0705,2025-04-08 12:52:30,79
A06940,S1031,MATH150,video,MATH150-V0201,2025-04-15 09:14:11,45
A06941,S1011,MATH150,video,MATH150-V0904,2025-02-14 21:09:46,85
A06942,S1002,CS301,reading,CS301-R0805,2025-02-20 14:13:03,13
A06943,S1020,MATH150,reading,MATH150-R1003,2025-04-21 10:31:36,15
A06944,S1038,DS400,quiz,DS400-Q0503,2025-04-08 18:01:12,74
A06945,S1049,CS301,video,CS301-V0502,2025-03-27 13:11:30,36
A06946,S1001,DS400,assignment,DS400-A0304,2025-03-17 05:56:30,86
A06947,S1005,MATH150,quiz,MATH150-Q0404,2025-03-25 03:07:14,43
A06948,S1001,CS301,lecture,CS301-L0601,2025-04-29 20:03:21,70
A06949,S1010,MATH150,lecture,MATH150-L0201,2025-02-20 11:07:57,12
A06950,S1042,DS400,quiz,DS400-Q0802,2025-02-03 17:03:43,62
A06951,S1023,DS400,lecture,DS400-L0503,2025-04-23 07:52:12,48
A06952,S1027,CS301,lecture,CS301-L1004,2025-04-21 03:05:18,52
A06953,S1047,CS301,assignment,CS301-A0701,2025-02-10 19:52:15,43
A06954,S1004,MATH150,video,MATH150-V0501,2025-04-17 12:07:41,11
A06955,S1001,DS200,quiz,DS200-Q0603,2025-03-17 21:53:40,49
A06956,S1045,MATH150,quiz,MATH150-Q0604,2025-04-24 19:57:16,83
A06957,S1050,CS301,reading,CS301-R0802,2025-04-13 06:34:18,18
A06958,S1038,CS301,quiz,CS301-Q0501,2025-04-17 02:22:22,8
A06959,S1022,CS101,quiz,CS101-Q0903,2025-04-02 12:21:59,3
A06960,S1049,DS200,video,DS200-V0401,2025-04-02 06:53:25,39
A06961,S1028,DS200,lecture,DS200-L0504,2025-04-04 16:00:11,3
A06962,S1027,CS101,quiz,CS101-Q0602,2025-04-25 09:01:11,60
A06963,S1015,CS101,reading,CS101-R0403,2025-02-17 21:12:23,70
A06964,S1039,CS101,quiz,CS101-Q0901,2025-04-04 12:27:18,54
A06965,S1010,DS400,video,DS400-V0105,2025-04-20 20:15:05,84
A06966,S1025,CS101,reading,CS101-R0104,2025-02-12 16:51:47,7
A06967,S1028,CS301,lecture,CS301-L0705,2025-02-07 04:06:39,29
A06968,S1028,CS301,lecture,CS301-L0605,2025-02-07 13:28:57,35
A06969,S1008,CS101,quiz,CS101-Q1004,2025-03-16 21:20:31,78
A06970,S1028,DS200,lecture,DS200-L1005,2025-03-01 13:14:39,53
A06971,S1029,CS101,discussion,CS101-D1004,2025-04-08 05:21:41,7
A06972,S1036,CS301,reading,CS301-R1004,2025-04-23 04:54:03,9
A06973,S1010,DS200,discussion,DS200-D0902,2025-02-03 15:47:53,66
A06974,S1043,CS301,discussion,CS301-D0903,2025-04-12 00:21:16,61
A06975,S1029,DS400,discussion,DS400-D0905,2025-02-16 17:44:44,33
A06976,S1050,DS200,quiz,DS200-Q0605,2025-03-13 00:36:28,68
A06977,S1048,CS301,discussion,CS301-D0702,2025-03-17 06:29:29,33
A06978,S1033,DS200,assignment,DS200-A0401,2025-04-27 14:29:04,5
A06979,S1037,CS301,lecture,CS301-L0603,2025-03-21 06:20:37,43
A06980,S1038,MATH150,lecture,MATH150-L0202,2025-04-25 14:17:22,28
A06981,S1025,CS301,video,CS301-V0201,2025-04-23 23:17:31,42
A06982,S1025,CS301,assignment,CS301-A0901,2025-02-28 18:26:12,3
A06983,S1035,DS200,discussion,DS200-D0303,2025-04-15 22:00:07,52
A06984,S1020,DS400,assignment,DS400-A0202,2025-03-17 12:03:27,11
A06985,S1027,MATH150,lecture,MATH150-L1003,2025-04-07 22:23:24,82
A06986,S1011,DS200,assignment,DS200-A0203,2025-04-30 20:48:03,73
A06987,S1027,DS200,quiz,DS200-Q0901,2025-04-20 04:27:17,29
A06988,S1008,DS400,lecture,DS400-L0601,2025-03-23 15:30:14,10
A06989,S1046,DS200,quiz,DS200-Q1001,2025-02-04 10:17:11,36
A06990,S1029,DS400,lecture,DS400-L0504,2025-04-14 02:28:35,40
A06991,S1019,DS400,reading,DS400-R0103,2025-04-09 02:55:31,70
A06992,S1005,MATH150,lecture,MATH150-L1002,2025-04-02 16:50:21,33
A06993,S1010,CS301,discussion,CS301-D1001,2025-04-26 21:23:28,81
A06994,S1005,DS400,assignment,DS400-A0304,2025-04-19 12:50:30,69
A06995,S1039,CS101,lecture,CS101-L1005,2025-04-24 19:19:56,55
A06996,S1044,CS101,assignment,CS101-A0705,2025-02-08 22:07:49,38
A06997,S1020,CS101,quiz,CS101-Q0704,2025-02-11 04:39:41,14
A06998,S1031,CS301,assignment,CS301-A0305,2025-02-28 21:25:32,21
A06999,S1001,CS301,quiz,CS301-Q0105,2025-02-04 18:21:45,44
A07000,S1048,DS400,assignment,DS400-A0605,2025-02-16 18:47:09,36
A07001,S1044,CS101,reading,CS101-R1004,2025-03-20 21:57:22,88
A07002,S1038,MATH150,assignment,MATH150-A0802,2025-03-01 12:43:28,1
A07003,S1003,DS200,lecture,DS200-L0401,2025-03-09 08:36:09,9
A07004,S1048,DS400,quiz,DS400-Q0204,2025-03-07 14:46:25,76
A07005,S1036,DS400,quiz,DS400-Q0302,2025-04-09 12:01:34,40
A07006,S1040,MATH150,assignment,MATH150-A0804,2025-02-27 12:00:59,83
A07007,S1007,DS400,reading,DS400-R1003,2025-04-26 17:49:49,65
A07008,S1014,DS200,reading,DS200-R0205,2025-03-29 11:09:15,5
A07009,S1006,CS101,video,CS101-V0702,2025-02-22 11:30:29,34
A07010,S1040,DS200,video,DS200-V0804,2025-04-10 13:53:18,61
A07011,S1004,DS400,reading,DS400-R1003,2025-04-25 10:20:49,87
A07012,S1011,CS301,discussion,CS301-D0302,2025-04-02 18:38:34,85
A07013,S1048,MATH150,assignment,MATH150-A0603,2025-02-21 03:28:47,89
A07014,S1018,MATH150,discussion,MATH150-D0301,2025-02-25 06:35:36,67
A07015,S1041,CS101,lecture,CS101-L0203,2025-04-05 18:46:02,44
A07016,S1031,CS301,discussion,CS301-D0501,2025-04-08 03:15:57,48
A07017,S1007,DS200,discussion,DS200-D0903,2025-03-09 15:23:14,32
A07018,S1011,DS200,quiz,DS200-Q0601,2025-03-22 19:53:25,28
A07019,S1040,CS301,video,CS301-V0204,2025-03-04 21:41:09,22
A07020,S1021,DS200,assignment,DS200-A0402,2025-02-28 22:29:00,31
A07021,S1017,DS200,lecture,DS200-L0405,2025-03-07 19:10:05,62
A07022,S1037,CS301,reading,CS301-R0702,2025-03-27 10:29:52,1
A07023,S1032,DS200,video,DS200-V0601,2025-02-03 01:37:24,54
A07024,S1046,MATH150,assignment,MATH150-A0603,2025-04-12 19:39:08,67
A07025,S1003,MATH150,discussion,MATH150-D0305,2025-04-29 12:10:19,38
A07026,S1003,CS301,assignment,CS301-A0902,2025-03-24 07:11:46,49
A07027,S1012,MATH150,assignment,MATH150-A0605,2025-03-16 15:47:49,24
A07028,S1037,DS200,assignment,DS200-A0801,2025-04-17 06:11:25,55
A07029,S1049,DS200,assignment,DS200-A0605,2025-03-18 19:52:15,28
A07030,S1025,CS101,discussion,CS101-D0103,2025-03-08 01:17:07,69
A07031,S1009,DS200,quiz,DS200-Q0302,2025-04-11 11:43:57,86
A07032,S1006,CS301,quiz,CS301-Q0601,2025-02-08 00:55:44,11
A07033,S1024,DS200,video,DS200-V0801,2025-04-18 03:49:48,28
A07034,S1020,CS101,reading,CS101-R0804,2025-05-02 16:02:11,44
A07035,S1049,CS301,assignment,CS301-A0905,2025-04-10 12:06:29,87
A07036,S1027,DS200,assignment,DS200-A0801,2025-02-24 19:42:25,57
A07037,S1038,DS400,discussion,DS400-D0801,2025-03-24 20:17:46,4
A07038,S1045,MATH150,video,MATH150-V0902,2025-03-26 06:20:29,75
A07039,S1036,CS101,video,CS101-V0302,2025-04-06 20:25:24,79
A07040,S1025,MATH150,quiz,MATH150-Q0602,2025-04-16 14:36:40,83
A07041,S1032,CS301,reading,CS301-R0503,2025-02-12 22:02:05,21
A07042,S1041,MATH150,quiz,MATH150-Q0302,2025-02-16 17:53:18,2
A07043,S1035,DS200,reading,DS200-R0703,2025-04-08 13:32:04,35
A07044,S1009,DS400,discussion,DS400-D0701,2025-02-22 05:33:35,67
A07045,S1004,CS301,lecture,CS301-L0904,2025-02-06 04:18:09,56
A07046,S1037,DS400,assignment,DS400-A0405,2025-04-01 00:17:17,34
A07047,S1022,CS101,lecture,CS101-L0705,2025-02-21 06:12:57,67
A07048,S1047,DS200,discussion,DS200-D0301,2025-03-10 21:01:54,19
A07049,S1038,DS400,assignment,DS400-A0701,2025-03-03 14:15:27,89
A07050,S1012,CS301,discussion,CS301-D0604,2025-04-20 01:23:32,14
A07051,S1049,CS101,video,CS101-V0702,2025-04-04 10:11:58,2
A07052,S1024,CS301,discussion,CS301-D0604,2025-05-01 12:10:22,23
A07053,S1021,CS101,assignment,CS101-A1004,2025-04-02 10:29:11,39
A07054,S1005,DS200,video,DS200-V0602,2025-03-26 23:47:56,68
A07055,S1035,DS400,discussion,DS400-D0105,2025-04-29 05:48:17,66
A07056,S1049,DS400,quiz,DS400-Q0105,2025-02-08 12:45:04,12
A07057,S1001,CS301,lecture,CS301-L0505,2025-04-15 03:51:27,23
A07058,S1014,CS301,lecture,CS301-L0404,2025-03-23 12:25:52,4
A07059,S1033,MATH150,discussion,MATH150-D0903,2025-02-27 05:15:54,35
A07060,S1014,CS301,video,CS301-V0202,2025-02-18 17:52:34,56
A07061,S1046,CS301,quiz,CS301-Q0702,2025-04-26 18:10:12,72
A07062,S1015,CS101,assignment,CS101-A1001,2025-04-09 06:38:30,65
A07063,S1004,MATH150,video,MATH150-V0903,2025-04-10 16:22:54,31
A07064,S1003,DS400,quiz,DS400-Q1004,2025-03-05 20:35:59,49
A07065,S1033,MATH150,video,MATH150-V0205,2025-02-13 16:06:33,72
A07066,S1049,CS101,lecture,CS101-L0904,2025-02-28 23:40:48,60
A07067,S1011,DS400,lecture,DS400-L0401,2025-02-13 19:38:08,21
A07068,S1025,MATH150,discussion,MATH150-D0803,2025-03-11 12:12:43,1
A07069,S1014,CS101,video,CS101-V0401,2025-02-14 18:40:39,10
A07070,S1032,DS400,lecture,DS400-L0801,2025-03-03 19:35:46,23
A07071,S1046,DS200,video,DS200-V0803,2025-03-24 22:19:16,70
A07072,S1036,CS101,lecture,CS101-L0903,2025-04-02 04:44:10,22
A07073,S1002,CS301,video,CS301-V0103,2025-02-13 04:02:14,49
A07074,S1023,DS200,quiz,DS200-Q0304,2025-02-10 13:18:52,71
A07075,S1037,CS101,lecture,CS101-L1003,2025-02-23 17:47:18,13
A07076,S1003,CS101,lecture,CS101-L0805,2025-04-06 20:04:02,24
A07077,S1049,MATH150,lecture,MATH150-L0404,2025-04-27 02:12:36,82
A07078,S1011,DS200,video,DS200-V0901,2025-02-09 04:03:53,28
A07079,S1043,CS301,lecture,CS301-L0301,2025-04-25 10:54:04,73
A07080,S1042,DS400,lecture,DS400-L1003,2025-02-02 08:18:31,10
A07081,S1049,MATH150,quiz,MATH150-Q1004,2025-02-09 20:51:01,31
A07082,S1026,CS101,quiz,CS101-Q0802,2025-04-29 17:13:20,63
A07083,S1011,CS101,assignment,CS101-A0503,2025-02-06 14:05:29,90
A07084,S1046,DS400,discussion,DS400-D0104,2025-04-14 07:30:46,27
A07085,S1045,MATH150,video,MATH150-V0402,2025-03-09 01:25:29,4
A07086,S1008,CS301,assignment,CS301-A0304,2025-02-14 16:37:00,42
A07087,S1005,CS101,reading,CS101-R1003,2025-03-10 13:25:02,16
A07088,S1032,DS200,lecture,DS200-L0601,2025-04-21 12:40:44,44
A07089,S1007,DS200,video,DS200-V0301,2025-03-31 07:38:41,51
A07090,S1029,DS200,lecture,DS200-L1002,2025-03-02 08:38:07,1
A07091,S1031,MATH150,lecture,MATH150-L0403,2025-03-28 22:16:42,81
A07092,S1044,CS301,quiz,CS301-Q0602,2025-02-24 20:00:48,73
A07093,S1004,DS200,quiz,DS200-Q0405,2025-03-09 00:13:18,62
A07094,S1018,DS200,video,DS200-V1001,2025-03-30 23:10:01,41
A07095,S1033,CS101,assignment,CS101-A0101,2025-04-20 02:21:36,71
A07096,S1020,CS101,quiz,CS101-Q0304,2025-03-21 06:22:48,47
A07097,S1003,CS101,assignment,CS101-A0504,2025-03-24 07:29:00,31
A07098,S1042,CS101,reading,CS101-R0703,2025-02-02 09:35:59,3
A07099,S1015,DS400,reading,DS400-R0603,2025-03-23 11:20:30,87
A07100,S1047,MATH150,quiz,MATH150-Q0502,2025-02-07 13:36:00,13
A07101,S1033,CS101,assignment,CS101-A1001,2025-02-15 12:11:06,28
A07102,S1011,CS101,lecture,CS101-L0703,2025-02-12 01:58:03,77
A07103,S1034,DS400,discussion,DS400-D0104,2025-04-15 02:52:22,3
A07104,S1039,CS101,quiz,CS101-Q0601,2025-03-18 04:30:06,44
A07105,S1008,DS400,video,DS400-V0704,2025-03-19 19:28:09,82
A07106,S1023,CS101,reading,CS101-R0701,2025-04-28 20:03:01,51
A07107,S1042,DS200,assignment,DS200-A0305,2025-04-03 18:37:40,37
A07108,S1013,DS400,assignment,DS400-A0703,2025-03-15 03:11:28,69
A07109,S1048,DS400,assignment,DS400-A0802,2025-02-02 20:35:43,19
A07110,S1001,MATH150,discussion,MATH150-D0801,2025-04-29 06:13:53,4
A07111,S1015,CS301,assignment,CS301-A0602,2025-03-01 11:24:18,63
A07112,S1025,MATH150,lecture,MATH150-L0503,2025-04-19 02:33:44,19
A07113,S1047,CS301,lecture,CS301-L1004,2025-03-02 13:20:13,44
A07114,S1014,CS101,reading,CS101-R0605,2025-03-09 14:54:01,46
A07115,S1001,DS400,lecture,DS400-L0102,2025-04-03 20:34:23,80
A07116,S1002,CS301,assignment,CS301-A1003,2025-03-03 11:39:02,61
A07117,S1013,MATH150,quiz,MATH150-Q0502,2025-04-21 15:44:31,58
A07118,S1045,DS200,discussion,DS200-D0502,2025-03-13 22:53:31,81
A07119,S1006,CS101,discussion,CS101-D0105,2025-03-24 10:15:45,21
A07120,S1017,MATH150,lecture,MATH150-L0901,2025-02-27 12:21:41,56
A07121,S1043,MATH150,quiz,MATH150-Q0102,2025-04-24 01:02:15,26
A07122,S1027,CS101,quiz,CS101-Q0501,2025-03-21 15:19:55,8
A07123,S1028,CS101,video,CS101-V0303,2025-02-18 08:35:15,43
A07124,S1021,DS200,assignment,DS200-A0202,2025-02-26 14:12:00,12
A07125,S1029,CS301,video,CS301-V0305,2025-02-04 14:33:16,74
A07126,S1023,MATH150,lecture,MATH150-L0803,2025-02-27 16:31:31,87
A07127,S1003,CS101,quiz,CS101-Q0404,2025-04-02 11:47:14,5
A07128,S1023,DS400,reading,DS400-R0902,2025-03-27 15:09:44,15
A07129,S1029,DS200,discussion,DS200-D0402,2025-04-16 04:32:06,79
A07130,S1048,CS301,discussion,CS301-D0201,2025-04-16 17:48:43,70
A07131,S1011,DS400,quiz,DS400-Q0604,2025-02-12 11:07:12,18
A07132,S1004,CS301,reading,CS301-R0703,2025-04-12 20:38:02,53
A07133,S1031,CS301,reading,CS301-R0805,2025-04-22 03:43:52,46
A07134,S1025,DS200,reading,DS200-R0105,2025-02-27 06:13:33,46
A07135,S1004,CS101,assignment,CS101-A0502,2025-04-19 23:45:56,74
A07136,S1038,DS400,video,DS400-V0604,2025-04-28 13:58:05,2
A07137,S1038,DS400,video,DS400-V0904,2025-02-13 12:05:37,2
A07138,S1010,DS400,reading,DS400-R0601,2025-02-26 05:31:41,31
A07139,S1034,DS200,reading,DS200-R0602,2025-02-02 23:02:20,32
A07140,S1012,DS400,quiz,DS400-Q0605,2025-02-13 07:28:04,69
A07141,S1049,CS101,discussion,CS101-D0901,2025-04-18 12:00:57,45
A07142,S1012,DS400,video,DS400-V1001,2025-04-25 10:02:14,44
A07143,S1013,CS101,quiz,CS101-Q0802,2025-04-29 05:44:59,2
A07144,S1047,DS400,video,DS400-V0102,2025-03-28 10:30:33,68
A07145,S1019,CS101,lecture,CS101-L0704,2025-03-18 21:56:00,52
A07146,S1038,DS200,assignment,DS200-A0205,2025-04-26 20:40:30,83
A07147,S1008,CS101,reading,CS101-R0104,2025-04-28 10:09:19,13
A07148,S1038,CS301,lecture,CS301-L1003,2025-03-20 23:08:28,38
A07149,S1049,MATH150,reading,MATH150-R0501,2025-04-25 08:46:53,56
A07150,S1038,CS101,reading,CS101-R0405,2025-03-18 00:12:55,56
A07151,S1031,DS200,discussion,DS200-D0502,2025-02-13 04:15:54,89
A07152,S1041,MATH150,assignment,MATH150-A0604,2025-03-21 23:08:56,55
A07153,S1039,MATH150,discussion,MATH150-D0805,2025-02-17 17:54:21,73
A07154,S1025,DS200,assignment,DS200-A0702,2025-02-17 19:13:28,61
A07155,S1014,DS200,reading,DS200-R0404,2025-04-16 06:38:25,6
A07156,S1013,DS400,lecture,DS400-L1001,2025-03-05 13:38:37,53
A07157,S1026,MATH150,assignment,MATH150-A0203,2025-02-07 23:28:22,88
A07158,S1015,MATH150,video,MATH150-V0104,2025-03-12 10:24:43,67
A07159,S1042,DS200,video,DS200-V1005,2025-03-16 23:25:20,50
A07160,S1045,DS400,lecture,DS400-L0701,2025-03-08 06:19:25,81
A07161,S1006,DS400,lecture,DS400-L0801,2025-02-17 10:05:04,88
A07162,S1018,DS200,video,DS200-V0702,2025-03-16 17:32:50,33
A07163,S1047,DS200,quiz,DS200-Q0405,2025-02-06 06:23:13,9
A07164,S1014,CS101,discussion,CS101-D0502,2025-03-01 18:14:59,10
A07165,S1013,MATH150,assignment,MATH150-A0801,2025-04-21 00:13:43,56
A07166,S1048,DS400,video,DS400-V0701,2025-02-08 05:16:15,14
A07167,S1048,MATH150,quiz,MATH150-Q0702,2025-02-04 07:34:52,57
A07168,S1014,MATH150,quiz,MATH150-Q0904,2025-04-28 21:02:59,30
A07169,S1047,MATH150,reading,MATH150-R0203,2025-04-22 22:53:14,42
A07170,S1023,CS301,reading,CS301-R0802,2025-02-08 02:32:53,84
A07171,S1007,CS301,discussion,CS301-D0903,2025-03-31 09:26:31,23
A07172,S1026,CS301,video,CS301-V0801,2025-02-03 05:04:06,70
A07173,S1042,DS400,discussion,DS400-D0502,2025-03-27 03:45:58,25
A07174,S1003,CS101,reading,CS101-R0903,2025-03-19 21:14:42,65
A07175,S1048,CS101,quiz,CS101-Q0604,2025-02-02 19:41:58,67
A07176,S1034,CS101,assignment,CS101-A0501,2025-03-23 05:14:47,88
A07177,S1040,CS101,assignment,CS101-A0303,2025-03-01 11:28:08,52
A07178,S1046,DS200,discussion,DS200-D0902,2025-03-15 20:05:42,9
A07179,S1030,DS200,reading,DS200-R0701,2025-04-21 15:55:05,70
A07180,S1030,DS200,quiz,DS200-Q0401,2025-02-27 07:12:53,73
A07181,S1013,CS101,discussion,CS101-D0202,2025-03-17 16:49:03,18
A07182,S1049,DS200,discussion,DS200-D0405,2025-04-15 03:33:49,1
A07183,S1020,MATH150,lecture,MATH150-L0401,2025-04-18 05:40:31,83
A07184,S1034,DS200,reading,DS200-R1001,2025-04-06 10:05:44,11
A07185,S1026,MATH150,quiz,MATH150-Q0703,2025-03-30 05:53:37,24
A07186,S1047,CS301,video,CS301-V0904,2025-03-27 18:07:47,13
A07187,S1014,DS200,assignment,DS200-A0802,2025-04-29 02:14:10,90
A07188,S1011,CS301,assignment,CS301-A0901,2025-03-28 01:46:44,10
A07189,S1024,MATH150,video,MATH150-V1002,2025-03-09 07:32:20,89
A07190,S1033,DS400,video,DS400-V0102,2025-02-10 10:50:55,26
A07191,S1026,CS301,lecture,CS301-L0701,2025-04-06 03:24:41,31
A07192,S1016,DS400,reading,DS400-R0204,2025-04-16 14:03:02,67
A07193,S1030,CS301,lecture,CS301-L0305,2025-03-21 17:58:16,40
A07194,S1039,CS101,quiz,CS101-Q0304,2025-05-01 13:11:37,89
A07195,S1044,MATH150,discussion,MATH150-D0901,2025-02-02 05:46:54,44
A07196,S1045,CS101,video,CS101-V1001,2025-03-14 09:39:06,62
A07197,S1035,CS101,video,CS101-V0905,2025-04-07 20:16:28,32
A07198,S1029,DS400,assignment,DS400-A0405,2025-04-05 19:09:11,70
A07199,S1022,DS400,video,DS400-V0105,2025-04-29 13:12:28,20
A07200,S1012,CS301,assignment,CS301-A0901,2025-02-28 11:08:48,55
A07201,S1037,MATH150,video,MATH150-V1003,2025-02-25 16:01:05,54
A07202,S1038,DS400,assignment,DS400-A0302,2025-04-18 05:47:42,23
A07203,S1003,CS301,video,CS301-V0505,2025-03-14 02:22:12,13
A07204,S1044,CS101,reading,CS101-R0702,2025-02-24 07:39:29,7
A07205,S1045,CS301,quiz,CS301-Q0901,2025-02-08 03:15:47,87
A07206,S1037,MATH150,quiz,MATH150-Q0801,2025-02-10 02:10:46,36
A07207,S1046,CS101,video,CS101-V0901,2025-02-26 15:52:18,38
A07208,S1029,CS101,video,CS101-V0105,2025-02-21 10:33:43,54
A07209,S1009,MATH150,discussion,MATH150-D0803,2025-03-22 18:50:36,43
A07210,S1026,DS200,video,DS200-V0805,2025-04-05 15:28:25,72
A07211,S1028,CS101,quiz,CS101-Q0402,2025-04-20 07:50:47,58
A07212,S1030,CS301,lecture,CS301-L0702,2025-04-02 05:10:22,84
A07213,S1044,MATH150,assignment,MATH150-A0202,2025-03-13 10:47:36,72
A07214,S1037,DS400,lecture,DS400-L0703,2025-04-17 21:13:30,61
A07215,S1019,CS101,assignment,CS101-A0705,2025-03-27 03:40:34,33
A07216,S1042,DS200,quiz,DS200-Q0702,2025-04-08 10:51:08,32
A07217,S1031,MATH150,quiz,MATH150-Q0205,2025-02-28 07:34:02,46
A07218,S1015,MATH150,quiz,MATH150-Q0804,2025-04-12 05:46:26,64
A07219,S1034,MATH150,discussion,MATH150-D0305,2025-02-28 17:23:30,44
A07220,S1033,DS200,quiz,DS200-Q0205,2025-04-09 00:05:55,66
A07221,S1045,DS200,quiz,DS200-Q0503,2025-03-26 10:18:29,73
A07222,S1011,DS200,discussion,DS200-D0701,2025-03-01 06:08:40,17
A07223,S1018,MATH150,reading,MATH150-R0102,2025-03-07 23:45:50,50
A07224,S1032,CS101,video,CS101-V0204,2025-04-21 17:03:02,67
A07225,S1012,DS400,reading,DS400-R1005,2025-03-26 22:29:46,10
A07226,S1026,CS101,assignment,CS101-A0102,2025-03-16 09:54:31,53
A07227,S1014,DS200,discussion,DS200-D0501,2025-02-23 12:04:19,66
A07228,S1047,CS101,reading,CS101-R0404,2025-02-26 16:11:36,12
A07229,S1041,DS200,quiz,DS200-Q1005,2025-02-02 19:18:42,66
A07230,S1047,CS301,reading,CS301-R0601,2025-02-03 08:17:48,68
A07231,S1027,CS101,discussion,CS101-D1004,2025-05-01 23:53:04,1
A07232,S1032,DS400,video,DS400-V1002,2025-04-08 17:45:07,11
A07233,S1016,DS200,discussion,DS200-D0501,2025-02-18 00:49:26,87
A07234,S1031,MATH150,discussion,MATH150-D0502,2025-03-08 17:22:34,6
A07235,S1005,CS301,reading,CS301-R0803,2025-03-09 07:10:32,41
A07236,S1031,MATH150,discussion,MATH150-D0702,2025-04-04 11:39:17,20
A07237,S1036,CS101,lecture,CS101-L0801,2025-04-19 00:16:55,44
A07238,S1026,CS101,reading,CS101-R0604,2025-02-22 06:40:55,67
A07239,S1046,MATH150,lecture,MATH150-L0105,2025-03-13 04:00:25,1
A07240,S1050,CS101,assignment,CS101-A0704,2025-04-23 06:25:02,15
A07241,S1027,CS101,assignment,CS101-A0602,2025-02-09 13:40:34,57
A07242,S1025,CS301,lecture,CS301-L0303,2025-03-02 05:02:04,89
A07243,S1024,CS301,discussion,CS301-D0805,2025-02-10 17:54:35,66
A07244,S1006,MATH150,video,MATH150-V0404,2025-04-27 00:44:11,80
A07245,S1029,MATH150,quiz,MATH150-Q0603,2025-02-27 09:25:38,51
A07246,S1002,CS301,discussion,CS301-D0403,2025-04-18 02:23:29,24
A07247,S1027,CS101,reading,CS101-R0402,2025-04-27 10:40:23,68
A07248,S1035,DS200,assignment,DS200-A0505,2025-04-11 06:21:57,76
A07249,S1028,DS400,quiz,DS400-Q0701,2025-03-26 22:54:37,88
A07250,S1008,DS400,quiz,DS400-Q0605,2025-03-27 20:26:22,5
A07251,S1019,CS101,reading,CS101-R0102,2025-03-14 13:21:01,29
A07252,S1020,DS400,quiz,DS400-Q0503,2025-02-12 02:17:16,18
A07253,S1048,CS301,lecture,CS301-L1002,2025-04-27 00:12:02,58
A07254,S1040,CS101,video,CS101-V0305,2025-02-22 02:16:17,3
A07255,S1039,MATH150,reading,MATH150-R0401,2025-04-09 12:36:13,21
A07256,S1006,DS200,reading,DS200-R0603,2025-04-23 14:13:33,57
A07257,S1039,DS400,discussion,DS400-D0101,2025-03-20 00:50:00,24
A07258,S1022,CS301,quiz,CS301-Q0904,2025-02-14 14:27:26,32
A07259,S1004,CS301,assignment,CS301-A0404,2025-03-07 16:53:29,58
A07260,S1034,DS200,quiz,DS200-Q0203,2025-02-12 11:17:05,7
A07261,S1019,CS101,video,CS101-V0704,2025-03-18 02:09:30,62
A07262,S1025,CS301,discussion,CS301-D0605,2025-04-06 14:30:47,89
A07263,S1042,DS200,assignment,DS200-A0302,2025-02-28 05:07:23,77
A07264,S1025,CS301,video,CS301-V0801,2025-03-31 02:13:06,54
A07265,S1031,MATH150,reading,MATH150-R0805,2025-02-13 08:30:52,17
A07266,S1002,DS400,reading,DS400-R0603,2025-04-07 22:10:33,4
A07267,S1011,DS400,assignment,DS400-A1003,2025-04-30 11:06:14,39
A07268,S1014,DS400,assignment,DS400-A0902,2025-03-10 11:33:25,76
A07269,S1029,CS301,discussion,CS301-D0501,2025-02-24 17:47:23,87
A07270,S1025,CS301,quiz,CS301-Q0505,2025-03-24 10:43:31,55
A07271,S1033,DS400,discussion,DS400-D0705,2025-04-27 11:55:54,2
A07272,S1034,CS301,discussion,CS301-D0702,2025-03-28 17:06:36,11
A07273,S1020,CS101,discussion,CS101-D0403,2025-03-30 13:56:36,5
A07274,S1048,DS400,reading,DS400-R1001,2025-04-09 13:44:54,37
A07275,S1019,MATH150,quiz,MATH150-Q0502,2025-03-18 08:14:22,7
A07276,S1029,DS200,reading,DS200-R0503,2025-03-07 05:32:51,20
A07277,S1031,DS400,quiz,DS400-Q0201,2025-04-01 06:41:02,43
A07278,S1017,CS301,assignment,CS301-A0305,2025-03-20 00:20:48,36
A07279,S1004,CS301,reading,CS301-R0205,2025-02-25 17:25:13,79
A07280,S1008,MATH150,quiz,MATH150-Q0102,2025-03-17 10:47:04,70
A07281,S1011,DS400,lecture,DS400-L0403,2025-03-14 01:23:39,67
A07282,S1039,DS400,assignment,DS400-A0201,2025-03-28 05:25:17,84
A07283,S1042,MATH150,discussion,MATH150-D0804,2025-03-18 10:35:30,1
A07284,S1047,CS301,reading,CS301-R0101,2025-02-20 10:53:43,74
A07285,S1042,DS400,video,DS400-V1002,2025-03-05 03:57:36,51
A07286,S1029,DS400,quiz,DS400-Q0504,2025-04-21 22:47:02,32
A07287,S1006,CS301,quiz,CS301-Q0205,2025-03-13 00:34:42,24
A07288,S1027,CS301,assignment,CS301-A0805,2025-03-13 19:00:11,9
A07289,S1026,DS200,video,DS200-V0904,2025-02-22 00:44:16,69
A07290,S1008,DS200,lecture,DS200-L0402,2025-04-15 03:05:23,53
A07291,S1009,MATH150,assignment,MATH150-A1005,2025-03-14 18:48:35,39
A07292,S1002,DS400,reading,DS400-R0704,2025-03-09 10:23:25,36
A07293,S1037,CS301,quiz,CS301-Q0103,2025-02-23 17:12:31,51
A07294,S1020,MATH150,video,MATH150-V0505,2025-04-05 23:09:40,44
A07295,S1019,CS101,video,CS101-V0204,2025-03-10 19:04:00,22
A07296,S1004,DS400,assignment,DS400-A0101,2025-04-10 21:30:50,23
A07297,S1034,DS400,video,DS400-V0505,2025-02-17 17:57:17,69
A07298,S1001,CS101,assignment,CS101-A1002,2025-04-22 18:13:55,3
A07299,S1023,DS200,quiz,DS200-Q0601,2025-03-01 21:57:38,82
A07300,S1023,CS301,discussion,CS301-D0705,2025-03-14 12:43:16,77
A07301,S1003,CS101,lecture,CS101-L1002,2025-04-27 23:26:44,28
A07302,S1013,CS101,reading,CS101-R0303,2025-02-03 06:54:05,35
A07303,S1008,MATH150,assignment,MATH150-A0803,2025-03-23 18:42:02,89
A07304,S1018,DS200,quiz,DS200-Q0705,2025-03-14 09:10:16,12
A07305,S1042,DS200,quiz,DS200-Q0805,2025-04-14 23:41:11,26
A07306,S1016,DS200,video,DS200-V0604,2025-04-24 13:36:14,79
A07307,S1020,DS200,lecture,DS200-L0205,2025-02-27 20:49:49,33
A07308,S1021,CS301,quiz,CS301-Q0701,2025-03-14 02:00:34,86
A07309,S1012,DS400,assignment,DS400-A0601,2025-04-13 21:06:44,54
A07310,S1019,CS101,lecture,CS101-L0401,2025-03-25 18:42:53,40
A07311,S1005,CS301,video,CS301-V0304,2025-03-09 15:49:48,18
A07312,S1014,MATH150,assignment,MATH150-A0703,2025-04-10 22:42:01,47
A07313,S1019,CS301,assignment,CS301-A0202,2025-04-22 07:29:09,85
A07314,S1004,DS200,discussion,DS200-D0504,2025-03-18 01:03:43,87
A07315,S1012,CS301,reading,CS301-R0501,2025-02-09 06:18:44,78
A07316,S1049,DS400,discussion,DS400-D0305,2025-04-30 01:50:42,78
A07317,S1008,MATH150,assignment,MATH150-A0403,2025-02-22 10:58:06,44
A07318,S1041,MATH150,video,MATH150-V0604,2025-02-14 01:03:47,69
A07319,S1043,CS301,assignment,CS301-A0104,2025-04-10 05:02:46,66
A07320,S1006,DS200,discussion,DS200-D0504,2025-04-20 01:37:03,43
A07321,S1005,DS200,assignment,DS200-A0501,2025-03-18 20:15:23,87
A07322,S1018,DS400,lecture,DS400-L0903,2025-02-03 15:55:53,48
A07323,S1045,DS400,video,DS400-V0501,2025-04-16 11:41:16,45
A07324,S1043,MATH150,reading,MATH150-R0703,2025-02-09 10:51:53,17
A07325,S1004,CS301,discussion,CS301-D0104,2025-02-12 10:05:50,13
A07326,S1040,MATH150,discussion,MATH150-D0802,2025-04-04 22:18:58,57
A07327,S1010,MATH150,video,MATH150-V0102,2025-02-13 09:49:38,41
A07328,S1035,MATH150,quiz,MATH150-Q0502,2025-04-17 00:45:39,77
A07329,S1017,MATH150,video,MATH150-V0901,2025-04-09 15:58:40,42
A07330,S1017,CS101,lecture,CS101-L1002,2025-04-18 13:35:16,27
A07331,S1007,DS400,reading,DS400-R0104,2025-03-28 06:17:17,64
A07332,S1016,CS101,reading,CS101-R0405,2025-02-04 11:46:28,5
A07333,S1016,MATH150,assignment,MATH150-A0402,2025-04-15 07:15:11,80
A07334,S1011,CS301,video,CS301-V0103,2025-04-09 00:36:05,47
A07335,S1050,MATH150,assignment,MATH150-A0604,2025-04-22 09:13:59,19
A07336,S1033,MATH150,discussion,MATH150-D0803,2025-03-11 05:01:08,45
A07337,S1047,CS301,discussion,CS301-D0402,2025-03-31 13:44:28,32
A07338,S1039,DS400,reading,DS400-R0401,2025-02-04 17:37:44,75
A07339,S1044,MATH150,lecture,MATH150-L0905,2025-03-23 05:43:49,46
A07340,S1049,CS301,discussion,CS301-D0805,2025-05-02 07:18:55,24
A07341,S1034,CS101,assignment,CS101-A1003,2025-03-20 16:45:31,24
A07342,S1047,DS400,video,DS400-V1004,2025-03-24 04:57:36,26
A07343,S1001,CS101,discussion,CS101-D1005,2025-03-15 19:56:32,47
A07344,S1041,DS400,assignment,DS400-A0903,2025-03-13 02:48:30,82
A07345,S1045,CS101,quiz,CS101-Q0503,2025-04-27 06:05:26,54
A07346,S1011,MATH150,assignment,MATH150-A0704,2025-02-02 05:11:03,27
A07347,S1011,CS301,lecture,CS301-L0905,2025-03-17 07:05:54,46
A07348,S1034,CS301,reading,CS301-R0105,2025-03-27 11:34:00,5
A07349,S1043,DS200,lecture,DS200-L0803,2025-04-28 21:37:02,85
A07350,S1009,CS101,reading,CS101-R0705,2025-05-01 08:12:01,7
A07351,S1030,MATH150,video,MATH150-V1001,2025-04-04 07:25:37,52
A07352,S1017,DS400,reading,DS400-R0804,2025-02-20 07:59:29,79
A07353,S1011,CS101,video,CS101-V0503,2025-04-22 22:36:05,35
A07354,S1001,CS301,video,CS301-V0205,2025-03-20 20:13:45,11
A07355,S1035,DS400,assignment,DS400-A0101,2025-02-08 10:22:08,24
A07356,S1004,DS200,quiz,DS200-Q0802,2025-04-02 03:18:59,88
A07357,S1042,CS101,assignment,CS101-A0705,2025-04-21 01:48:02,81
A07358,S1017,DS200,quiz,DS200-Q0204,2025-03-14 04:11:57,85
A07359,S1027,MATH150,quiz,MATH150-Q0201,2025-03-21 07:42:41,89
A07360,S1037,DS200,reading,DS200-R0304,2025-03-07 01:01:52,54
A07361,S1024,DS200,assignment,DS200-A0105,2025-02-25 22:43:33,14
A07362,S1044,DS200,lecture,DS200-L0101,2025-04-14 09:07:10,50
A07363,S1006,DS400,video,DS400-V0301,2025-03-05 23:06:57,21
A07364,S1037,CS101,lecture,CS101-L0803,2025-02-08 14:47:31,50
A07365,S1025,MATH150,video,MATH150-V0105,2025-03-10 13:14:13,4
A07366,S1019,DS200,discussion,DS200-D0401,2025-03-12 11:55:02,63
A07367,S1009,DS200,video,DS200-V0504,2025-04-24 02:45:18,33
A07368,S1018,CS301,lecture,CS301-L0104,2025-02-06 13:20:33,51
A07369,S1004,CS301,quiz,CS301-Q0404,2025-05-01 00:27:21,59
A07370,S1034,DS400,discussion,DS400-D0301,2025-02-26 16:36:08,16
A07371,S1035,CS101,lecture,CS101-L0104,2025-02-17 11:56:43,78
A07372,S1002,DS400,assignment,DS400-A0504,2025-04-03 03:09:08,69
A07373,S1047,CS101,assignment,CS101-A0201,2025-03-18 03:42:57,8
A07374,S1048,MATH150,quiz,MATH150-Q0504,2025-04-04 18:54:56,87
A07375,S1028,MATH150,discussion,MATH150-D0604,2025-04-16 07:20:19,47
A07376,S1029,DS400,lecture,DS400-L0402,2025-03-12 13:24:59,81
A07377,S1030,MATH150,assignment,MATH150-A1003,2025-04-17 10:59:17,63
A07378,S1039,CS101,lecture,CS101-L1005,2025-04-12 09:37:35,80
A07379,S1038,DS200,assignment,DS200-A0805,2025-03-01 06:51:33,70
A07380,S1046,CS301,reading,CS301-R0302,2025-04-17 17:16:57,6
A07381,S1035,CS101,reading,CS101-R0602,2025-02-20 16:02:17,34
A07382,S1014,CS101,reading,CS101-R1005,2025-02-18 18:36:05,4
A07383,S1030,CS101,lecture,CS101-L0102,2025-03-11 23:51:53,60
A07384,S1023,MATH150,reading,MATH150-R0803,2025-02-21 12:21:59,79
A07385,S1028,MATH150,assignment,MATH150-A0204,2025-02-22 08:10:10,68
A07386,S1009,MATH150,lecture,MATH150-L0204,2025-04-25 18:21:43,19
A07387,S1041,DS200,lecture,DS200-L0403,2025-03-23 02:13:17,21
A07388,S1006,CS301,video,CS301-V0702,2025-04-09 09:27:26,32
A07389,S1002,DS400,lecture,DS400-L0505,2025-04-24 17:03:03,82
A07390,S1041,CS101,discussion,CS101-D0904,2025-04-28 08:44:20,89
A07391,S1006,CS101,video,CS101-V0605,2025-02-03 21:09:19,39
A07392,S1020,DS200,lecture,DS200-L0703,2025-04-09 00:44:43,60
A07393,S1031,DS200,lecture,DS200-L0202,2025-03-17 02:22:06,14
A07394,S1045,CS301,discussion,CS301-D0201,2025-03-28 16:41:40,68
A07395,S1007,CS301,quiz,CS301-Q0702,2025-05-01 12:02:30,48
A07396,S1009,CS101,reading,CS101-R0304,2025-03-20 20:42:49,26
A07397,S1042,CS301,lecture,CS301-L0201,2025-03-17 18:09:43,1
A07398,S1026,DS400,quiz,DS400-Q0904,2025-02-28 11:36:26,54
A07399,S1048,MATH150,lecture,MATH150-L0504,2025-04-28 22:19:21,31
A07400,S1023,DS400,reading,DS400-R0705,2025-03-29 03:25:29,43
A07401,S1013,CS301,reading,CS301-R0303,2025-02-18 14:38:01,41
A07402,S1030,CS301,quiz,CS301-Q0905,2025-04-23 21:40:48,73
A07403,S1041,CS301,assignment,CS301-A0802,2025-04-08 22:38:23,74
A07404,S1024,CS101,quiz,CS101-Q0701,2025-02-23 16:10:24,21
A07405,S1043,DS200,assignment,DS200-A0801,2025-02-11 13:35:24,34
A07406,S1044,CS101,discussion,CS101-D0601,2025-04-08 18:50:34,57
A07407,S1042,CS101,reading,CS101-R0205,2025-04-02 02:08:40,49
A07408,S1047,DS200,video,DS200-V0401,2025-04-06 00:42:02,40
A07409,S1032,CS301,video,CS301-V0605,2025-03-14 12:15:00,10
A07410,S1045,CS101,reading,CS101-R1003,2025-04-09 13:02:53,88
A07411,S1041,DS200,video,DS200-V0903,2025-02-10 18:25:47,51
A07412,S1009,DS400,assignment,DS400-A0104,2025-02-19 20:26:08,71
A07413,S1048,DS400,lecture,DS400-L0604,2025-03-12 11:24:46,7
A07414,S1043,DS200,lecture,DS200-L1005,2025-02-07 12:02:26,45
A07415,S1006,DS400,video,DS400-V0502,2025-02-28 11:39:06,73
A07416,S1014,CS301,video,CS301-V0604,2025-03-25 01:58:12,8
A07417,S1045,DS400,quiz,DS400-Q0805,2025-04-03 22:35:31,32
A07418,S1019,CS301,video,CS301-V0503,2025-02-11 00:11:05,55
A07419,S1030,CS301,video,CS301-V0205,2025-03-21 12:30:33,38
A07420,S1016,CS101,discussion,CS101-D0703,2025-03-22 09:29:18,39
A07421,S1009,DS400,assignment,DS400-A0402,2025-03-11 19:38:50,68
A07422,S1016,MATH150,discussion,MATH150-D0801,2025-04-01 12:25:45,82
A07423,S1012,DS400,reading,DS400-R0204,2025-04-08 02:50:24,22
A07424,S1036,DS400,lecture,DS400-L0903,2025-03-07 16:52:17,34
A07425,S1034,DS200,quiz,DS200-Q0304,2025-03-20 03:53:43,27
A07426,S1015,CS101,video,CS101-V0605,2025-02-11 05:02:04,17
A07427,S1043,DS400,quiz,DS400-Q0704,2025-02-23 12:24:56,35
A07428,S1001,MATH150,lecture,MATH150-L1004,2025-04-27 01:29:55,33
A07429,S1017,CS301,quiz,CS301-Q0602,2025-04-25 09:03:30,17
A07430,S1020,CS301,discussion,CS301-D0705,2025-04-20 09:02:43,43
A07431,S1049,CS101,quiz,CS101-Q1002,2025-02-08 07:57:14,62
A07432,S1024,CS101,quiz,CS101-Q0202,2025-03-09 22:44:19,89
A07433,S1043,DS200,assignment,DS200-A0903,2025-03-05 16:31:52,34
A07434,S1042,CS301,lecture,CS301-L0601,2025-04-03 14:43:00,3
A07435,S1023,CS301,reading,CS301-R0605,2025-02-06 02:23:00,63
A07436,S1027,CS301,reading,CS301-R0904,2025-03-24 03:09:14,39
A07437,S1008,DS200,discussion,DS200-D0401,2025-02-19 05:33:38,59
A07438,S1028,CS101,quiz,CS101-Q0902,2025-02-20 22:49:17,45
A07439,S1039,MATH150,discussion,MATH150-D0302,2025-05-02 05:04:03,33
A07440,S1024,DS200,reading,DS200-R0905,2025-02-13 09:30:33,50
A07441,S1001,DS200,reading,DS200-R0403,2025-02-12 08:18:46,63
A07442,S1028,MATH150,reading,MATH150-R0701,2025-04-21 06:19:48,34
A07443,S1007,CS101,assignment,CS101-A1001,2025-02-05 00:53:45,84
A07444,S1007,MATH150,assignment,MATH150-A0802,2025-03-29 00:51:48,83
A07445,S1043,CS101,assignment,CS101-A0305,2025-03-23 01:01:38,84
A07446,S1016,MATH150,discussion,MATH150-D0503,2025-03-28 05:56:40,2
A07447,S1044,CS101,video,CS101-V0804,2025-02-09 00:09:36,18
A07448,S1029,CS301,assignment,CS301-A0203,2025-03-11 06:27:03,83
A07449,S1033,MATH150,video,MATH150-V1001,2025-04-23 18:06:25,76
A07450,S1007,CS301,reading,CS301-R0504,2025-03-29 04:56:23,33
A07451,S1001,DS400,lecture,DS400-L0401,2025-04-19 21:31:23,69
A07452,S1039,DS200,video,DS200-V1001,2025-04-26 14:01:44,52
A07453,S1017,CS101,discussion,CS101-D1004,2025-03-05 12:04:40,72
A07454,S1048,MATH150,lecture,MATH150-L0305,2025-02-25 16:03:42,60
A07455,S1027,MATH150,reading,MATH150-R0304,2025-04-05 00:07:47,41
A07456,S1036,CS301,video,CS301-V0901,2025-02-18 05:47:33,31
A07457,S1036,CS301,reading,CS301-R0702,2025-03-14 01:44:33,6
A07458,S1001,DS400,lecture,DS400-L0605,2025-03-26 15:57:16,4
A07459,S1043,CS101,discussion,CS101-D0905,2025-02-03 04:24:08,1
A07460,S1045,DS200,lecture,DS200-L0103,2025-02-20 19:34:53,59
A07461,S1035,DS200,discussion,DS200-D0705,2025-04-14 08:18:38,62
A07462,S1041,DS200,assignment,DS200-A0301,2025-05-01 01:32:08,25
A07463,S1001,CS301,lecture,CS301-L0105,2025-02-07 22:36:37,55
A07464,S1037,DS200,video,DS200-V0405,2025-03-19 05:59:34,49
A07465,S1042,CS301,video,CS301-V0203,2025-02-28 00:00:23,9
A07466,S1023,CS101,discussion,CS101-D0901,2025-03-17 02:38:41,1
A07467,S1050,DS200,quiz,DS200-Q0305,2025-04-07 06:11:05,22
A07468,S1045,DS400,reading,DS400-R0305,2025-03-13 13:43:49,28
A07469,S1022,DS400,video,DS400-V0505,2025-02-18 03:12:52,50
A07470,S1013,DS400,discussion,DS400-D0904,2025-04-05 11:34:14,84
A07471,S1018,DS400,reading,DS400-R0605,2025-02-10 11:01:15,7
A07472,S1040,DS200,assignment,DS200-A0402,2025-03-08 18:31:12,47
A07473,S1034,DS400,reading,DS400-R0802,2025-04-29 11:58:04,66
A07474,S1042,DS200,reading,DS200-R0702,2025-04-05 18:02:04,67
A07475,S1039,CS101,quiz,CS101-Q0205,2025-02-04 11:14:40,45
A07476,S1021,DS400,quiz,DS400-Q0602,2025-02-03 16:09:07,90
A07477,S1041,DS200,discussion,DS200-D0701,2025-02-28 06:26:15,75
A07478,S1039,CS101,assignment,CS101-A1003,2025-02-08 03:11:05,55
A07479,S1030,DS400,reading,DS400-R0301,2025-02-20 00:54:19,60
A07480,S1039,DS400,discussion,DS400-D0203,2025-03-05 17:55:00,34
A07481,S1035,CS101,lecture,CS101-L0905,2025-02-13 14:51:07,61
A07482,S1041,DS200,discussion,DS200-D0503,2025-04-18 21:55:07,67
A07483,S1020,DS400,assignment,DS400-A0803,2025-03-30 20:30:46,33
A07484,S1003,CS101,discussion,CS101-D0304,2025-02-19 17:19:29,71
A07485,S1050,DS400,quiz,DS400-Q0605,2025-04-24 10:56:44,3
A07486,S1032,DS200,lecture,DS200-L0105,2025-04-04 18:57:17,85
A07487,S1002,MATH150,quiz,MATH150-Q0101,2025-03-29 04:45:39,64
A07488,S1019,DS200,assignment,DS200-A0604,2025-03-05 02:05:54,88
A07489,S1010,DS400,video,DS400-V0603,2025-04-22 09:59:19,90
A07490,S1049,MATH150,assignment,MATH150-A0705,2025-02-04 05:59:39,90
A07491,S1045,DS400,reading,DS400-R0705,2025-04-13 15:25:48,2
A07492,S1001,CS101,reading,CS101-R0901,2025-02-14 06:31:12,28
A07493,S1025,DS200,reading,DS200-R0303,2025-04-03 03:12:35,83
A07494,S1044,MATH150,quiz,MATH150-Q0101,2025-02-15 00:28:34,45
A07495,S1008,DS400,assignment,DS400-A0104,2025-04-29 21:23:48,84
A07496,S1029,DS200,reading,DS200-R0504,2025-02-06 18:52:21,80
A07497,S1024,CS301,assignment,CS301-A0802,2025-04-24 04:45:45,37
A07498,S1035,CS301,quiz,CS301-Q0504,2025-03-11 09:09:36,32
A07499,S1004,DS400,video,DS400-V0604,2025-02-14 16:34:49,86
A07500,S1035,DS400,lecture,DS400-L1001,2025-04-26 05:44:08,87
A07501,S1004,CS101,assignment,CS101-A0702,2025-02-27 19:09:40,83
A07502,S1030,MATH150,assignment,MATH150-A0205,2025-02-03 06:23:03,34
A07503,S1050,DS200,lecture,DS200-L0302,2025-02-20 18:44:21,2
A07504,S1021,DS400,quiz,DS400-Q0604,2025-02-26 01:35:09,28
A07505,S1050,CS301,discussion,CS301-D0305,2025-04-25 07:10:35,62
A07506,S1025,MATH150,quiz,MATH150-Q0603,2025-03-07 13:36:01,18
A07507,S1022,DS400,quiz,DS400-Q0903,2025-03-11 04:06:55,70
A07508,S1024,CS101,assignment,CS101-A0704,2025-02-27 19:57:01,65
A07509,S1031,DS400,video,DS400-V0703,2025-04-27 19:20:22,66
A07510,S1031,CS101,video,CS101-V0101,2025-02-07 02:10:26,23
A07511,S1022,MATH150,reading,MATH150-R0703,2025-03-06 22:30:56,32
A07512,S1016,MATH150,quiz,MATH150-Q1005,2025-03-07 18:26:19,18
A07513,S1038,MATH150,assignment,MATH150-A0903,2025-03-01 19:36:46,59
A07514,S1001,MATH150,lecture,MATH150-L0503,2025-02-05 07:00:31,43
A07515,S1043,CS301,video,CS301-V0404,2025-02-05 18:59:56,55
A07516,S1039,MATH150,assignment,MATH150-A0201,2025-03-24 14:36:51,14
A07517,S1038,CS301,assignment,CS301-A0202,2025-03-25 19:08:22,83
A07518,S1029,MATH150,assignment,MATH150-A1003,2025-03-05 11:50:37,73
A07519,S1018,DS200,video,DS200-V1005,2025-02-11 21:22:52,86
A07520,S1013,DS200,assignment,DS200-A0303,2025-02-09 07:18:58,79
A07521,S1043,DS400,quiz,DS400-Q0801,2025-02-09 17:37:25,67
A07522,S1001,CS101,assignment,CS101-A0704,2025-04-10 13:22:14,59
A07523,S1019,DS200,quiz,DS200-Q0103,2025-03-26 20:02:30,80
A07524,S1001,DS400,discussion,DS400-D0605,2025-02-16 22:41:06,57
A07525,S1007,MATH150,video,MATH150-V0705,2025-04-17 14:21:02,35
A07526,S1031,MATH150,discussion,MATH150-D0403,2025-04-18 04:05:13,62
A07527,S1025,DS400,discussion,DS400-D1002,2025-04-12 07:45:48,65
A07528,S1027,CS101,quiz,CS101-Q0205,2025-04-07 11:11:33,62
A07529,S1030,CS301,reading,CS301-R0605,2025-04-08 07:12:47,8
A07530,S1035,MATH150,video,MATH150-V0205,2025-03-14 02:13:13,82
A07531,S1021,DS200,assignment,DS200-A0204,2025-04-24 03:48:25,73
A07532,S1048,CS101,assignment,CS101-A0103,2025-02-20 16:18:56,85
A07533,S1005,DS200,quiz,DS200-Q0103,2025-03-04 19:12:46,90
A07534,S1032,MATH150,lecture,MATH150-L0305,2025-04-15 22:22:38,39
A07535,S1022,DS400,reading,DS400-R0904,2025-03-14 23:39:24,74
A07536,S1021,MATH150,discussion,MATH150-D0202,2025-03-14 05:43:04,67
A07537,S1006,DS200,lecture,DS200-L0805,2025-02-25 08:17:38,58
A07538,S1014,CS101,discussion,CS101-D0403,2025-03-30 07:58:05,40
A07539,S1007,DS200,assignment,DS200-A0403,2025-03-05 16:42:48,75
A07540,S1046,DS200,video,DS200-V0303,2025-04-10 03:49:03,67
A07541,S1004,DS200,reading,DS200-R0603,2025-04-24 02:33:58,64
A07542,S1005,CS101,quiz,CS101-Q0304,2025-02-28 02:03:01,27
A07543,S1022,CS101,reading,CS101-R1002,2025-03-23 19:23:15,53
A07544,S1013,DS200,quiz,DS200-Q0102,2025-02-21 19:51:18,13
A07545,S1030,MATH150,assignment,MATH150-A0102,2025-03-24 19:28:48,10
A07546,S1003,CS301,lecture,CS301-L0804,2025-02-24 10:29:39,38
A07547,S1018,DS200,video,DS200-V0504,2025-02-02 01:43:30,24
A07548,S1042,CS301,video,CS301-V0403,2025-03-12 12:31:03,36
A07549,S1005,CS301,assignment,CS301-A0305,2025-04-20 23:59:41,71
A07550,S1043,CS301,lecture,CS301-L0303,2025-02-16 12:11:34,13
A07551,S1024,CS101,reading,CS101-R0403,2025-04-25 19:58:06,13
A07552,S1031,DS200,assignment,DS200-A0404,2025-05-02 11:38:41,65
A07553,S1024,CS101,reading,CS101-R0505,2025-03-09 04:19:25,22
A07554,S1025,CS101,assignment,CS101-A0302,2025-03-06 06:44:22,37
A07555,S1042,CS301,video,CS301-V0303,2025-02-05 07:43:11,41
A07556,S1047,MATH150,video,MATH150-V0104,2025-04-29 18:07:23,10
A07557,S1008,DS200,discussion,DS200-D0101,2025-02-27 17:32:50,47
A07558,S1042,DS400,discussion,DS400-D0304,2025-03-09 04:37:08,82
A07559,S1011,DS200,reading,DS200-R0105,2025-03-21 14:56:13,5
A07560,S1049,MATH150,quiz,MATH150-Q0902,2025-02-23 03:04:44,43
A07561,S1024,MATH150,quiz,MATH150-Q0405,2025-03-09 20:34:00,76
A07562,S1036,CS101,discussion,CS101-D0305,2025-02-27 04:14:57,27
A07563,S1040,DS400,quiz,DS400-Q0505,2025-04-19 14:14:33,50
A07564,S1038,DS400,lecture,DS400-L0103,2025-04-12 10:39:23,47
A07565,S1032,DS200,video,DS200-V0901,2025-03-18 14:46:57,80
A07566,S1048,DS200,quiz,DS200-Q0701,2025-03-29 23:46:29,87
A07567,S1019,CS101,reading,CS101-R0504,2025-04-28 17:54:41,48
A07568,S1002,CS101,quiz,CS101-Q0601,2025-03-06 05:12:55,53
A07569,S1044,CS301,reading,CS301-R0605,2025-03-31 15:57:58,79
A07570,S1041,CS101,assignment,CS101-A0703,2025-03-25 19:21:00,51
A07571,S1038,CS301,assignment,CS301-A0302,2025-02-21 11:30:58,22
A07572,S1019,DS200,lecture,DS200-L0502,2025-02-03 15:12:07,8
A07573,S1026,DS200,assignment,DS200-A0205,2025-02-12 01:40:57,5
A07574,S1028,DS400,quiz,DS400-Q0202,2025-03-10 22:35:15,31
A07575,S1022,DS400,lecture,DS400-L0203,2025-04-12 15:42:44,19
A07576,S1004,DS200,discussion,DS200-D0701,2025-02-14 20:10:52,19
A07577,S1014,DS200,discussion,DS200-D0701,2025-02-28 01:04:00,1
A07578,S1046,DS200,assignment,DS200-A0503,2025-03-02 19:11:28,18
A07579,S1010,MATH150,assignment,MATH150-A1002,2025-02-18 10:56:25,37
A07580,S1016,CS101,video,CS101-V0402,2025-04-18 00:28:15,90
A07581,S1004,CS101,lecture,CS101-L0202,2025-02-14 10:28:45,58
A07582,S1034,DS400,video,DS400-V0902,2025-02-27 13:51:16,85
A07583,S1016,MATH150,lecture,MATH150-L1004,2025-03-28 22:32:16,13
A07584,S1046,DS200,reading,DS200-R0402,2025-04-01 12:44:04,42
A07585,S1025,CS101,assignment,CS101-A0804,2025-02-19 17:11:42,76
A07586,S1018,DS400,reading,DS400-R0704,2025-04-20 12:42:03,49
A07587,S1019,CS101,discussion,CS101-D1004,2025-03-18 09:00:35,75
A07588,S1024,DS200,quiz,DS200-Q0203,2025-02-02 05:01:31,71
A07589,S1013,CS101,assignment,CS101-A0801,2025-03-31 21:00:10,7
A07590,S1026,DS200,video,DS200-V0701,2025-02-14 09:11:30,63
A07591,S1013,CS101,assignment,CS101-A0604,2025-03-19 11:49:56,21
A07592,S1027,CS101,quiz,CS101-Q0404,2025-02-20 00:42:40,76
A07593,S1010,MATH150,reading,MATH150-R1005,2025-03-29 10:13:20,61
A07594,S1046,CS301,quiz,CS301-Q0405,2025-04-13 09:17:07,24
A07595,S1045,MATH150,video,MATH150-V0902,2025-02-08 02:07:16,36
A07596,S1028,DS200,discussion,DS200-D0302,2025-02-19 22:30:27,21
A07597,S1034,DS200,video,DS200-V0901,2025-02-20 23:36:56,65
A07598,S1021,DS200,assignment,DS200-A0302,2025-03-06 16:10:34,77
A07599,S1002,CS301,video,CS301-V0801,2025-04-17 18:26:35,75
A07600,S1046,MATH150,lecture,MATH150-L0203,2025-03-02 22:19:54,10
A07601,S1011,MATH150,reading,MATH150-R0302,2025-03-31 04:20:16,20
A07602,S1017,MATH150,quiz,MATH150-Q0801,2025-03-24 14:12:38,86
A07603,S1042,DS400,video,DS400-V1002,2025-04-30 17:51:27,90
A07604,S1042,MATH150,lecture,MATH150-L0504,2025-05-01 02:45:49,21
A07605,S1045,DS400,assignment,DS400-A0402,2025-04-05 06:34:42,59
A07606,S1018,CS101,reading,CS101-R0403,2025-03-27 13:04:54,30
A07607,S1014,DS400,quiz,DS400-Q0905,2025-03-09 07:55:44,80
A07608,S1006,DS400,lecture,DS400-L0602,2025-04-16 21:33:00,5
A07609,S1038,MATH150,reading,MATH150-R0904,2025-03-08 23:04:06,74
A07610,S1023,CS101,discussion,CS101-D0303,2025-04-21 09:09:01,62
A07611,S1009,DS200,video,DS200-V0401,2025-02-02 10:09:17,62
A07612,S1001,DS400,quiz,DS400-Q0205,2025-03-16 04:15:14,78
A07613,S1020,DS400,reading,DS400-R0704,2025-03-01 13:19:24,60
A07614,S1047,MATH150,video,MATH150-V1001,2025-02-27 23:27:17,71
A07615,S1016,MATH150,assignment,MATH150-A0703,2025-02-05 21:15:15,72
A07616,S1041,CS301,discussion,CS301-D0302,2025-03-18 08:18:59,85
A07617,S1001,DS200,reading,DS200-R0303,2025-04-20 19:41:55,82
A07618,S1043,MATH150,assignment,MATH150-A0201,2025-04-15 07:13:14,86
A07619,S1004,MATH150,reading,MATH150-R0702,2025-04-06 07:19:36,39
A07620,S1005,DS200,quiz,DS200-Q0704,2025-03-14 17:38:56,83
A07621,S1033,CS101,assignment,CS101-A1003,2025-02-06 15:55:45,41
A07622,S1037,CS301,reading,CS301-R0801,2025-02-25 23:38:06,26
A07623,S1028,MATH150,video,MATH150-V0503,2025-04-16 15:13:20,26
A07624,S1046,DS200,lecture,DS200-L0703,2025-02-28 03:35:44,29
A07625,S1009,CS301,assignment,CS301-A0203,2025-02-23 07:05:26,39
A07626,S1004,DS200,quiz,DS200-Q0203,2025-02-16 08:57:10,35
A07627,S1013,CS101,lecture,CS101-L1001,2025-03-06 09:52:47,87
A07628,S1027,DS400,video,DS400-V0105,2025-05-01 13:57:54,47
A07629,S1016,CS101,assignment,CS101-A0302,2025-03-09 03:49:39,21
A07630,S1048,CS301,reading,CS301-R1004,2025-03-01 05:23:35,57
A07631,S1036,CS301,lecture,CS301-L0704,2025-04-06 00:45:37,81
A07632,S1043,CS301,reading,CS301-R0502,2025-03-23 00:36:13,53
A07633,S1041,DS200,lecture,DS200-L0801,2025-03-18 13:16:33,68
A07634,S1006,CS101,assignment,CS101-A0201,2025-02-12 11:13:55,18
A07635,S1019,MATH150,discussion,MATH150-D0103,2025-03-11 21:43:11,78
A07636,S1041,MATH150,video,MATH150-V0201,2025-04-14 14:39:57,66
A07637,S1031,MATH150,assignment,MATH150-A1001,2025-02-04 08:23:17,36
A07638,S1017,DS400,lecture,DS400-L0101,2025-03-16 12:37:05,22
A07639,S1045,DS200,assignment,DS200-A0203,2025-05-01 22:53:29,73
A07640,S1012,CS101,reading,CS101-R1005,2025-02-22 01:36:11,3
A07641,S1046,CS301,reading,CS301-R0103,2025-02-10 04:23:04,17
A07642,S1005,CS101,quiz,CS101-Q0103,2025-04-09 09:13:34,27
A07643,S1005,CS101,reading,CS101-R0601,2025-02-22 22:38:05,12
A07644,S1024,DS400,discussion,DS400-D0805,2025-03-04 14:25:04,5
A07645,S1025,CS301,lecture,CS301-L0704,2025-04-21 12:01:49,46
A07646,S1042,CS101,reading,CS101-R0203,2025-03-24 14:10:27,30
A07647,S1023,CS101,reading,CS101-R0701,2025-03-28 21:40:59,45
A07648,S1008,MATH150,assignment,MATH150-A0304,2025-03-19 21:43:34,7
A07649,S1044,DS200,lecture,DS200-L0602,2025-03-26 06:56:39,50
A07650,S1008,CS101,reading,CS101-R0201,2025-02-09 13:38:39,56
A07651,S1012,CS301,lecture,CS301-L0502,2025-04-15 19:49:31,48
A07652,S1040,DS200,reading,DS200-R0201,2025-03-12 00:25:03,14
A07653,S1042,CS301,reading,CS301-R0103,2025-04-10 14:14:46,64
A07654,S1012,MATH150,reading,MATH150-R0401,2025-04-25 08:04:26,90
A07655,S1003,CS301,video,CS301-V0801,2025-02-20 00:25:00,19
A07656,S1001,CS301,video,CS301-V0601,2025-03-26 20:35:33,83
A07657,S1020,MATH150,assignment,MATH150-A0303,2025-05-02 19:36:22,3
A07658,S1036,DS400,quiz,DS400-Q0105,2025-03-15 11:26:06,87
A07659,S1038,DS200,reading,DS200-R0402,2025-03-13 10:29:29,5
A07660,S1007,CS101,discussion,CS101-D1005,2025-02-24 22:27:42,10
A07661,S1038,CS101,assignment,CS101-A0501,2025-02-04 08:54:17,77
A07662,S1040,DS400,lecture,DS400-L0305,2025-03-17 17:23:35,15
A07663,S1038,DS200,assignment,DS200-A0305,2025-03-24 10:26:51,58
A07664,S1020,CS101,reading,CS101-R1003,2025-04-03 07:44:27,20
A07665,S1023,MATH150,assignment,MATH150-A0403,2025-04-11 13:58:12,43
A07666,S1003,DS200,quiz,DS200-Q0703,2025-04-05 11:21:39,23
A07667,S1031,DS200,discussion,DS200-D0705,2025-04-25 19:25:55,51
A07668,S1028,MATH150,discussion,MATH150-D0201,2025-02-05 12:21:59,43
A07669,S1005,DS200,discussion,DS200-D0304,2025-02-16 06:45:15,35
A07670,S1013,CS101,assignment,CS101-A0704,2025-03-19 13:50:37,64
A07671,S1040,DS400,video,DS400-V0704,2025-03-18 09:56:28,65
A07672,S1005,CS101,quiz,CS101-Q0105,2025-04-09 23:27:30,18
A07673,S1017,CS101,discussion,CS101-D1002,2025-04-04 08:02:50,46
A07674,S1006,DS200,video,DS200-V0203,2025-03-17 23:45:59,74
A07675,S1012,CS101,discussion,CS101-D0302,2025-04-19 17:08:42,56
A07676,S1025,CS101,assignment,CS101-A0702,2025-02-03 10:33:40,11
A07677,S1029,DS200,discussion,DS200-D0601,2025-04-08 19:35:50,18
A07678,S1025,CS301,lecture,CS301-L0904,2025-03-30 19:24:11,55
A07679,S1050,CS101,lecture,CS101-L0105,2025-02-28 04:05:41,1
A07680,S1044,DS200,discussion,DS200-D0105,2025-02-19 09:35:21,85
A07681,S1042,CS301,quiz,CS301-Q0802,2025-04-16 09:49:06,53
A07682,S1002,DS400,quiz,DS400-Q0402,2025-02-23 02:10:11,75
A07683,S1039,MATH150,lecture,MATH150-L0704,2025-04-11 01:11:29,52
A07684,S1042,CS301,quiz,CS301-Q0103,2025-03-08 06:19:11,3
A07685,S1034,CS101,assignment,CS101-A0103,2025-04-23 14:24:37,7
A07686,S1044,DS400,lecture,DS400-L0902,2025-02-06 01:14:30,54
A07687,S1041,DS400,video,DS400-V0601,2025-04-10 01:01:56,76
A07688,S1049,DS400,lecture,DS400-L0603,2025-04-29 09:25:54,56
A07689,S1019,MATH150,lecture,MATH150-L1005,2025-04-15 13:46:32,37
A07690,S1050,CS101,video,CS101-V0502,2025-03-14 10:25:25,9
A07691,S1026,CS101,reading,CS101-R0102,2025-03-31 18:13:56,82
A07692,S1049,DS400,discussion,DS400-D0104,2025-03-12 14:29:45,12
A07693,S1038,CS101,assignment,CS101-A0901,2025-04-14 21:51:12,40
A07694,S1040,DS400,video,DS400-V0704,2025-03-24 12:59:12,34
A07695,S1040,CS101,video,CS101-V0301,2025-03-17 13:18:43,57
A07696,S1018,DS400,assignment,DS400-A0201,2025-04-17 07:45:23,62
A07697,S1028,CS301,reading,CS301-R0601,2025-04-10 03:57:56,86
A07698,S1003,MATH150,video,MATH150-V0803,2025-04-05 04:09:43,26
A07699,S1048,CS101,reading,CS101-R0803,2025-04-05 11:00:32,86
A07700,S1009,DS200,discussion,DS200-D0601,2025-04-12 09:45:53,69
A07701,S1016,DS400,quiz,DS400-Q0102,2025-03-30 11:57:57,8
A07702,S1014,CS301,quiz,CS301-Q0505,2025-03-15 13:22:37,57
A07703,S1024,CS301,quiz,CS301-Q0602,2025-04-17 19:51:59,42
A07704,S1005,MATH150,video,MATH150-V0504,2025-03-01 11:45:10,26
A07705,S1039,DS200,quiz,DS200-Q0105,2025-02-12 00:47:10,22
A07706,S1004,CS301,discussion,CS301-D0101,2025-02-22 00:24:30,64
A07707,S1035,CS101,lecture,CS101-L0201,2025-02-26 01:19:10,82
A07708,S1010,CS101,discussion,CS101-D0302,2025-02-26 19:58:19,13
A07709,S1050,CS301,lecture,CS301-L1005,2025-02-04 06:13:08,74
A07710,S1030,MATH150,quiz,MATH150-Q0905,2025-04-21 04:31:54,46
A07711,S1008,CS301,quiz,CS301-Q0205,2025-02-03 15:58:42,64
A07712,S1026,MATH150,reading,MATH150-R0505,2025-02-06 12:43:05,36
A07713,S1015,DS400,reading,DS400-R0701,2025-03-16 00:36:56,83
A07714,S1010,DS200,assignment,DS200-A0304,2025-04-09 20:19:03,57
A07715,S1009,CS301,lecture,CS301-L0103,2025-02-27 22:43:58,83
A07716,S1003,DS200,assignment,DS200-A0701,2025-04-15 06:27:13,24
A07717,S1034,MATH150,quiz,MATH150-Q0603,2025-03-30 15:26:00,19
A07718,S1006,DS400,discussion,DS400-D0604,2025-03-26 09:22:56,65
A07719,S1026,MATH150,discussion,MATH150-D1002,2025-04-25 09:07:40,25
A07720,S1043,DS400,quiz,DS400-Q0503,2025-02-20 08:06:26,78
A07721,S1005,DS400,lecture,DS400-L0302,2025-03-26 09:46:10,38
A07722,S1036,CS301,quiz,CS301-Q0203,2025-03-03 08:30:24,33
A07723,S1015,DS200,assignment,DS200-A0802,2025-03-10 13:07:46,83
A07724,S1042,CS101,discussion,CS101-D0105,2025-03-05 20:13:22,57
A07725,S1022,DS200,assignment,DS200-A0805,2025-03-03 13:51:52,57
A07726,S1026,DS200,lecture,DS200-L0902,2025-04-06 08:40:49,33
A07727,S1012,DS400,lecture,DS400-L0102,2025-03-01 14:12:50,76
A07728,S1011,CS301,discussion,CS301-D0602,2025-04-25 02:27:36,26
A07729,S1019,CS301,assignment,CS301-A0203,2025-02-08 14:37:15,21
A07730,S1008,CS301,quiz,CS301-Q0701,2025-04-22 13:04:34,67
A07731,S1039,CS301,lecture,CS301-L0201,2025-03-10 13:56:57,55
A07732,S1021,DS400,discussion,DS400-D0805,2025-04-08 16:01:09,21
A07733,S1046,MATH150,video,MATH150-V0604,2025-03-08 21:01:43,71
A07734,S1009,DS400,video,DS400-V0903,2025-02-26 04:43:58,90
A07735,S1041,CS101,assignment,CS101-A0503,2025-04-03 15:37:37,44
A07736,S1002,DS200,discussion,DS200-D0904,2025-02-20 16:08:09,68
A07737,S1013,MATH150,quiz,MATH150-Q0705,2025-04-16 05:20:44,3
A07738,S1034,CS101,reading,CS101-R0505,2025-03-25 10:22:46,51
A07739,S1003,DS200,discussion,DS200-D0703,2025-02-23 17:30:49,24
A07740,S1044,DS400,assignment,DS400-A0401,2025-03-07 07:47:34,85
A07741,S1013,CS101,quiz,CS101-Q0104,2025-04-29 11:30:14,77
A07742,S1007,DS400,lecture,DS400-L0505,2025-04-10 10:46:37,64
A07743,S1034,CS301,lecture,CS301-L0203,2025-02-07 21:39:49,66
A07744,S1046,DS200,video,DS200-V0503,2025-02-08 17:03:40,23
A07745,S1039,DS400,video,DS400-V1003,2025-03-07 13:38:22,35
A07746,S1049,CS101,discussion,CS101-D0402,2025-04-18 11:31:13,64
A07747,S1036,DS400,lecture,DS400-L0504,2025-04-15 22:59:25,40
A07748,S1010,MATH150,lecture,MATH150-L0803,2025-02-23 11:05:36,68
A07749,S1009,CS101,video,CS101-V1003,2025-04-23 01:48:36,87
A07750,S1004,CS101,quiz,CS101-Q0904,2025-03-17 07:03:54,58
A07751,S1022,MATH150,lecture,MATH150-L0103,2025-02-20 07:54:52,41
A07752,S1031,CS301,assignment,CS301-A0102,2025-03-11 23:25:31,58
A07753,S1014,DS200,quiz,DS200-Q0203,2025-02-19 10:08:07,33
A07754,S1031,MATH150,lecture,MATH150-L0601,2025-04-23 13:14:15,56
A07755,S1048,DS200,video,DS200-V1003,2025-03-16 06:35:39,54
A07756,S1046,CS101,assignment,CS101-A0505,2025-04-28 09:43:57,89
A07757,S1011,MATH150,assignment,MATH150-A0404,2025-03-03 04:00:59,70
A07758,S1022,CS101,quiz,CS101-Q0902,2025-04-10 09:17:41,58
A07759,S1044,MATH150,assignment,MATH150-A0804,2025-02-21 13:52:14,8
A07760,S1049,CS301,lecture,CS301-L0504,2025-02-04 17:37:30,11
A07761,S1032,MATH150,lecture,MATH150-L1004,2025-03-03 15:17:41,4
A07762,S1047,CS101,lecture,CS101-L1002,2025-03-05 15:49:54,53
A07763,S1044,DS400,video,DS400-V0605,2025-04-06 10:39:46,55
A07764,S1009,CS301,discussion,CS301-D0405,2025-03-19 21:07:04,62
A07765,S1031,CS301,reading,CS301-R0501,2025-02-14 21:19:20,29
A07766,S1020,CS301,lecture,CS301-L0503,2025-02-12 23:40:56,25
A07767,S1029,MATH150,assignment,MATH150-A0102,2025-03-25 11:52:55,83
A07768,S1011,CS301,reading,CS301-R0703,2025-02-19 10:18:42,73
A07769,S1015,CS301,quiz,CS301-Q0604,2025-02-19 05:25:57,59
A07770,S1024,MATH150,reading,MATH150-R0501,2025-02-24 15:02:06,40
A07771,S1038,DS400,discussion,DS400-D0405,2025-03-17 11:02:01,47
A07772,S1040,MATH150,reading,MATH150-R0404,2025-04-06 15:09:12,39
A07773,S1041,DS200,video,DS200-V0105,2025-02-27 07:26:18,57
A07774,S1003,MATH150,reading,MATH150-R0504,2025-04-26 21:55:50,51
A07775,S1023,DS400,assignment,DS400-A0405,2025-04-07 02:29:27,2
A07776,S1005,DS400,assignment,DS400-A0804,2025-04-17 21:00:37,89
A07777,S1039,DS200,quiz,DS200-Q0103,2025-04-26 03:20:15,31
A07778,S1033,DS400,reading,DS400-R0305,2025-03-17 15:14:05,9
A07779,S1023,DS400,video,DS400-V0503,2025-02-23 16:32:17,4
A07780,S1009,DS400,discussion,DS400-D0802,2025-03-27 04:27:22,41
A07781,S1020,MATH150,video,MATH150-V0501,2025-02-17 00:03:10,79
A07782,S1050,MATH150,discussion,MATH150-D0103,2025-04-10 17:25:59,55
A07783,S1033,DS400,quiz,DS400-Q1005,2025-04-04 15:32:39,80
A07784,S1003,DS400,assignment,DS400-A0804,2025-02-21 05:28:30,33
A07785,S1043,DS200,quiz,DS200-Q0303,2025-03-16 12:19:37,60
A07786,S1007,CS101,reading,CS101-R0805,2025-03-18 03:43:28,25
A07787,S1031,DS400,lecture,DS400-L0604,2025-02-13 18:35:24,52
A07788,S1011,CS101,assignment,CS101-A0802,2025-03-10 13:55:45,61
A07789,S1006,DS200,assignment,DS200-A0904,2025-02-21 01:06:24,9
A07790,S1019,CS101,assignment,CS101-A0401,2025-03-29 03:10:36,89
A07791,S1008,CS301,quiz,CS301-Q0701,2025-03-15 01:22:41,22
A07792,S1020,CS301,discussion,CS301-D0905,2025-04-13 01:35:28,74
A07793,S1042,CS301,quiz,CS301-Q0702,2025-04-14 09:12:45,10
A07794,S1033,DS200,video,DS200-V0504,2025-03-29 03:57:06,81
A07795,S1041,DS200,video,DS200-V0504,2025-03-13 04:13:19,84
A07796,S1036,CS301,quiz,CS301-Q0104,2025-02-11 19:46:04,51
A07797,S1029,CS101,assignment,CS101-A0505,2025-04-07 11:51:44,74
A07798,S1023,CS301,discussion,CS301-D0303,2025-03-18 03:43:31,69
A07799,S1024,DS200,video,DS200-V0602,2025-03-31 21:33:49,65
A07800,S1004,CS101,discussion,CS101-D0403,2025-04-16 12:16:39,9
A07801,S1015,CS301,video,CS301-V0503,2025-02-28 00:38:26,17
A07802,S1019,CS301,lecture,CS301-L0203,2025-04-27 21:42:15,41
A07803,S1034,DS200,video,DS200-V0205,2025-02-12 20:52:20,73
A07804,S1022,CS101,quiz,CS101-Q0205,2025-02-02 01:24:47,58
A07805,S1002,CS301,quiz,CS301-Q0804,2025-04-07 16:14:23,78
A07806,S1013,CS101,video,CS101-V0204,2025-04-30 10:08:24,39
A07807,S1021,DS200,discussion,DS200-D0402,2025-03-12 17:34:12,38
A07808,S1011,MATH150,reading,MATH150-R0102,2025-03-08 21:31:15,32
A07809,S1016,DS200,assignment,DS200-A0201,2025-02-11 14:29:02,21
A07810,S1022,MATH150,assignment,MATH150-A0704,2025-03-05 16:04:08,77
A07811,S1005,MATH150,discussion,MATH150-D1005,2025-03-08 15:30:40,74
A07812,S1049,CS301,quiz,CS301-Q0102,2025-02-11 02:58:25,90
A07813,S1031,CS101,reading,CS101-R0705,2025-04-06 18:03:11,17
A07814,S1024,DS400,video,DS400-V0301,2025-02-08 08:59:08,35
A07815,S1014,MATH150,reading,MATH150-R0604,2025-04-20 23:47:54,25
A07816,S1026,CS301,discussion,CS301-D0905,2025-04-09 12:29:31,30
A07817,S1028,DS400,quiz,DS400-Q0404,2025-04-04 07:14:17,39
A07818,S1043,MATH150,assignment,MATH150-A0505,2025-03-23 04:05:23,15
A07819,S1002,CS301,video,CS301-V0304,2025-04-26 07:33:17,58
A07820,S1049,DS200,discussion,DS200-D0301,2025-03-10 11:24:57,3
A07821,S1018,DS200,discussion,DS200-D0502,2025-04-02 16:17:13,79
A07822,S1009,CS101,lecture,CS101-L1002,2025-02-27 17:34:50,58
A07823,S1017,DS200,assignment,DS200-A0601,2025-03-15 16:55:03,78
A07824,S1043,CS301,discussion,CS301-D0301,2025-03-29 18:45:23,75
A07825,S1048,DS200,discussion,DS200-D0802,2025-04-27 19:28:45,16
A07826,S1007,DS200,lecture,DS200-L0405,2025-02-16 12:50:14,76
A07827,S1040,DS400,video,DS400-V1005,2025-04-28 08:12:42,6
A07828,S1007,MATH150,lecture,MATH150-L0605,2025-03-07 19:01:54,39
A07829,S1032,CS301,lecture,CS301-L0705,2025-04-15 21:10:05,8
A07830,S1047,CS301,discussion,CS301-D0102,2025-02-05 13:45:21,40
A07831,S1047,CS101,lecture,CS101-L0603,2025-04-27 08:34:18,54
A07832,S1034,CS101,lecture,CS101-L0401,2025-04-22 11:54:55,36
A07833,S1014,DS200,quiz,DS200-Q0103,2025-03-21 19:05:52,34
A07834,S1013,DS200,lecture,DS200-L0201,2025-05-01 05:25:36,45
A07835,S1018,DS400,reading,DS400-R1005,2025-02-14 11:58:13,74
A07836,S1006,CS301,discussion,CS301-D0205,2025-03-10 15:53:25,80
A07837,S1043,CS101,discussion,CS101-D0202,2025-03-10 16:42:05,38
A07838,S1005,CS301,assignment,CS301-A0703,2025-04-10 18:33:07,73
A07839,S1009,CS101,reading,CS101-R1003,2025-03-26 11:57:16,82
A07840,S1014,CS301,lecture,CS301-L1001,2025-04-29 06:26:04,10
A07841,S1027,DS400,lecture,DS400-L0201,2025-03-06 21:56:47,85
A07842,S1014,CS301,lecture,CS301-L1004,2025-03-02 05:18:36,27
A07843,S1039,MATH150,reading,MATH150-R0403,2025-04-29 18:05:57,78
A07844,S1032,DS200,video,DS200-V0101,2025-04-25 10:09:24,75
A07845,S1027,CS101,lecture,CS101-L0602,2025-03-06 08:59:37,26
A07846,S1041,CS101,reading,CS101-R0402,2025-04-19 23:58:54,45
A07847,S1028,DS200,reading,DS200-R0905,2025-04-14 22:07:55,72
A07848,S1042,DS400,lecture,DS400-L0505,2025-03-21 23:25:14,6
A07849,S1017,CS301,reading,CS301-R0903,2025-03-05 04:52:45,46
A07850,S1007,CS301,discussion,CS301-D0402,2025-04-12 12:48:07,37
A07851,S1003,MATH150,assignment,MATH150-A0803,2025-02-11 13:20:31,11
A07852,S1041,DS400,video,DS400-V0602,2025-03-28 21:40:49,13
A07853,S1041,CS101,video,CS101-V0905,2025-02-09 00:24:39,89
A07854,S1026,CS301,quiz,CS301-Q0801,2025-04-03 12:02:47,87
A07855,S1024,DS200,lecture,DS200-L0903,2025-04-08 13:10:16,65
A07856,S1025,DS400,assignment,DS400-A0103,2025-04-10 08:29:06,25
A07857,S1039,MATH150,video,MATH150-V1001,2025-02-05 01:08:41,66
A07858,S1044,DS400,discussion,DS400-D0303,2025-04-17 23:41:30,70
A07859,S1041,MATH150,quiz,MATH150-Q0902,2025-04-01 23:23:22,70
A07860,S1003,DS200,quiz,DS200-Q0102,2025-03-17 18:36:59,61
A07861,S1014,CS101,video,CS101-V0103,2025-03-27 10:39:36,72
A07862,S1027,DS400,assignment,DS400-A0505,2025-03-08 07:36:42,27
A07863,S1045,CS101,quiz,CS101-Q0505,2025-03-18 09:54:01,71
A07864,S1005,DS200,reading,DS200-R0105,2025-03-07 18:19:45,89
A07865,S1042,CS101,reading,CS101-R0103,2025-02-07 10:25:48,10
A07866,S1036,CS101,video,CS101-V0701,2025-03-21 20:39:00,5
A07867,S1001,CS101,reading,CS101-R0903,2025-03-03 10:16:33,85
A07868,S1007,DS200,assignment,DS200-A0403,2025-03-23 00:46:29,14
A07869,S1001,DS400,reading,DS400-R0602,2025-03-04 18:40:47,42
A07870,S1016,DS400,quiz,DS400-Q0303,2025-04-24 14:37:14,47
A07871,S1028,CS101,reading,CS101-R0501,2025-02-16 22:57:17,85
A07872,S1046,DS400,discussion,DS400-D0801,2025-02-07 22:56:23,8
A07873,S1040,DS200,assignment,DS200-A0301,2025-03-06 05:38:00,19
A07874,S1038,MATH150,lecture,MATH150-L0804,2025-02-12 12:17:16,15
A07875,S1007,MATH150,discussion,MATH150-D0402,2025-02-26 04:37:19,5
A07876,S1039,CS301,assignment,CS301-A0602,2025-04-08 13:54:11,53
A07877,S1005,DS200,lecture,DS200-L0704,2025-04-12 05:29:22,73
A07878,S1020,DS400,lecture,DS400-L0101,2025-02-09 08:23:11,9
A07879,S1011,DS200,video,DS200-V0101,2025-03-14 15:03:04,59
A07880,S1038,CS301,reading,CS301-R0604,2025-04-06 00:47:24,60
A07881,S1016,DS200,video,DS200-V0902,2025-03-11 13:34:06,65
A07882,S1020,CS101,reading,CS101-R0403,2025-03-01 04:59:12,51
A07883,S1011,DS200,discussion,DS200-D0104,2025-02-27 11:42:54,85
A07884,S1039,CS101,reading,CS101-R0405,2025-04-08 07:17:30,74
A07885,S1050,CS101,reading,CS101-R1003,2025-02-02 14:11:16,79
A07886,S1049,MATH150,video,MATH150-V0901,2025-03-16 04:51:47,70
A07887,S1015,CS301,video,CS301-V0604,2025-03-21 14:59:14,23
A07888,S1006,CS101,assignment,CS101-A0904,2025-02-19 20:03:54,60
A07889,S1019,CS101,lecture,CS101-L0605,2025-02-09 14:19:54,45
A07890,S1048,CS301,discussion,CS301-D0901,2025-03-10 02:22:19,44
A07891,S1022,CS101,discussion,CS101-D0505,2025-03-08 13:28:05,48
A07892,S1011,DS400,quiz,DS400-Q0502,2025-04-03 17:45:11,41
A07893,S1009,DS200,lecture,DS200-L0802,2025-02-14 07:41:17,71
A07894,S1020,DS200,reading,DS200-R0904,2025-05-02 19:05:21,83
A07895,S1043,DS200,discussion,DS200-D0901,2025-04-07 06:11:15,21
A07896,S1002,DS200,discussion,DS200-D0204,2025-02-18 14:29:54,50
A07897,S1021,CS101,assignment,CS101-A0403,2025-02-16 00:13:12,5
A07898,S1020,MATH150,quiz,MATH150-Q0901,2025-02-25 14:00:40,14
A07899,S1019,MATH150,quiz,MATH150-Q0303,2025-02-23 22:11:19,8
A07900,S1014,CS101,video,CS101-V0501,2025-02-23 04:38:36,3
A07901,S1001,CS101,lecture,CS101-L0401,2025-03-01 05:18:49,55
A07902,S1020,MATH150,video,MATH150-V0203,2025-02-25 23:35:09,60
A07903,S1042,CS301,discussion,CS301-D0103,2025-03-06 11:26:09,85
A07904,S1040,DS200,assignment,DS200-A0304,2025-03-19 22:01:27,4
A07905,S1043,DS200,quiz,DS200-Q0103,2025-03-28 13:39:25,60
A07906,S1026,DS400,assignment,DS400-A0805,2025-03-30 13:03:33,67
A07907,S1029,DS200,reading,DS200-R0705,2025-03-16 04:57:40,83
A07908,S1050,MATH150,lecture,MATH150-L0202,2025-03-07 15:02:04,2
A07909,S1029,CS301,reading,CS301-R1005,2025-03-10 19:07:01,58
A07910,S1011,CS301,assignment,CS301-A0702,2025-02-23 00:21:27,73
A07911,S1027,DS400,lecture,DS400-L0104,2025-02-12 20:39:35,14
A07912,S1040,MATH150,quiz,MATH150-Q0601,2025-04-06 18:33:19,46
A07913,S1041,DS200,video,DS200-V0101,2025-02-08 06:49:57,19
A07914,S1031,CS101,assignment,CS101-A0502,2025-02-14 08:33:14,90
A07915,S1024,DS400,assignment,DS400-A0402,2025-04-05 21:04:47,18
A07916,S1014,DS400,lecture,DS400-L0502,2025-02-22 11:22:37,15
A07917,S1027,CS101,quiz,CS101-Q0705,2025-04-28 06:46:54,86
A07918,S1031,MATH150,assignment,MATH150-A0504,2025-03-30 09:35:04,63
A07919,S1003,CS301,lecture,CS301-L0205,2025-03-25 01:02:49,75
A07920,S1022,CS101,lecture,CS101-L0203,2025-03-21 20:14:01,70
A07921,S1030,DS200,video,DS200-V1001,2025-05-01 13:32:41,26
A07922,S1032,CS101,reading,CS101-R0605,2025-03-12 18:30:28,2
A07923,S1012,CS301,reading,CS301-R0302,2025-03-13 00:27:56,23
A07924,S1047,MATH150,reading,MATH150-R0905,2025-04-12 21:42:12,37
A07925,S1046,CS301,assignment,CS301-A1002,2025-03-17 04:08:03,9
A07926,S1018,CS301,assignment,CS301-A0904,2025-03-07 12:05:15,4
A07927,S1034,CS101,reading,CS101-R0801,2025-02-08 10:12:33,64
A07928,S1034,MATH150,assignment,MATH150-A0503,2025-02-06 15:17:42,8
A07929,S1010,CS301,reading,CS301-R0905,2025-02-26 16:15:28,22
A07930,S1018,MATH150,video,MATH150-V0805,2025-04-23 01:04:53,27
A07931,S1026,CS301,quiz,CS301-Q0103,2025-03-03 22:14:55,69
A07932,S1049,CS301,assignment,CS301-A0801,2025-02-13 11:26:53,69
A07933,S1034,CS101,quiz,CS101-Q0205,2025-02-18 06:14:55,63
A07934,S1046,CS301,assignment,CS301-A0403,2025-04-22 20:07:15,58
A07935,S1030,MATH150,discussion,MATH150-D0704,2025-03-24 03:40:26,38
A07936,S1024,DS200,quiz,DS200-Q0402,2025-04-05 05:24:13,82
A07937,S1041,CS101,assignment,CS101-A0905,2025-02-12 00:33:18,41
A07938,S1027,CS301,reading,CS301-R0501,2025-04-22 10:25:27,28
A07939,S1022,MATH150,assignment,MATH150-A0603,2025-04-07 03:12:29,57
A07940,S1039,CS301,assignment,CS301-A0104,2025-04-01 05:39:19,8
A07941,S1031,CS301,assignment,CS301-A0103,2025-04-04 03:03:30,82
A07942,S1024,MATH150,video,MATH150-V0101,2025-02-08 18:55:04,63
A07943,S1013,CS101,reading,CS101-R0202,2025-03-19 13:52:01,23
A07944,S1023,DS400,video,DS400-V0202,2025-03-29 16:04:22,81
A07945,S1036,MATH150,quiz,MATH150-Q0802,2025-02-26 22:53:04,7
A07946,S1024,MATH150,reading,MATH150-R0303,2025-04-25 12:31:30,14
A07947,S1032,CS301,reading,CS301-R0903,2025-03-15 17:23:29,42
A07948,S1010,CS301,reading,CS301-R0303,2025-02-22 20:18:12,57
A07949,S1020,DS200,discussion,DS200-D0302,2025-02-04 04:04:58,24
A07950,S1009,CS101,reading,CS101-R0201,2025-03-14 11:50:31,38
A07951,S1037,CS301,lecture,CS301-L0802,2025-03-10 09:02:55,44
A07952,S1011,CS101,assignment,CS101-A0203,2025-03-23 17:34:44,60
A07953,S1027,CS101,discussion,CS101-D0704,2025-02-24 09:13:40,57
A07954,S1011,MATH150,lecture,MATH150-L0105,2025-02-25 00:57:28,21
A07955,S1008,DS400,reading,DS400-R0705,2025-02-20 19:36:21,23
A07956,S1004,MATH150,assignment,MATH150-A0104,2025-04-13 13:57:37,45
A07957,S1003,CS301,discussion,CS301-D0701,2025-04-08 05:11:28,43
A07958,S1035,DS400,reading,DS400-R0503,2025-02-14 03:56:19,28
A07959,S1026,MATH150,discussion,MATH150-D0501,2025-02-11 22:03:34,4
A07960,S1003,DS200,lecture,DS200-L0905,2025-03-10 07:25:54,63
A07961,S1026,CS101,reading,CS101-R0104,2025-02-15 19:57:48,32
A07962,S1012,CS101,reading,CS101-R0204,2025-03-04 11:02:04,16
A07963,S1039,CS301,quiz,CS301-Q1002,2025-04-29 08:06:47,74
A07964,S1027,CS101,reading,CS101-R0904,2025-03-08 04:58:46,30
A07965,S1006,MATH150,assignment,MATH150-A0403,2025-04-30 03:20:11,23
A07966,S1012,CS101,quiz,CS101-Q0103,2025-02-22 22:32:42,11
A07967,S1044,CS101,quiz,CS101-Q0802,2025-02-17 23:39:44,19
A07968,S1036,CS301,reading,CS301-R1005,2025-04-27 09:02:45,43
A07969,S1033,DS400,video,DS400-V0704,2025-03-02 07:47:54,22
A07970,S1035,CS301,lecture,CS301-L0204,2025-04-17 23:54:01,51
A07971,S1045,CS301,assignment,CS301-A0904,2025-02-22 14:14:28,65
A07972,S1049,DS400,lecture,DS400-L0201,2025-02-08 01:27:01,27
A07973,S1003,MATH150,video,MATH150-V1002,2025-02-22 01:18:58,68
A07974,S1015,MATH150,video,MATH150-V0302,2025-03-19 01:31:10,64
A07975,S1022,CS101,reading,CS101-R0505,2025-04-20 17:27:39,4
A07976,S1026,DS200,assignment,DS200-A0303,2025-02-28 22:14:36,71
A07977,S1044,DS400,quiz,DS400-Q0903,2025-03-13 15:44:22,5
A07978,S1018,CS101,assignment,CS101-A0304,2025-02-12 01:11:50,51
A07979,S1047,MATH150,reading,MATH150-R0502,2025-03-19 05:18:28,75
A07980,S1016,DS200,assignment,DS200-A1005,2025-03-19 09:22:31,8
A07981,S1009,CS101,reading,CS101-R0701,2025-04-14 20:11:42,50
A07982,S1040,CS101,reading,CS101-R0804,2025-02-08 22:42:09,7
A07983,S1010,DS400,quiz,DS400-Q0603,2025-03-02 09:25:19,11
A07984,S1038,CS101,reading,CS101-R0404,2025-03-19 00:15:51,5
A07985,S1011,DS400,assignment,DS400-A0704,2025-05-02 15:28:19,5
A07986,S1022,CS101,video,CS101-V0604,2025-04-18 10:59:56,22
A07987,S1016,CS301,video,CS301-V0504,2025-04-07 16:25:31,35
A07988,S1050,MATH150,quiz,MATH150-Q0103,2025-03-26 00:54:28,46
A07989,S1006,CS101,discussion,CS101-D1001,2025-05-01 08:40:16,52
A07990,S1021,CS301,assignment,CS301-A0402,2025-04-26 12:18:02,24
A07991,S1044,CS301,quiz,CS301-Q1001,2025-04-16 17:02:49,15
A07992,S1005,CS301,discussion,CS301-D0601,2025-02-19 07:40:12,45
A07993,S1039,DS200,assignment,DS200-A0802,2025-04-20 04:56:32,75
A07994,S1005,CS301,discussion,CS301-D0502,2025-04-16 22:17:05,19
A07995,S1009,DS400,video,DS400-V0602,2025-03-26 21:51:09,33
A07996,S1005,DS400,quiz,DS400-Q0604,2025-03-11 18:18:08,12
A07997,S1032,CS301,reading,CS301-R0802,2025-02-17 09:27:57,86
A07998,S1017,MATH150,discussion,MATH150-D0902,2025-03-16 04:52:24,56
A07999,S1001,CS301,discussion,CS301-D0902,2025-02-24 16:16:54,85
A08000,S1019,CS101,discussion,CS101-D0402,2025-03-19 16:32:32,66
A08001,S1014,CS301,assignment,CS301-A0203,2025-04-23 18:25:51,82
A08002,S1037,DS200,quiz,DS200-Q0705,2025-03-13 06:32:13,49
A08003,S1042,DS400,lecture,DS400-L0901,2025-03-20 14:30:16,76
A08004,S1024,CS301,reading,CS301-R0401,2025-02-04 07:44:55,7
A08005,S1012,DS200,quiz,DS200-Q0601,2025-04-02 16:06:25,26
A08006,S1045,CS301,assignment,CS301-A0103,2025-03-19 12:53:43,1
A08007,S1040,DS200,discussion,DS200-D0102,2025-04-29 17:55:17,29
A08008,S1029,CS101,reading,CS101-R0301,2025-02-22 20:03:19,61
A08009,S1019,CS301,video,CS301-V0805,2025-02-23 23:26:02,75
A08010,S1012,DS200,assignment,DS200-A0705,2025-04-03 06:31:38,36
A08011,S1037,MATH150,reading,MATH150-R0304,2025-04-22 19:11:00,54
A08012,S1048,DS200,discussion,DS200-D0402,2025-03-12 05:51:20,74
A08013,S1033,DS200,video,DS200-V0501,2025-04-08 19:13:05,61
A08014,S1012,DS400,lecture,DS400-L1003,2025-04-02 06:19:56,65
A08015,S1007,CS301,lecture,CS301-L0901,2025-03-31 02:37:03,65
A08016,S1049,CS101,discussion,CS101-D0905,2025-04-13 03:34:26,8
A08017,S1017,CS101,discussion,CS101-D0402,2025-03-12 03:05:49,23
A08018,S1029,DS200,reading,DS200-R0503,2025-04-23 08:46:54,17
A08019,S1012,CS301,reading,CS301-R1003,2025-02-15 02:01:41,50
A08020,S1032,DS200,video,DS200-V0802,2025-02-19 20:51:59,19
A08021,S1007,MATH150,reading,MATH150-R0402,2025-03-04 22:46:47,7
A08022,S1050,CS101,quiz,CS101-Q1005,2025-02-20 02:03:28,24
A08023,S1037,CS301,reading,CS301-R0601,2025-02-10 03:47:33,86
A08024,S1026,MATH150,assignment,MATH150-A0204,2025-02-02 06:44:45,70
A08025,S1026,DS200,reading,DS200-R1003,2025-04-28 04:33:08,14
A08026,S1015,DS200,discussion,DS200-D0704,2025-04-21 20:09:37,1
A08027,S1048,MATH150,quiz,MATH150-Q0602,2025-04-05 03:30:54,74
A08028,S1026,CS301,assignment,CS301-A0504,2025-02-08 06:00:40,88
A08029,S1006,DS400,lecture,DS400-L0402,2025-04-06 19:00:13,1
A08030,S1030,DS200,video,DS200-V1001,2025-03-30 11:17:59,12
A08031,S1035,MATH150,quiz,MATH150-Q0603,2025-04-26 09:43:47,7
A08032,S1050,CS301,video,CS301-V0705,2025-04-10 08:32:00,86
A08033,S1033,MATH150,lecture,MATH150-L0704,2025-04-28 12:41:56,54
A08034,S1042,MATH150,reading,MATH150-R1005,2025-04-15 21:45:38,75
A08035,S1005,DS400,quiz,DS400-Q0705,2025-03-16 20:46:08,52
A08036,S1004,DS200,video,DS200-V0404,2025-02-28 13:06:48,40
A08037,S1037,DS400,reading,DS400-R0203,2025-02-24 15:20:31,58
A08038,S1043,CS101,assignment,CS101-A0502,2025-04-29 00:38:39,88
A08039,S1017,DS200,reading,DS200-R1001,2025-04-25 13:12:42,54
A08040,S1010,CS301,video,CS301-V0204,2025-03-19 07:15:12,61
A08041,S1049,MATH150,assignment,MATH150-A0502,2025-02-19 10:56:02,19
A08042,S1007,DS200,assignment,DS200-A0502,2025-04-05 13:32:07,14
A08043,S1046,DS400,quiz,DS400-Q0405,2025-02-10 20:48:08,86
A08044,S1047,DS400,lecture,DS400-L0403,2025-03-16 22:57:14,27
A08045,S1007,CS301,reading,CS301-R0201,2025-04-07 02:38:53,23
A08046,S1038,MATH150,discussion,MATH150-D0405,2025-03-05 14:43:22,2
A08047,S1033,DS200,video,DS200-V0304,2025-02-11 16:33:21,4
A08048,S1020,MATH150,video,MATH150-V0601,2025-02-22 23:56:29,41
A08049,S1042,CS301,assignment,CS301-A0403,2025-02-23 17:36:59,9
A08050,S1045,CS301,lecture,CS301-L1001,2025-04-29 15:41:16,49
A08051,S1015,DS200,reading,DS200-R0504,2025-04-03 20:46:49,11
A08052,S1045,MATH150,reading,MATH150-R0402,2025-04-04 21:44:53,82
A08053,S1033,DS200,reading,DS200-R0501,2025-03-20 22:30:32,53
A08054,S1035,DS400,video,DS400-V0301,2025-03-12 12:28:19,70
A08055,S1009,DS400,assignment,DS400-A1003,2025-03-06 23:29:39,71
A08056,S1045,CS101,video,CS101-V0903,2025-03-07 12:29:45,59
A08057,S1008,DS400,quiz,DS400-Q1001,2025-04-16 07:45:46,73
A08058,S1043,DS400,lecture,DS400-L0702,2025-03-09 17:06:03,38
A08059,S1039,DS400,video,DS400-V0203,2025-03-05 03:48:22,32
A08060,S1047,CS301,reading,CS301-R0202,2025-02-22 22:32:12,67
A08061,S1028,CS101,video,CS101-V0704,2025-04-10 02:10:32,38
A08062,S1025,CS101,quiz,CS101-Q0204,2025-04-23 01:43:27,2
A08063,S1021,MATH150,video,MATH150-V0404,2025-04-09 01:59:24,3
A08064,S1031,DS200,quiz,DS200-Q0801,2025-02-14 04:58:55,64
A08065,S1045,MATH150,quiz,MATH150-Q0104,2025-04-01 15:47:03,48
A08066,S1016,CS101,video,CS101-V0204,2025-04-19 12:26:31,68
A08067,S1050,DS400,reading,DS400-R0104,2025-04-03 05:48:31,58
A08068,S1009,DS400,quiz,DS400-Q0802,2025-04-25 19:00:03,7
A08069,S1018,CS101,discussion,CS101-D0702,2025-04-02 08:59:09,26
A08070,S1005,DS400,lecture,DS400-L0704,2025-03-27 11:04:17,81
A08071,S1029,MATH150,assignment,MATH150-A0904,2025-04-09 21:19:20,34
A08072,S1032,MATH150,lecture,MATH150-L0205,2025-04-22 13:13:03,19
A08073,S1041,MATH150,reading,MATH150-R0401,2025-03-17 20:36:40,43
A08074,S1021,CS101,reading,CS101-R0701,2025-03-16 01:16:56,15
A08075,S1019,DS200,discussion,DS200-D0501,2025-02-23 21:09:42,78
A08076,S1030,DS200,quiz,DS200-Q0803,2025-03-01 04:29:56,45
A08077,S1029,CS301,discussion,CS301-D0105,2025-03-02 10:37:49,12
A08078,S1017,DS200,reading,DS200-R0105,2025-03-08 02:37:21,51
A08079,S1013,CS301,assignment,CS301-A0102,2025-03-23 08:02:11,43
A08080,S1042,MATH150,video,MATH150-V0905,2025-02-19 22:26:18,25
A08081,S1008,DS200,video,DS200-V1005,2025-03-15 09:04:23,63
A08082,S1033,DS200,reading,DS200-R0403,2025-03-25 21:23:12,90
A08083,S1044,MATH150,discussion,MATH150-D1001,2025-04-27 11:33:05,78
A08084,S1030,CS301,quiz,CS301-Q0405,2025-03-09 00:22:55,66
A08085,S1026,DS400,video,DS400-V0303,2025-04-12 01:27:48,83
A08086,S1045,MATH150,video,MATH150-V0804,2025-02-20 21:59:01,54
A08087,S1026,DS200,discussion,DS200-D0801,2025-02-09 07:56:44,60
A08088,S1008,CS301,reading,CS301-R0403,2025-03-31 19:57:49,43
A08089,S1023,DS200,discussion,DS200-D0503,2025-04-21 04:52:45,7
A08090,S1028,DS400,discussion,DS400-D1003,2025-03-22 15:57:30,85
A08091,S1009,DS400,reading,DS400-R0904,2025-02-24 17:36:52,8
A08092,S1039,DS400,assignment,DS400-A0802,2025-03-24 09:48:01,43
A08093,S1021,MATH150,lecture,MATH150-L0805,2025-02-21 17:09:17,90
A08094,S1050,DS400,reading,DS400-R0401,2025-03-04 04:28:42,73
A08095,S1046,CS101,reading,CS101-R0301,2025-03-08 10:59:07,33
A08096,S1020,CS101,discussion,CS101-D0704,2025-04-24 16:24:21,50
A08097,S1010,MATH150,video,MATH150-V0903,2025-03-21 21:28:54,34
A08098,S1003,MATH150,lecture,MATH150-L0602,2025-04-15 03:57:33,86
A08099,S1045,CS301,assignment,CS301-A0801,2025-02-21 09:25:45,48
A08100,S1017,CS301,quiz,CS301-Q0702,2025-02-06 17:24:56,58
A08101,S1043,CS301,discussion,CS301-D1004,2025-03-04 23:40:41,10
A08102,S1043,CS101,discussion,CS101-D0104,2025-04-11 05:20:53,84
A08103,S1023,CS101,discussion,CS101-D0501,2025-03-21 05:16:08,22
A08104,S1015,MATH150,quiz,MATH150-Q0203,2025-04-13 09:32:12,6
A08105,S1018,CS101,assignment,CS101-A0204,2025-02-06 17:08:07,66
A08106,S1010,DS400,video,DS400-V0301,2025-03-30 21:59:01,19
A08107,S1021,CS101,assignment,CS101-A0405,2025-02-04 15:03:20,1
A08108,S1012,DS400,assignment,DS400-A0601,2025-02-08 02:06:53,12
A08109,S1020,CS301,reading,CS301-R0802,2025-04-02 18:24:29,74
A08110,S1004,MATH150,reading,MATH150-R0602,2025-02-25 05:39:08,62
A08111,S1033,DS200,assignment,DS200-A1001,2025-02-26 09:11:13,79
A08112,S1032,MATH150,quiz,MATH150-Q0503,2025-03-10 10:48:05,70
A08113,S1019,MATH150,video,MATH150-V0702,2025-02-20 20:39:38,27
A08114,S1016,DS400,discussion,DS400-D0504,2025-03-07 03:21:25,9
A08115,S1037,CS101,video,CS101-V0505,2025-02-21 06:33:49,7
A08116,S1036,DS200,reading,DS200-R0202,2025-02-05 20:47:41,16
A08117,S1028,CS101,quiz,CS101-Q0503,2025-04-20 23:38:52,75
A08118,S1003,DS200,reading,DS200-R1002,2025-04-27 18:29:06,38
A08119,S1008,CS301,assignment,CS301-A0802,2025-02-21 16:01:26,37
A08120,S1046,DS200,assignment,DS200-A0104,2025-02-12 15:38:44,71
A08121,S1047,DS200,lecture,DS200-L0902,2025-02-10 19:21:09,50
A08122,S1043,CS101,quiz,CS101-Q0405,2025-02-17 21:18:54,29
A08123,S1005,DS400,quiz,DS400-Q0805,2025-02-12 21:22:45,87
A08124,S1006,CS101,discussion,CS101-D0102,2025-05-02 17:21:37,31
A08125,S1035,DS400,video,DS400-V0705,2025-04-08 21:15:50,62
A08126,S1001,DS200,assignment,DS200-A0604,2025-04-01 22:00:54,41
A08127,S1016,MATH150,quiz,MATH150-Q0503,2025-04-06 21:20:11,9
A08128,S1005,DS400,assignment,DS400-A0403,2025-03-02 05:17:25,58
A08129,S1045,DS200,discussion,DS200-D0702,2025-03-31 07:59:51,73
A08130,S1045,CS301,video,CS301-V0501,2025-04-07 07:08:15,21
A08131,S1015,DS400,assignment,DS400-A0505,2025-02-15 20:12:57,8
A08132,S1015,CS101,quiz,CS101-Q0605,2025-02-09 04:23:40,34
A08133,S1021,CS101,discussion,CS101-D0105,2025-04-05 06:31:47,4
A08134,S1042,DS200,discussion,DS200-D0604,2025-02-15 07:30:48,67
A08135,S1025,DS400,video,DS400-V1003,2025-02-24 17:48:38,74
A08136,S1041,CS101,lecture,CS101-L0704,2025-02-23 20:39:46,29
A08137,S1014,DS400,video,DS400-V0804,2025-03-04 22:29:16,28
A08138,S1049,MATH150,discussion,MATH150-D0102,2025-04-10 01:59:32,39
A08139,S1037,CS301,quiz,CS301-Q0905,2025-03-29 16:22:32,22
A08140,S1016,DS400,reading,DS400-R0903,2025-04-13 05:15:29,43
A08141,S1048,DS200,lecture,DS200-L0201,2025-04-08 21:39:53,15
A08142,S1041,MATH150,assignment,MATH150-A0503,2025-04-17 23:59:28,40
A08143,S1036,MATH150,quiz,MATH150-Q1002,2025-02-02 06:02:41,58
A08144,S1018,CS101,reading,CS101-R0205,2025-04-25 22:20:14,60
A08145,S1001,DS200,assignment,DS200-A0302,2025-02-11 20:11:02,84
A08146,S1029,CS301,reading,CS301-R1005,2025-02-07 04:16:20,18
A08147,S1023,MATH150,assignment,MATH150-A1005,2025-02-25 06:44:05,74
A08148,S1005,CS101,video,CS101-V0301,2025-04-09 23:23:26,36
A08149,S1007,CS101,video,CS101-V0802,2025-03-23 05:06:56,9
A08150,S1004,DS200,discussion,DS200-D0802,2025-03-31 16:23:58,44
A08151,S1029,MATH150,reading,MATH150-R0202,2025-03-15 17:58:12,28
A08152,S1030,CS101,assignment,CS101-A0104,2025-04-16 21:59:20,78
A08153,S1028,DS200,video,DS200-V0102,2025-02-17 05:55:58,45
A08154,S1007,CS301,quiz,CS301-Q0704,2025-04-24 00:12:43,69
A08155,S1040,DS400,video,DS400-V0202,2025-03-21 08:36:55,37
A08156,S1027,DS200,lecture,DS200-L0402,2025-03-03 06:43:18,47
A08157,S1037,MATH150,discussion,MATH150-D0305,2025-03-09 13:19:26,51
A08158,S1023,CS301,video,CS301-V0205,2025-02-18 11:36:42,77
A08159,S1047,MATH150,discussion,MATH150-D0105,2025-04-29 21:10:30,73
A08160,S1020,MATH150,lecture,MATH150-L0504,2025-03-09 06:13:28,27
A08161,S1049,CS301,quiz,CS301-Q0404,2025-04-16 17:49:11,72
A08162,S1046,DS200,reading,DS200-R0703,2025-04-17 14:20:06,66
A08163,S1023,DS400,quiz,DS400-Q0504,2025-03-16 07:08:04,54
A08164,S1038,MATH150,assignment,MATH150-A0604,2025-03-21 01:37:19,1
A08165,S1021,CS101,discussion,CS101-D0703,2025-04-23 14:47:45,7
A08166,S1026,CS301,discussion,CS301-D1004,2025-05-02 12:33:33,36
A08167,S1022,CS101,lecture,CS101-L0605,2025-04-05 02:56:33,1
A08168,S1021,DS400,video,DS400-V0604,2025-03-22 17:11:08,59
A08169,S1001,MATH150,video,MATH150-V0703,2025-03-10 13:30:20,79
A08170,S1032,DS400,reading,DS400-R0105,2025-02-06 10:41:56,39
A08171,S1045,CS301,quiz,CS301-Q0104,2025-02-23 06:25:46,65
A08172,S1046,DS200,discussion,DS200-D0601,2025-04-12 09:23:12,38
A08173,S1007,CS301,video,CS301-V0803,2025-02-01 21:03:40,81
A08174,S1041,DS200,lecture,DS200-L1002,2025-02-19 09:33:23,43
A08175,S1012,CS101,video,CS101-V0405,2025-02-03 02:04:05,23
A08176,S1038,MATH150,reading,MATH150-R0702,2025-04-30 01:29:03,64
A08177,S1025,DS200,reading,DS200-R0203,2025-03-23 12:47:42,60
A08178,S1017,DS400,quiz,DS400-Q0203,2025-04-07 23:00:14,13
A08179,S1009,DS400,reading,DS400-R0503,2025-04-16 01:23:19,72
A08180,S1039,DS200,assignment,DS200-A0903,2025-02-23 13:57:38,81
A08181,S1015,MATH150,discussion,MATH150-D0505,2025-04-02 00:14:38,81
A08182,S1039,DS400,lecture,DS400-L0705,2025-03-07 14:32:17,29
A08183,S1023,DS400,assignment,DS400-A0602,2025-02-14 19:56:02,71
A08184,S1046,CS301,assignment,CS301-A0601,2025-02-14 11:15:49,1
A08185,S1037,CS101,lecture,CS101-L0901,2025-03-22 01:56:47,86
A08186,S1020,DS400,quiz,DS400-Q0401,2025-02-13 18:22:19,11
A08187,S1019,DS400,quiz,DS400-Q0402,2025-03-15 00:03:23,4
A08188,S1037,DS400,discussion,DS400-D0201,2025-03-04 09:47:03,86
A08189,S1001,MATH150,assignment,MATH150-A0605,2025-04-15 21:01:06,50
A08190,S1041,CS101,discussion,CS101-D0803,2025-02-07 20:27:18,4
A08191,S1046,MATH150,discussion,MATH150-D0803,2025-04-18 06:24:01,67
A08192,S1014,MATH150,assignment,MATH150-A0503,2025-04-01 04:01:51,35
A08193,S1011,CS101,lecture,CS101-L0502,2025-02-03 11:49:44,87
A08194,S1033,MATH150,lecture,MATH150-L0902,2025-03-26 19:40:03,81
A08195,S1027,MATH150,reading,MATH150-R1001,2025-04-23 18:19:39,60
A08196,S1036,CS301,video,CS301-V0603,2025-02-05 06:05:01,48
A08197,S1020,CS101,reading,CS101-R0205,2025-02-06 13:08:18,74
A08198,S1014,CS301,reading,CS301-R0804,2025-02-02 02:06:55,57
A08199,S1038,CS301,assignment,CS301-A0104,2025-02-10 20:52:35,86
A08200,S1028,DS400,reading,DS400-R0202,2025-04-16 16:52:38,47
A08201,S1007,DS200,discussion,DS200-D0505,2025-02-21 18:33:46,49
A08202,S1039,MATH150,reading,MATH150-R1003,2025-03-26 02:46:43,21
A08203,S1032,CS301,assignment,CS301-A0104,2025-03-30 11:28:30,80
A08204,S1009,DS200,quiz,DS200-Q1001,2025-04-22 13:07:15,48
A08205,S1025,DS400,assignment,DS400-A0505,2025-02-04 15:37:22,56
A08206,S1002,DS400,assignment,DS400-A0304,2025-03-15 02:35:19,16
A08207,S1002,CS101,video,CS101-V0403,2025-04-21 22:16:44,10
A08208,S1043,DS200,lecture,DS200-L1003,2025-03-09 08:27:42,76
A08209,S1046,CS301,discussion,CS301-D0203,2025-04-18 17:03:31,61
A08210,S1014,MATH150,discussion,MATH150-D0502,2025-03-28 11:34:25,45
A08211,S1041,CS301,video,CS301-V0404,2025-03-08 16:20:56,73
A08212,S1033,MATH150,discussion,MATH150-D0202,2025-04-13 23:30:24,70
A08213,S1048,CS301,assignment,CS301-A0904,2025-04-27 09:49:14,1
A08214,S1008,DS400,discussion,DS400-D0201,2025-02-13 12:30:48,30
A08215,S1015,CS301,discussion,CS301-D0602,2025-02-22 02:40:46,26
A08216,S1007,MATH150,video,MATH150-V0303,2025-02-09 18:55:19,81
A08217,S1029,CS101,assignment,CS101-A0801,2025-02-15 21:45:17,63
A08218,S1033,CS301,discussion,CS301-D0702,2025-02-25 17:24:49,66
A08219,S1032,DS400,assignment,DS400-A0105,2025-04-13 05:29:38,9
A08220,S1013,DS200,video,DS200-V0105,2025-02-15 15:08:42,24
A08221,S1004,MATH150,reading,MATH150-R0903,2025-04-06 20:03:42,31
A08222,S1021,CS101,discussion,CS101-D0805,2025-04-18 05:51:14,72
A08223,S1007,CS301,reading,CS301-R1003,2025-03-20 01:38:43,15
A08224,S1049,CS101,reading,CS101-R0303,2025-04-03 06:39:25,76
A08225,S1002,CS101,assignment,CS101-A0305,2025-03-02 11:31:26,22
A08226,S1009,MATH150,lecture,MATH150-L0801,2025-04-11 11:11:41,16
A08227,S1035,DS200,assignment,DS200-A0202,2025-03-21 21:01:03,64
A08228,S1044,MATH150,video,MATH150-V0501,2025-02-23 15:16:04,8
A08229,S1022,CS301,discussion,CS301-D0303,2025-04-11 12:50:35,82
A08230,S1006,CS301,video,CS301-V0402,2025-05-02 08:43:19,45
A08231,S1034,CS101,video,CS101-V0705,2025-02-17 17:25:26,21
A08232,S1004,CS101,assignment,CS101-A0602,2025-04-02 09:46:57,89
A08233,S1032,DS400,quiz,DS400-Q0903,2025-03-01 19:26:16,52
A08234,S1012,CS101,lecture,CS101-L0704,2025-02-02 17:10:42,82
A08235,S1004,CS301,video,CS301-V0105,2025-02-15 03:56:02,14
A08236,S1009,MATH150,lecture,MATH150-L0804,2025-03-15 21:12:27,37
A08237,S1047,MATH150,assignment,MATH150-A0404,2025-02-16 15:57:48,74
A08238,S1009,CS101,assignment,CS101-A0403,2025-02-06 03:03:01,82
A08239,S1007,CS101,video,CS101-V0503,2025-05-02 14:02:17,78
A08240,S1025,DS400,assignment,DS400-A1003,2025-02-04 11:58:35,76
A08241,S1009,DS400,lecture,DS400-L0903,2025-03-23 06:21:44,75
A08242,S1038,MATH150,reading,MATH150-R0505,2025-02-28 20:43:32,77
A08243,S1029,DS200,reading,DS200-R0504,2025-04-24 16:25:25,19
A08244,S1043,CS101,reading,CS101-R0803,2025-04-19 06:29:51,40
A08245,S1009,CS101,quiz,CS101-Q0604,2025-02-24 07:02:14,73
A08246,S1017,DS400,lecture,DS400-L0504,2025-03-05 11:32:27,13
A08247,S1019,MATH150,reading,MATH150-R0504,2025-04-10 05:30:58,47
A08248,S1032,MATH150,discussion,MATH150-D0203,2025-04-14 15:29:09,41
A08249,S1011,MATH150,video,MATH150-V0905,2025-03-25 17:33:55,86
A08250,S1026,MATH150,quiz,MATH150-Q0601,2025-04-28 18:36:35,72
A08251,S1040,DS200,lecture,DS200-L0502,2025-02-09 20:29:55,61
A08252,S1036,MATH150,video,MATH150-V0202,2025-03-31 17:35:41,13
A08253,S1015,CS301,assignment,CS301-A1005,2025-03-22 08:15:43,44
A08254,S1017,DS400,video,DS400-V1002,2025-03-21 05:17:36,63
A08255,S1031,DS200,assignment,DS200-A0801,2025-03-09 00:33:41,33
A08256,S1010,DS200,reading,DS200-R0202,2025-03-04 16:22:28,1
A08257,S1046,DS200,discussion,DS200-D0403,2025-04-16 09:29:35,13
A08258,S1012,MATH150,quiz,MATH150-Q0302,2025-02-24 03:53:24,59
A08259,S1010,CS101,quiz,CS101-Q0501,2025-04-01 01:09:38,62
A08260,S1023,DS200,quiz,DS200-Q0101,2025-04-25 23:18:46,55
A08261,S1016,DS200,video,DS200-V1005,2025-03-27 22:56:12,85
A08262,S1041,DS400,quiz,DS400-Q0802,2025-02-23 19:48:33,48
A08263,S1011,CS101,lecture,CS101-L0903,2025-05-01 19:30:58,68
A08264,S1013,CS301,reading,CS301-R0605,2025-04-29 12:42:20,23
A08265,S1027,DS200,video,DS200-V0205,2025-04-01 11:27:21,36
A08266,S1050,MATH150,lecture,MATH150-L0105,2025-03-24 16:20:48,45
A08267,S1049,DS400,discussion,DS400-D1005,2025-04-11 19:20:38,86
A08268,S1006,DS400,lecture,DS400-L0205,2025-04-03 02:27:25,35
A08269,S1012,DS400,lecture,DS400-L0805,2025-02-24 16:51:38,37
A08270,S1009,CS101,quiz,CS101-Q0502,2025-02-21 08:03:51,85
A08271,S1038,MATH150,reading,MATH150-R0403,2025-02-20 20:23:43,25
A08272,S1019,DS400,assignment,DS400-A0801,2025-04-17 12:01:03,77
A08273,S1029,DS200,assignment,DS200-A0103,2025-02-06 18:33:59,73
A08274,S1044,DS200,video,DS200-V0502,2025-02-28 18:27:11,26
A08275,S1041,CS101,lecture,CS101-L1001,2025-04-08 23:02:42,59
A08276,S1015,CS101,quiz,CS101-Q0402,2025-02-14 20:38:58,38
A08277,S1042,DS200,lecture,DS200-L0904,2025-04-17 03:16:31,22
A08278,S1020,MATH150,quiz,MATH150-Q0902,2025-04-24 07:57:32,74
A08279,S1048,CS101,quiz,CS101-Q0202,2025-02-09 23:38:10,22
A08280,S1024,CS301,discussion,CS301-D0905,2025-03-15 18:47:58,77
A08281,S1005,CS101,video,CS101-V0501,2025-03-29 02:33:45,65
A08282,S1043,DS200,quiz,DS200-Q0303,2025-03-02 02:43:21,84
A08283,S1040,MATH150,video,MATH150-V0104,2025-03-11 03:28:47,74
A08284,S1038,CS101,reading,CS101-R0305,2025-02-22 07:26:05,11
A08285,S1006,DS400,quiz,DS400-Q0805,2025-03-29 19:42:54,46
A08286,S1007,CS301,quiz,CS301-Q0601,2025-02-12 05:16:59,69
A08287,S1004,CS101,reading,CS101-R0503,2025-02-03 21:29:14,19
A08288,S1030,CS301,quiz,CS301-Q0101,2025-04-07 11:21:02,17
A08289,S1015,CS101,quiz,CS101-Q0303,2025-04-24 18:40:48,61
A08290,S1024,CS101,lecture,CS101-L0101,2025-02-22 19:19:31,50
A08291,S1027,DS400,reading,DS400-R0803,2025-02-25 02:11:50,75
A08292,S1050,CS301,assignment,CS301-A0405,2025-02-28 02:22:36,58
A08293,S1041,CS101,assignment,CS101-A0903,2025-04-20 17:33:20,47
A08294,S1033,CS101,quiz,CS101-Q0401,2025-05-02 18:23:22,23
A08295,S1007,DS200,discussion,DS200-D0205,2025-02-17 07:16:29,25
A08296,S1027,DS200,quiz,DS200-Q0303,2025-04-23 00:11:45,15
A08297,S1006,DS200,discussion,DS200-D0901,2025-04-15 02:25:23,27
A08298,S1049,CS101,lecture,CS101-L0304,2025-02-16 17:10:26,30
A08299,S1029,CS101,reading,CS101-R0104,2025-04-18 19:53:02,59
A08300,S1044,MATH150,discussion,MATH150-D0303,2025-02-17 09:54:48,20
A08301,S1037,DS200,reading,DS200-R0504,2025-03-06 13:24:53,87
A08302,S1018,CS301,quiz,CS301-Q0401,2025-03-15 20:42:58,78
A08303,S1006,MATH150,reading,MATH150-R0605,2025-04-24 15:48:02,7
A08304,S1014,CS301,reading,CS301-R0403,2025-04-15 11:35:52,37
A08305,S1011,DS200,quiz,DS200-Q0303,2025-03-16 07:10:58,55
A08306,S1029,CS301,assignment,CS301-A0302,2025-03-13 14:45:57,90
A08307,S1031,CS301,lecture,CS301-L0803,2025-04-05 09:35:30,57
A08308,S1038,CS101,reading,CS101-R0603,2025-02-18 00:01:33,19
A08309,S1019,DS200,assignment,DS200-A0103,2025-03-31 20:54:09,55
A08310,S1017,DS200,reading,DS200-R0505,2025-03-17 13:15:24,69
A08311,S1004,CS301,reading,CS301-R0404,2025-02-09 22:34:40,80
A08312,S1042,CS301,lecture,CS301-L0403,2025-04-25 10:40:20,66
A08313,S1040,CS301,video,CS301-V0201,2025-03-15 10:42:03,6
A08314,S1008,MATH150,quiz,MATH150-Q0602,2025-04-29 02:04:47,73
A08315,S1039,MATH150,video,MATH150-V0201,2025-04-17 20:22:24,82
A08316,S1047,MATH150,reading,MATH150-R0303,2025-02-02 08:10:56,12
A08317,S1023,CS101,assignment,CS101-A0502,2025-04-24 11:42:30,82
A08318,S1030,DS400,lecture,DS400-L0904,2025-04-24 05:00:16,71
A08319,S1002,DS400,discussion,DS400-D0403,2025-03-25 01:37:42,48
A08320,S1023,DS400,assignment,DS400-A0404,2025-02-27 04:46:29,42
A08321,S1017,DS400,quiz,DS400-Q0605,2025-03-17 11:03:26,74
A08322,S1037,CS301,reading,CS301-R0303,2025-04-14 02:27:20,38
A08323,S1011,DS400,assignment,DS400-A0103,2025-02-22 13:14:33,50
A08324,S1034,DS200,quiz,DS200-Q0604,2025-03-23 21:16:07,33
A08325,S1038,CS301,assignment,CS301-A0903,2025-02-07 20:46:07,89
A08326,S1029,DS400,assignment,DS400-A0704,2025-05-02 19:36:42,24
A08327,S1049,MATH150,video,MATH150-V0105,2025-02-12 06:14:08,43
A08328,S1034,CS101,discussion,CS101-D0704,2025-03-24 14:17:43,87
A08329,S1050,DS400,reading,DS400-R0601,2025-02-12 07:27:57,78
A08330,S1015,DS200,reading,DS200-R0704,2025-02-08 18:25:55,83
A08331,S1046,DS400,discussion,DS400-D1002,2025-03-18 22:29:53,44
A08332,S1011,DS200,quiz,DS200-Q0201,2025-04-28 00:30:03,2
A08333,S1047,DS200,assignment,DS200-A1003,2025-04-27 04:35:11,79
A08334,S1042,CS301,video,CS301-V0601,2025-04-20 16:48:19,72
A08335,S1032,MATH150,quiz,MATH150-Q0103,2025-02-21 16:04:11,24
A08336,S1003,DS400,assignment,DS400-A0404,2025-02-09 06:43:57,29
A08337,S1044,CS101,lecture,CS101-L0503,2025-04-21 05:22:03,53
A08338,S1018,CS101,discussion,CS101-D0802,2025-04-11 19:26:52,73
A08339,S1043,MATH150,lecture,MATH150-L0102,2025-03-15 08:46:01,64
A08340,S1021,DS400,lecture,DS400-L0705,2025-04-18 15:58:33,29
A08341,S1010,DS400,discussion,DS400-D0501,2025-02-08 18:00:28,12
A08342,S1030,CS101,video,CS101-V0102,2025-04-11 12:07:41,63
A08343,S1002,DS400,quiz,DS400-Q0205,2025-02-27 13:12:20,53
A08344,S1030,DS400,lecture,DS400-L0904,2025-03-20 02:17:57,90
A08345,S1015,CS301,video,CS301-V0204,2025-04-20 17:37:43,74
A08346,S1010,CS301,reading,CS301-R1002,2025-03-21 11:29:48,40
A08347,S1027,CS101,lecture,CS101-L0101,2025-03-12 16:19:39,82
A08348,S1039,CS301,quiz,CS301-Q0501,2025-02-02 00:41:57,77
A08349,S1045,CS301,lecture,CS301-L0205,2025-02-22 18:52:23,17
A08350,S1024,CS301,quiz,CS301-Q0205,2025-02-02 17:09:51,49
A08351,S1007,CS101,discussion,CS101-D0602,2025-04-21 14:09:47,59
A08352,S1003,CS101,quiz,CS101-Q0101,2025-02-11 14:29:29,1
A08353,S1010,DS200,video,DS200-V0202,2025-04-11 01:15:09,51
A08354,S1036,DS200,discussion,DS200-D0103,2025-02-11 04:09:07,5
A08355,S1008,CS101,discussion,CS101-D0204,2025-03-28 20:28:55,26
A08356,S1018,DS400,lecture,DS400-L0104,2025-05-01 19:06:44,60
A08357,S1028,DS400,discussion,DS400-D0801,2025-02-05 17:21:15,15
A08358,S1019,DS400,reading,DS400-R0201,2025-04-19 17:12:44,55
A08359,S1015,DS200,discussion,DS200-D0302,2025-03-09 02:18:52,15
A08360,S1037,CS301,reading,CS301-R0305,2025-03-05 20:22:54,65
A08361,S1041,CS301,lecture,CS301-L0704,2025-02-16 00:47:22,14
A08362,S1005,CS301,lecture,CS301-L0303,2025-02-26 10:53:26,39
A08363,S1039,CS301,reading,CS301-R0601,2025-02-17 02:52:33,36
A08364,S1048,DS200,assignment,DS200-A0205,2025-04-07 06:42:09,19
A08365,S1021,MATH150,assignment,MATH150-A0901,2025-03-06 00:59:29,90
A08366,S1030,MATH150,discussion,MATH150-D0601,2025-04-28 07:47:16,22
A08367,S1019,DS200,reading,DS200-R0304,2025-02-22 18:32:23,32
A08368,S1024,DS200,video,DS200-V0204,2025-04-03 23:26:00,42
A08369,S1019,DS400,quiz,DS400-Q0801,2025-04-24 19:16:18,88
A08370,S1013,DS200,lecture,DS200-L0301,2025-03-12 18:26:15,12
A08371,S1045,DS200,discussion,DS200-D0301,2025-02-24 16:45:42,14
A08372,S1050,DS400,quiz,DS400-Q0804,2025-04-23 14:55:54,60
A08373,S1018,MATH150,discussion,MATH150-D0302,2025-03-23 09:57:54,63
A08374,S1036,CS101,quiz,CS101-Q0405,2025-02-07 20:53:09,6
A08375,S1020,DS400,quiz,DS400-Q0401,2025-04-10 15:18:38,75
A08376,S1025,CS301,quiz,CS301-Q0804,2025-02-18 19:51:14,73
A08377,S1025,CS101,assignment,CS101-A0305,2025-04-25 07:14:07,56
A08378,S1042,MATH150,discussion,MATH150-D1001,2025-04-30 22:12:53,82
A08379,S1003,MATH150,assignment,MATH150-A0801,2025-03-14 04:00:33,39
A08380,S1039,MATH150,reading,MATH150-R0605,2025-04-25 06:32:56,34
A08381,S1047,MATH150,quiz,MATH150-Q0604,2025-03-18 17:02:14,16
A08382,S1016,CS301,lecture,CS301-L0602,2025-02-26 14:20:29,22
A08383,S1030,DS400,assignment,DS400-A1002,2025-04-04 14:00:33,23
A08384,S1034,CS301,video,CS301-V0302,2025-04-21 02:37:51,60
A08385,S1050,CS301,quiz,CS301-Q0603,2025-04-16 06:57:46,69
A08386,S1041,MATH150,video,MATH150-V0803,2025-04-17 11:36:45,77
A08387,S1050,MATH150,quiz,MATH150-Q0503,2025-04-03 20:17:53,36
A08388,S1042,CS101,video,CS101-V0101,2025-02-16 22:51:20,83
A08389,S1007,MATH150,video,MATH150-V0704,2025-03-05 13:23:43,73
A08390,S1019,MATH150,video,MATH150-V0905,2025-02-18 14:10:59,28
A08391,S1009,DS200,reading,DS200-R0602,2025-02-23 01:44:54,45
A08392,S1025,CS301,discussion,CS301-D0302,2025-04-18 00:55:31,68
A08393,S1039,CS301,reading,CS301-R0803,2025-03-03 07:35:11,78
A08394,S1041,DS200,assignment,DS200-A0102,2025-04-24 13:14:23,90
A08395,S1040,DS400,lecture,DS400-L0202,2025-02-24 11:17:47,82
A08396,S1030,CS301,lecture,CS301-L1001,2025-04-30 06:32:06,47
A08397,S1044,CS301,quiz,CS301-Q0101,2025-05-01 15:13:27,40
A08398,S1006,CS101,lecture,CS101-L0605,2025-02-12 08:28:46,82
A08399,S1025,DS200,video,DS200-V0203,2025-02-25 11:58:12,79
A08400,S1018,DS200,discussion,DS200-D0201,2025-03-08 15:34:03,70
A08401,S1030,CS301,reading,CS301-R0105,2025-04-18 04:37:43,9
A08402,S1025,DS200,discussion,DS200-D0803,2025-02-04 01:46:25,48
A08403,S1029,DS400,video,DS400-V0203,2025-02-08 02:52:53,5
A08404,S1042,DS400,discussion,DS400-D0201,2025-02-04 19:49:36,83
A08405,S1038,MATH150,reading,MATH150-R0401,2025-02-05 07:37:42,18
A08406,S1030,CS301,video,CS301-V0301,2025-04-08 15:13:49,49
A08407,S1022,CS301,discussion,CS301-D0502,2025-03-17 05:16:24,83
A08408,S1027,DS200,discussion,DS200-D0105,2025-02-18 16:21:22,49
A08409,S1013,DS200,quiz,DS200-Q0804,2025-04-14 09:18:06,29
A08410,S1045,CS101,lecture,CS101-L0502,2025-02-09 13:23:01,8
A08411,S1030,MATH150,video,MATH150-V1005,2025-04-26 19:34:05,61
A08412,S1006,MATH150,lecture,MATH150-L0502,2025-03-15 19:15:53,38
A08413,S1009,DS400,video,DS400-V0104,2025-04-07 22:45:03,33
A08414,S1047,CS301,lecture,CS301-L0502,2025-03-23 00:29:06,26
A08415,S1047,DS400,assignment,DS400-A0204,2025-03-22 03:32:13,39
A08416,S1046,DS200,assignment,DS200-A0905,2025-04-23 18:12:24,41
A08417,S1020,CS101,reading,CS101-R0903,2025-04-06 15:00:30,61
A08418,S1017,DS200,discussion,DS200-D1003,2025-03-21 07:22:28,44
A08419,S1009,DS400,discussion,DS400-D0802,2025-04-06 03:28:29,40
A08420,S1022,DS400,quiz,DS400-Q1005,2025-03-31 02:47:49,70
A08421,S1012,DS200,reading,DS200-R0603,2025-04-10 01:14:58,38
A08422,S1002,MATH150,video,MATH150-V0201,2025-02-02 18:53:05,15
A08423,S1020,DS400,discussion,DS400-D0701,2025-02-12 12:06:56,61
A08424,S1029,DS400,reading,DS400-R0503,2025-02-22 03:19:53,73
A08425,S1048,CS101,assignment,CS101-A0604,2025-04-11 04:06:55,80
A08426,S1035,CS301,quiz,CS301-Q0304,2025-03-31 14:20:23,23
A08427,S1014,DS200,discussion,DS200-D0602,2025-05-02 19:34:02,2
A08428,S1003,DS200,assignment,DS200-A0603,2025-02-20 20:04:49,77
A08429,S1022,DS200,assignment,DS200-A0604,2025-04-10 04:10:58,27
A08430,S1030,CS301,assignment,CS301-A0401,2025-02-18 22:21:42,46
A08431,S1011,MATH150,reading,MATH150-R0904,2025-04-21 04:40:38,5
A08432,S1008,DS200,lecture,DS200-L0201,2025-03-17 01:38:11,45
A08433,S1008,CS301,video,CS301-V0403,2025-03-27 23:15:31,26
A08434,S1027,DS200,reading,DS200-R1002,2025-02-13 22:38:21,44
A08435,S1006,MATH150,quiz,MATH150-Q1003,2025-03-04 02:41:35,29
A08436,S1036,CS301,discussion,CS301-D0801,2025-03-18 07:14:00,9
A08437,S1015,MATH150,assignment,MATH150-A1002,2025-03-07 17:04:58,90
A08438,S1043,DS400,assignment,DS400-A1001,2025-05-01 12:20:38,8
A08439,S1023,MATH150,discussion,MATH150-D0303,2025-03-15 22:23:54,21
A08440,S1047,CS301,video,CS301-V1004,2025-04-19 04:33:26,36
A08441,S1013,DS200,lecture,DS200-L0701,2025-04-17 08:44:08,20
A08442,S1001,DS400,discussion,DS400-D0305,2025-03-14 17:13:29,85
A08443,S1035,CS301,discussion,CS301-D0502,2025-04-07 14:18:51,89
A08444,S1031,CS301,reading,CS301-R0203,2025-02-23 10:45:53,51
A08445,S1043,CS301,video,CS301-V0105,2025-03-16 13:13:53,46
A08446,S1003,CS301,quiz,CS301-Q1005,2025-02-11 22:53:38,88
A08447,S1042,DS200,assignment,DS200-A0903,2025-04-25 21:49:56,51
A08448,S1034,MATH150,discussion,MATH150-D0503,2025-02-09 12:21:33,54
A08449,S1019,DS400,video,DS400-V0401,2025-04-17 05:29:58,11
A08450,S1006,MATH150,quiz,MATH150-Q0903,2025-03-04 04:20:53,4
A08451,S1011,CS301,assignment,CS301-A0301,2025-03-24 03:42:50,6
A08452,S1026,CS101,assignment,CS101-A0404,2025-02-26 03:03:19,22
A08453,S1015,MATH150,assignment,MATH150-A0205,2025-03-05 11:01:01,22
A08454,S1010,DS400,assignment,DS400-A0204,2025-04-22 09:41:19,46
A08455,S1026,CS101,video,CS101-V0104,2025-04-14 04:50:46,31
A08456,S1040,DS400,quiz,DS400-Q0203,2025-03-23 12:02:06,38
A08457,S1044,MATH150,reading,MATH150-R0502,2025-02-04 18:01:36,1
A08458,S1030,MATH150,reading,MATH150-R0804,2025-03-19 09:29:20,38
A08459,S1008,MATH150,quiz,MATH150-Q0601,2025-03-22 13:20:00,27
A08460,S1007,CS301,video,CS301-V0402,2025-04-28 20:38:31,47
A08461,S1015,DS200,assignment,DS200-A0702,2025-02-05 17:34:05,43
A08462,S1030,MATH150,quiz,MATH150-Q0904,2025-03-13 01:59:50,8
A08463,S1030,CS101,video,CS101-V0601,2025-03-18 04:36:34,49
A08464,S1028,CS301,lecture,CS301-L0705,2025-04-05 01:56:59,87
A08465,S1023,CS101,discussion,CS101-D0602,2025-03-15 06:49:46,11
A08466,S1004,CS301,discussion,CS301-D1004,2025-03-10 00:48:07,45
A08467,S1048,DS200,video,DS200-V0703,2025-03-22 01:44:37,35
A08468,S1007,MATH150,lecture,MATH150-L0303,2025-02-03 05:32:53,87
A08469,S1049,MATH150,video,MATH150-V1004,2025-03-24 09:30:47,37
A08470,S1033,DS200,reading,DS200-R1004,2025-02-06 17:37:47,1
A08471,S1001,CS101,discussion,CS101-D0301,2025-04-30 09:58:51,66
A08472,S1032,CS101,quiz,CS101-Q0405,2025-04-29 00:41:16,71
A08473,S1008,DS400,video,DS400-V1002,2025-03-20 03:50:43,11
A08474,S1037,CS101,discussion,CS101-D1005,2025-04-21 04:52:23,29
A08475,S1036,CS101,discussion,CS101-D0904,2025-04-27 20:24:09,78
A08476,S1009,CS101,quiz,CS101-Q0601,2025-02-11 07:42:47,68
A08477,S1005,CS301,assignment,CS301-A0604,2025-03-14 17:53:14,2
A08478,S1007,DS400,lecture,DS400-L0904,2025-04-12 01:51:20,57
A08479,S1044,MATH150,assignment,MATH150-A0302,2025-03-13 19:46:58,17
A08480,S1020,DS400,lecture,DS400-L0602,2025-04-09 11:42:41,67
A08481,S1040,DS200,video,DS200-V0901,2025-04-30 22:20:22,52
A08482,S1028,MATH150,assignment,MATH150-A0204,2025-03-21 08:55:32,26
A08483,S1005,DS200,lecture,DS200-L1004,2025-04-30 08:06:23,38
A08484,S1037,DS200,lecture,DS200-L0403,2025-02-15 05:36:39,63
A08485,S1044,CS301,video,CS301-V0603,2025-04-02 18:17:22,32
A08486,S1032,CS301,assignment,CS301-A0601,2025-02-10 21:13:47,67
A08487,S1009,MATH150,quiz,MATH150-Q0703,2025-02-12 13:49:40,50
A08488,S1014,DS400,lecture,DS400-L0802,2025-03-19 09:18:44,13
A08489,S1050,MATH150,reading,MATH150-R0902,2025-03-14 00:14:10,23
A08490,S1035,CS101,assignment,CS101-A0403,2025-02-13 16:00:12,30
A08491,S1022,CS101,video,CS101-V0403,2025-03-12 22:14:22,2
A08492,S1046,CS301,reading,CS301-R1004,2025-04-24 23:12:51,82
A08493,S1033,CS301,reading,CS301-R0803,2025-04-05 13:33:59,38
A08494,S1028,MATH150,reading,MATH150-R0505,2025-02-15 16:45:53,15
A08495,S1033,CS301,video,CS301-V1005,2025-04-06 21:43:39,23
A08496,S1007,DS200,reading,DS200-R0605,2025-03-26 14:54:29,63
A08497,S1031,MATH150,lecture,MATH150-L0601,2025-02-23 00:45:36,9
A08498,S1022,CS101,video,CS101-V0504,2025-03-10 03:02:56,7
A08499,S1035,CS301,reading,CS301-R0705,2025-03-28 12:00:40,55
A08500,S1045,DS200,discussion,DS200-D0803,2025-03-02 08:01:38,62
A08501,S1032,CS101,video,CS101-V0501,2025-02-17 22:11:53,44
A08502,S1048,DS200,assignment,DS200-A0902,2025-02-27 11:12:30,12
A08503,S1002,CS301,reading,CS301-R0802,2025-04-02 04:22:20,80
A08504,S1029,CS301,quiz,CS301-Q0604,2025-04-17 02:11:05,21
A08505,S1046,CS101,quiz,CS101-Q0801,2025-04-27 01:12:18,31
A08506,S1039,DS200,video,DS200-V0704,2025-04-25 21:07:28,88
A08507,S1032,CS301,reading,CS301-R0501,2025-02-05 02:55:12,88
A08508,S1036,MATH150,video,MATH150-V1004,2025-04-30 10:45:45,16
A08509,S1048,CS101,discussion,CS101-D0301,2025-04-30 10:59:14,2
A08510,S1014,MATH150,lecture,MATH150-L1002,2025-03-06 10:18:19,66
A08511,S1012,CS301,assignment,CS301-A0204,2025-02-21 02:31:32,88
A08512,S1047,DS200,lecture,DS200-L0401,2025-04-07 08:53:03,2
A08513,S1028,CS301,quiz,CS301-Q0504,2025-04-11 01:27:31,47
A08514,S1007,DS400,reading,DS400-R0805,2025-04-19 15:20:47,66
A08515,S1032,DS400,quiz,DS400-Q0905,2025-03-23 13:57:09,39
A08516,S1023,DS400,assignment,DS400-A0805,2025-04-13 23:40:52,46
A08517,S1030,DS400,quiz,DS400-Q0201,2025-03-02 05:58:14,77
A08518,S1006,CS301,discussion,CS301-D0504,2025-02-08 09:07:53,83
A08519,S1040,CS101,quiz,CS101-Q1002,2025-04-20 12:52:13,29
A08520,S1041,DS400,reading,DS400-R0201,2025-03-26 04:40:29,84
A08521,S1047,DS200,video,DS200-V0805,2025-03-12 11:39:17,51
A08522,S1034,CS301,discussion,CS301-D1005,2025-03-24 20:37:23,39
A08523,S1010,CS101,lecture,CS101-L0402,2025-03-11 06:39:38,43
A08524,S1004,DS200,lecture,DS200-L0602,2025-02-27 06:19:40,13
A08525,S1007,MATH150,video,MATH150-V0104,2025-03-13 09:18:50,48
A08526,S1007,DS200,video,DS200-V0602,2025-04-24 08:17:55,73
A08527,S1019,DS400,reading,DS400-R0804,2025-02-07 00:31:40,32
A08528,S1046,DS400,quiz,DS400-Q0201,2025-03-26 07:04:56,35
A08529,S1041,DS400,video,DS400-V1004,2025-02-07 02:08:33,39
A08530,S1050,MATH150,video,MATH150-V0904,2025-03-26 13:36:54,57
A08531,S1026,CS101,video,CS101-V1004,2025-03-13 19:02:07,63
A08532,S1025,DS200,lecture,DS200-L0403,2025-03-03 00:01:33,81
A08533,S1021,CS301,lecture,CS301-L0502,2025-04-25 11:18:30,16
A08534,S1023,DS200,assignment,DS200-A0902,2025-04-09 06:39:26,39
A08535,S1036,DS400,discussion,DS400-D0602,2025-02-08 07:37:04,23
A08536,S1004,CS101,discussion,CS101-D0605,2025-05-02 10:47:36,6
A08537,S1020,CS101,lecture,CS101-L0303,2025-02-11 23:16:01,87
A08538,S1029,CS101,video,CS101-V0703,2025-02-19 16:06:07,32
A08539,S1032,DS200,video,DS200-V0202,2025-03-02 21:30:27,82
A08540,S1010,MATH150,lecture,MATH150-L0504,2025-02-13 21:40:15,66
A08541,S1037,CS301,quiz,CS301-Q0301,2025-04-16 15:01:23,62
A08542,S1031,DS400,assignment,DS400-A0502,2025-04-05 04:24:24,79
A08543,S1012,CS101,lecture,CS101-L0204,2025-02-15 01:19:47,64
A08544,S1018,DS400,video,DS400-V0203,2025-04-29 14:39:18,12
A08545,S1031,MATH150,lecture,MATH150-L0805,2025-03-14 19:51:42,31
A08546,S1006,DS200,video,DS200-V0501,2025-04-07 04:31:00,36
A08547,S1038,CS301,lecture,CS301-L1004,2025-04-10 17:56:11,83
A08548,S1041,MATH150,lecture,MATH150-L1004,2025-03-11 22:44:43,22
A08549,S1031,CS101,reading,CS101-R0604,2025-02-06 20:57:50,55
A08550,S1021,DS400,assignment,DS400-A0705,2025-03-16 04:35:18,21
A08551,S1050,DS200,quiz,DS200-Q0903,2025-04-10 11:24:55,58
A08552,S1030,CS101,assignment,CS101-A0801,2025-02-19 03:32:42,9
A08553,S1037,DS400,discussion,DS400-D0405,2025-04-19 08:28:22,12
A08554,S1032,CS301,assignment,CS301-A0801,2025-04-07 12:29:11,63
A08555,S1041,CS101,lecture,CS101-L0302,2025-04-05 15:48:25,57
A08556,S1037,CS301,video,CS301-V0503,2025-03-06 13:48:16,24
A08557,S1029,DS400,reading,DS400-R0401,2025-04-10 18:38:03,2
A08558,S1015,DS400,discussion,DS400-D0805,2025-04-04 17:32:19,6
A08559,S1027,MATH150,quiz,MATH150-Q0605,2025-03-03 17:29:29,77
A08560,S1006,DS400,quiz,DS400-Q0903,2025-04-01 05:28:45,84
A08561,S1033,CS301,assignment,CS301-A0505,2025-04-11 20:05:16,25
A08562,S1045,DS200,lecture,DS200-L0405,2025-02-15 13:59:30,22
A08563,S1025,DS400,quiz,DS400-Q0904,2025-02-04 08:39:23,83
A08564,S1044,DS200,quiz,DS200-Q0603,2025-04-14 12:19:53,63
A08565,S1035,MATH150,reading,MATH150-R0604,2025-04-11 08:05:55,89
A08566,S1025,MATH150,video,MATH150-V0105,2025-02-15 18:51:58,34
A08567,S1048,CS301,reading,CS301-R0401,2025-05-01 07:45:02,65
A08568,S1008,DS200,video,DS200-V0302,2025-03-07 11:11:28,59
A08569,S1024,CS101,reading,CS101-R0202,2025-02-17 18:12:18,54
A08570,S1026,MATH150,video,MATH150-V0601,2025-03-29 09:46:14,36
A08571,S1021,MATH150,assignment,MATH150-A0802,2025-02-11 09:23:11,37
A08572,S1050,DS400,video,DS400-V0704,2025-02-19 02:06:03,19
A08573,S1043,MATH150,quiz,MATH150-Q0804,2025-02-02 02:36:47,26
A08574,S1036,DS200,assignment,DS200-A0901,2025-03-20 14:24:07,9
A08575,S1004,CS101,video,CS101-V0503,2025-03-24 21:42:14,68
A08576,S1044,CS301,reading,CS301-R0204,2025-04-06 11:45:05,76
A08577,S1016,DS400,discussion,DS400-D0705,2025-03-20 07:31:53,78
A08578,S1016,DS200,discussion,DS200-D0402,2025-03-22 22:45:44,26
A08579,S1047,DS200,discussion,DS200-D0804,2025-03-27 15:38:33,66
A08580,S1014,DS400,assignment,DS400-A0705,2025-03-30 06:24:40,68
A08581,S1010,MATH150,discussion,MATH150-D0204,2025-02-22 07:10:41,72
A08582,S1047,CS301,discussion,CS301-D0204,2025-03-07 17:12:18,24
A08583,S1048,DS200,video,DS200-V0601,2025-03-21 13:24:01,82
A08584,S1039,DS400,video,DS400-V0805,2025-03-21 11:50:46,30
A08585,S1047,MATH150,video,MATH150-V0205,2025-04-01 11:29:31,67
A08586,S1002,CS301,discussion,CS301-D0505,2025-03-13 02:01:22,4
A08587,S1043,DS200,video,DS200-V0502,2025-03-31 13:38:26,79
A08588,S1047,MATH150,lecture,MATH150-L0904,2025-03-18 21:25:15,20
A08589,S1047,DS200,quiz,DS200-Q0702,2025-03-25 18:38:52,12
A08590,S1004,CS301,quiz,CS301-Q0804,2025-04-14 19:35:13,57
A08591,S1050,DS400,quiz,DS400-Q0802,2025-04-10 22:54:09,78
A08592,S1031,CS101,discussion,CS101-D0205,2025-02-06 06:43:52,46
A08593,S1042,DS400,quiz,DS400-Q0504,2025-03-22 13:13:10,74
A08594,S1037,DS200,video,DS200-V0103,2025-02-22 19:09:10,89
A08595,S1032,MATH150,lecture,MATH150-L0702,2025-02-26 18:07:12,18
A08596,S1025,CS101,lecture,CS101-L0402,2025-02-16 13:46:23,36
A08597,S1036,CS301,quiz,CS301-Q0404,2025-03-07 20:54:48,14
A08598,S1034,DS400,reading,DS400-R1001,2025-04-02 11:54:31,69
A08599,S1027,CS301,lecture,CS301-L0402,2025-03-30 05:10:14,39
A08600,S1002,CS301,video,CS301-V0604,2025-02-19 14:09:07,34
A08601,S1030,CS301,video,CS301-V1005,2025-03-07 16:23:01,61
A08602,S1049,DS200,quiz,DS200-Q0903,2025-02-05 05:21:50,2
A08603,S1030,DS200,discussion,DS200-D0502,2025-03-23 04:56:08,83
A08604,S1046,MATH150,discussion,MATH150-D0101,2025-03-30 01:57:32,80
A08605,S1038,DS400,quiz,DS400-Q0705,2025-02-17 12:11:28,90
A08606,S1018,MATH150,assignment,MATH150-A0103,2025-02-08 03:54:40,35
A08607,S1040,CS101,reading,CS101-R0904,2025-04-15 11:03:06,29
A08608,S1023,DS400,quiz,DS400-Q0603,2025-02-23 18:47:54,37
A08609,S1021,DS200,quiz,DS200-Q0505,2025-03-28 18:15:11,51
A08610,S1007,CS101,quiz,CS101-Q0805,2025-04-01 15:08:43,82
A08611,S1029,CS301,video,CS301-V0302,2025-02-15 14:22:40,90
A08612,S1028,MATH150,quiz,MATH150-Q0203,2025-02-25 08:43:50,31
A08613,S1003,CS101,video,CS101-V0801,2025-02-15 01:23:19,59
A08614,S1050,MATH150,assignment,MATH150-A0104,2025-04-24 15:47:33,54
A08615,S1040,CS301,assignment,CS301-A0705,2025-02-25 11:42:34,69
A08616,S1045,CS101,reading,CS101-R0203,2025-03-08 15:55:48,31
A08617,S1036,CS301,assignment,CS301-A1001,2025-02-13 05:35:33,56
A08618,S1034,CS101,video,CS101-V0104,2025-03-07 01:56:19,1
A08619,S1004,CS101,quiz,CS101-Q1005,2025-04-09 06:56:45,11
A08620,S1023,MATH150,discussion,MATH150-D0605,2025-02-23 03:20:03,75
A08621,S1043,DS200,video,DS200-V0503,2025-03-04 19:49:36,46
A08622,S1028,MATH150,video,MATH150-V0402,2025-02-14 05:15:03,13
A08623,S1020,DS400,discussion,DS400-D0503,2025-04-17 07:40:25,11
A08624,S1013,DS400,discussion,DS400-D1003,2025-04-06 13:24:33,11
A08625,S1029,CS301,discussion,CS301-D1002,2025-02-22 03:01:15,7
A08626,S1016,DS400,lecture,DS400-L0604,2025-03-30 13:16:32,42
A08627,S1038,CS101,quiz,CS101-Q0103,2025-04-14 12:36:33,85
A08628,S1044,CS301,discussion,CS301-D0601,2025-02-03 03:15:43,56
A08629,S1014,CS301,lecture,CS301-L0202,2025-03-24 06:02:25,63
A08630,S1019,CS101,assignment,CS101-A0901,2025-02-08 01:41:55,59
A08631,S1013,CS101,assignment,CS101-A0705,2025-04-20 00:59:03,77
A08632,S1015,DS400,video,DS400-V0203,2025-03-04 08:31:42,17
A08633,S1035,CS301,discussion,CS301-D1005,2025-04-16 10:31:10,75
A08634,S1037,CS301,video,CS301-V0905,2025-02-24 15:30:26,1
A08635,S1050,DS200,discussion,DS200-D0501,2025-03-08 21:13:38,19
A08636,S1005,DS400,reading,DS400-R0103,2025-03-11 02:08:13,7
A08637,S1036,DS200,assignment,DS200-A0205,2025-02-11 04:29:56,20
A08638,S1042,CS301,lecture,CS301-L0505,2025-03-08 05:32:18,68
A08639,S1037,CS301,reading,CS301-R0505,2025-03-27 10:17:53,9
A08640,S1036,MATH150,reading,MATH150-R0105,2025-04-27 17:14:06,31
A08641,S1035,CS301,reading,CS301-R0504,2025-02-08 14:36:06,80
A08642,S1050,DS200,quiz,DS200-Q0103,2025-02-26 11:35:40,66
A08643,S1030,MATH150,discussion,MATH150-D0801,2025-03-06 12:27:01,52
A08644,S1025,DS200,video,DS200-V0101,2025-04-23 19:32:59,48
A08645,S1026,CS101,discussion,CS101-D0503,2025-04-03 15:57:10,51
A08646,S1007,MATH150,lecture,MATH150-L0202,2025-04-24 10:23:31,87
A08647,S1050,DS200,reading,DS200-R0104,2025-03-12 04:43:08,81
A08648,S1024,CS301,quiz,CS301-Q0103,2025-02-04 16:43:08,45
A08649,S1040,CS101,discussion,CS101-D0603,2025-04-10 11:16:00,59
A08650,S1028,MATH150,quiz,MATH150-Q0905,2025-02-22 12:41:35,61
A08651,S1037,DS200,discussion,DS200-D0205,2025-03-03 19:30:33,63
A08652,S1018,DS200,quiz,DS200-Q0305,2025-04-24 18:01:52,76
A08653,S1003,DS200,reading,DS200-R0301,2025-04-10 05:50:38,73
A08654,S1047,CS301,lecture,CS301-L1001,2025-02-04 11:37:20,18
A08655,S1030,CS301,reading,CS301-R0801,2025-05-01 03:42:25,40
A08656,S1012,MATH150,assignment,MATH150-A0402,2025-02-09 16:52:34,13
A08657,S1005,DS400,lecture,DS400-L0304,2025-04-05 18:57:22,54
A08658,S1049,DS200,video,DS200-V0804,2025-02-20 12:39:33,81
A08659,S1036,CS101,video,CS101-V0401,2025-04-02 07:09:19,69
A08660,S1016,CS101,reading,CS101-R0602,2025-02-26 03:12:45,63
A08661,S1035,CS101,video,CS101-V0504,2025-02-22 22:15:50,26
A08662,S1048,DS200,discussion,DS200-D0803,2025-04-04 08:05:41,20
A08663,S1024,CS301,reading,CS301-R0705,2025-03-11 23:57:01,53
A08664,S1049,DS400,lecture,DS400-L0605,2025-02-05 19:50:48,5
A08665,S1004,MATH150,discussion,MATH150-D1003,2025-05-02 06:25:02,90
A08666,S1049,DS200,discussion,DS200-D0203,2025-03-19 10:03:12,48
A08667,S1004,CS101,reading,CS101-R0502,2025-04-09 08:09:12,70
A08668,S1045,MATH150,quiz,MATH150-Q0901,2025-03-28 05:23:41,82
A08669,S1004,CS301,quiz,CS301-Q1003,2025-04-02 23:49:12,14
A08670,S1019,DS400,discussion,DS400-D0203,2025-04-07 21:27:12,82
A08671,S1008,MATH150,reading,MATH150-R0704,2025-02-10 20:49:53,77
A08672,S1043,DS400,reading,DS400-R0501,2025-03-17 23:09:28,12
A08673,S1003,CS101,quiz,CS101-Q0604,2025-04-24 18:13:31,19
A08674,S1026,CS301,quiz,CS301-Q0905,2025-03-09 00:31:47,38
A08675,S1021,MATH150,video,MATH150-V0702,2025-03-22 04:28:36,64
A08676,S1028,CS301,reading,CS301-R1005,2025-04-29 05:29:43,46
A08677,S1040,DS400,lecture,DS400-L0302,2025-02-28 14:57:41,37
A08678,S1050,DS200,video,DS200-V0901,2025-04-23 22:01:39,55
A08679,S1012,DS200,quiz,DS200-Q0703,2025-03-23 10:10:44,40
A08680,S1040,CS101,discussion,CS101-D0701,2025-03-04 04:03:44,50
A08681,S1011,DS400,discussion,DS400-D0404,2025-02-23 00:43:25,43
A08682,S1035,CS101,assignment,CS101-A0602,2025-02-21 08:44:21,12
A08683,S1043,MATH150,lecture,MATH150-L0401,2025-04-08 15:44:47,26
A08684,S1023,CS301,lecture,CS301-L0204,2025-04-29 22:22:42,1
A08685,S1011,CS301,discussion,CS301-D0504,2025-02-20 02:12:15,39
A08686,S1020,CS301,discussion,CS301-D0404,2025-02-18 10:56:36,23
A08687,S1015,DS400,assignment,DS400-A0204,2025-04-17 00:22:09,49
A08688,S1005,DS400,assignment,DS400-A0705,2025-02-17 10:52:07,22
A08689,S1023,DS400,discussion,DS400-D0605,2025-04-21 21:31:07,35
A08690,S1043,DS200,lecture,DS200-L0403,2025-04-10 11:13:49,88
A08691,S1044,CS301,reading,CS301-R0105,2025-03-17 07:30:26,40
A08692,S1029,MATH150,lecture,MATH150-L0802,2025-04-02 02:30:55,62
A08693,S1010,DS400,assignment,DS400-A0701,2025-04-15 06:53:45,63
A08694,S1023,CS301,reading,CS301-R0804,2025-03-31 03:11:25,74
A08695,S1004,CS301,lecture,CS301-L0902,2025-04-14 19:03:16,38
A08696,S1017,DS200,reading,DS200-R0201,2025-03-23 00:04:52,5
A08697,S1039,MATH150,reading,MATH150-R0603,2025-02-09 10:30:39,75
A08698,S1043,DS200,reading,DS200-R0203,2025-05-02 09:04:56,17
A08699,S1033,CS301,video,CS301-V0505,2025-02-26 06:02:08,1
A08700,S1005,CS301,lecture,CS301-L0801,2025-04-29 08:31:38,84
A08701,S1043,CS301,reading,CS301-R1001,2025-03-03 09:57:50,40
A08702,S1021,DS200,video,DS200-V0803,2025-04-24 17:36:13,23
A08703,S1002,CS101,reading,CS101-R0705,2025-02-11 03:45:13,36
A08704,S1028,CS101,quiz,CS101-Q0501,2025-03-07 22:07:23,61
A08705,S1015,DS200,quiz,DS200-Q0705,2025-02-28 02:22:16,1
A08706,S1047,DS400,lecture,DS400-L0403,2025-02-08 20:00:15,81
A08707,S1032,DS400,lecture,DS400-L0105,2025-02-02 10:21:45,63
A08708,S1008,DS400,reading,DS400-R0801,2025-04-06 15:49:00,39
A08709,S1023,CS101,reading,CS101-R1003,2025-02-11 10:46:07,36
A08710,S1038,MATH150,reading,MATH150-R0902,2025-03-26 13:21:23,63
A08711,S1014,CS301,discussion,CS301-D0104,2025-02-18 20:19:51,77
A08712,S1026,CS301,assignment,CS301-A0205,2025-02-06 16:32:02,69
A08713,S1017,DS200,discussion,DS200-D0901,2025-03-11 00:29:34,70
A08714,S1020,DS400,video,DS400-V0802,2025-02-20 20:11:13,84
A08715,S1002,DS400,discussion,DS400-D0104,2025-02-03 13:40:13,40
A08716,S1047,CS301,reading,CS301-R0503,2025-02-02 04:23:49,31
A08717,S1002,CS101,quiz,CS101-Q0103,2025-03-08 14:14:05,16
A08718,S1044,DS400,discussion,DS400-D0105,2025-02-09 23:49:48,66
A08719,S1031,DS200,video,DS200-V0101,2025-02-19 02:10:53,64
A08720,S1041,CS301,video,CS301-V0304,2025-02-19 16:08:51,22
A08721,S1014,CS301,video,CS301-V0705,2025-04-26 02:07:43,42
A08722,S1004,MATH150,video,MATH150-V0304,2025-04-29 08:11:11,6
A08723,S1022,DS400,lecture,DS400-L0504,2025-02-24 13:46:29,46
A08724,S1014,MATH150,video,MATH150-V0304,2025-04-16 10:18:34,85
A08725,S1024,MATH150,discussion,MATH150-D0401,2025-04-19 22:37:39,45
A08726,S1014,DS400,quiz,DS400-Q0403,2025-04-24 18:21:02,48
A08727,S1007,DS200,assignment,DS200-A0605,2025-03-30 21:40:47,56
A08728,S1019,DS200,quiz,DS200-Q0104,2025-04-22 20:54:42,8
A08729,S1046,CS101,discussion,CS101-D0905,2025-04-11 11:23:45,59
A08730,S1011,CS301,reading,CS301-R0103,2025-02-10 13:58:31,34
A08731,S1042,DS200,lecture,DS200-L0703,2025-02-10 17:16:07,9
A08732,S1039,DS400,lecture,DS400-L0404,2025-03-09 12:32:00,54
A08733,S1020,CS101,assignment,CS101-A0303,2025-05-02 14:29:15,37
A08734,S1012,CS301,lecture,CS301-L0104,2025-02-14 05:14:36,70
A08735,S1049,DS400,assignment,DS400-A0302,2025-02-20 06:07:05,67
A08736,S1017,DS200,reading,DS200-R0805,2025-05-01 12:51:21,79
A08737,S1013,DS400,assignment,DS400-A1003,2025-05-02 13:31:21,74
A08738,S1020,MATH150,discussion,MATH150-D1002,2025-02-16 23:31:19,42
A08739,S1005,CS301,reading,CS301-R0803,2025-02-18 22:53:54,77
A08740,S1018,DS400,quiz,DS400-Q0803,2025-03-12 12:40:49,47
A08741,S1021,CS101,video,CS101-V0905,2025-04-08 05:34:42,80
A08742,S1043,MATH150,quiz,MATH150-Q0405,2025-02-20 03:19:02,55
A08743,S1032,CS301,quiz,CS301-Q0604,2025-02-07 12:36:21,27
A08744,S1006,CS101,lecture,CS101-L0302,2025-04-03 18:53:30,10
A08745,S1016,DS200,assignment,DS200-A0904,2025-03-08 11:29:05,27
A08746,S1042,MATH150,video,MATH150-V0203,2025-03-01 18:15:04,66
A08747,S1014,MATH150,reading,MATH150-R0604,2025-03-01 21:16:08,73
A08748,S1033,DS400,assignment,DS400-A0405,2025-03-15 03:07:43,67
A08749,S1013,DS400,assignment,DS400-A0303,2025-02-16 12:03:39,48
A08750,S1019,DS200,lecture,DS200-L1002,2025-03-07 00:54:23,89
A08751,S1016,MATH150,video,MATH150-V0203,2025-02-08 00:07:31,63
A08752,S1013,MATH150,quiz,MATH150-Q0701,2025-04-19 05:05:23,56
A08753,S1035,DS400,assignment,DS400-A1002,2025-04-15 13:48:45,33
A08754,S1031,CS101,reading,CS101-R0803,2025-03-14 04:27:17,14
A08755,S1002,DS400,lecture,DS400-L0201,2025-04-20 14:58:30,28
A08756,S1002,DS200,video,DS200-V0202,2025-02-22 05:26:31,75
A08757,S1022,MATH150,lecture,MATH150-L0301,2025-04-26 09:15:20,54
A08758,S1039,DS400,video,DS400-V0302,2025-02-16 18:07:16,72
A08759,S1023,MATH150,lecture,MATH150-L0502,2025-02-17 19:42:43,53
A08760,S1015,DS200,quiz,DS200-Q0301,2025-03-02 12:15:38,34
A08761,S1021,DS200,quiz,DS200-Q0203,2025-04-05 14:13:10,5
A08762,S1018,MATH150,lecture,MATH150-L1004,2025-03-21 07:12:43,70
A08763,S1029,CS301,discussion,CS301-D0901,2025-04-17 05:19:43,11
A08764,S1044,CS101,assignment,CS101-A0605,2025-02-11 14:55:06,27
A08765,S1012,CS301,discussion,CS301-D0502,2025-02-20 20:55:14,23
A08766,S1046,CS301,video,CS301-V0603,2025-04-19 20:58:29,35
A08767,S1027,DS400,assignment,DS400-A0102,2025-02-20 12:54:38,50
A08768,S1048,DS400,assignment,DS400-A0401,2025-02-05 06:42:31,44
A08769,S1029,CS101,discussion,CS101-D0802,2025-02-18 23:00:29,26
A08770,S1046,DS400,lecture,DS400-L0603,2025-03-06 22:53:39,44
A08771,S1009,CS301,discussion,CS301-D0804,2025-04-04 21:31:57,21
A08772,S1041,CS301,lecture,CS301-L0302,2025-03-05 21:15:25,55
A08773,S1019,CS101,assignment,CS101-A1002,2025-02-03 06:48:47,80
A08774,S1040,DS400,discussion,DS400-D0705,2025-04-01 19:25:02,11
A08775,S1039,MATH150,lecture,MATH150-L0805,2025-03-16 06:20:22,64
A08776,S1037,CS301,discussion,CS301-D1005,2025-03-28 20:17:28,28
A08777,S1043,DS400,lecture,DS400-L1001,2025-04-28 23:35:23,81
A08778,S1037,MATH150,discussion,MATH150-D0803,2025-03-11 14:50:24,16
A08779,S1012,DS200,assignment,DS200-A0205,2025-04-10 10:34:13,85
A08780,S1001,CS101,video,CS101-V0501,2025-03-09 01:06:53,44
A08781,S1008,CS301,reading,CS301-R0904,2025-04-30 20:07:59,28
A08782,S1029,DS200,reading,DS200-R0402,2025-02-17 23:18:53,61
A08783,S1003,DS200,discussion,DS200-D1005,2025-03-12 21:15:48,53
A08784,S1028,DS400,quiz,DS400-Q0903,2025-04-21 20:25:04,70
A08785,S1048,MATH150,video,MATH150-V0201,2025-03-11 06:31:40,21
A08786,S1005,CS101,assignment,CS101-A0703,2025-04-26 16:24:07,11
A08787,S1020,DS400,reading,DS400-R0802,2025-04-19 06:54:40,79
A08788,S1026,MATH150,assignment,MATH150-A0502,2025-02-09 11:04:44,3
A08789,S1022,MATH150,quiz,MATH150-Q0801,2025-04-07 05:51:35,6
A08790,S1014,CS101,assignment,CS101-A0304,2025-03-05 23:07:48,74
A08791,S1027,CS101,discussion,CS101-D0905,2025-04-16 23:36:08,43
A08792,S1036,CS301,discussion,CS301-D0805,2025-02-20 05:26:56,43
A08793,S1034,MATH150,video,MATH150-V0502,2025-02-20 03:47:26,13
A08794,S1017,DS400,reading,DS400-R0602,2025-04-14 21:24:51,13
A08795,S1011,MATH150,assignment,MATH150-A0904,2025-02-06 06:39:15,55
A08796,S1009,CS101,discussion,CS101-D0901,2025-03-27 10:08:41,6
A08797,S1044,MATH150,lecture,MATH150-L1005,2025-03-30 15:29:18,15
A08798,S1021,CS101,reading,CS101-R0203,2025-02-02 01:53:37,46
A08799,S1004,DS400,reading,DS400-R0101,2025-04-11 05:26:48,31
A08800,S1044,MATH150,quiz,MATH150-Q0502,2025-04-01 06:18:33,89
A08801,S1026,DS200,quiz,DS200-Q0501,2025-04-29 04:28:26,24
A08802,S1011,CS301,reading,CS301-R0802,2025-03-04 23:12:20,89
A08803,S1018,DS200,assignment,DS200-A1002,2025-03-01 13:54:37,44
A08804,S1014,DS400,assignment,DS400-A0701,2025-04-25 03:09:40,38
A08805,S1009,MATH150,lecture,MATH150-L0901,2025-03-17 21:46:22,37
A08806,S1046,MATH150,video,MATH150-V0602,2025-03-29 07:54:46,90
A08807,S1045,CS301,discussion,CS301-D0602,2025-03-17 18:38:16,56
A08808,S1033,DS200,lecture,DS200-L1001,2025-03-27 02:03:15,83
A08809,S1036,CS101,video,CS101-V0303,2025-04-18 22:15:01,50
A08810,S1025,CS101,reading,CS101-R0305,2025-02-05 16:05:36,78
A08811,S1032,CS101,video,CS101-V0105,2025-04-16 20:09:50,60
A08812,S1038,CS101,discussion,CS101-D0702,2025-03-08 15:00:20,13
A08813,S1044,MATH150,discussion,MATH150-D0201,2025-03-19 10:11:47,44
A08814,S1042,DS200,video,DS200-V0204,2025-02-07 04:47:42,18
A08815,S1043,MATH150,video,MATH150-V0404,2025-03-31 23:39:59,61
A08816,S1001,DS400,quiz,DS400-Q0103,2025-04-30 01:41:54,83
A08817,S1016,CS301,quiz,CS301-Q0605,2025-03-18 14:34:17,24
A08818,S1050,MATH150,video,MATH150-V0801,2025-03-21 16:10:04,18
A08819,S1003,CS101,reading,CS101-R0402,2025-02-23 22:15:16,4
A08820,S1001,DS200,video,DS200-V0604,2025-03-29 17:40:01,54
A08821,S1018,CS301,reading,CS301-R0202,2025-05-02 13:54:27,31
A08822,S1005,CS101,reading,CS101-R0205,2025-03-14 02:55:43,65
A08823,S1015,DS400,reading,DS400-R0903,2025-02-17 04:49:12,19
A08824,S1027,CS301,video,CS301-V0203,2025-03-03 06:06:42,28
A08825,S1002,DS400,discussion,DS400-D0102,2025-04-05 04:57:58,84
A08826,S1020,DS400,lecture,DS400-L0401,2025-03-08 09:57:36,49
A08827,S1041,MATH150,video,MATH150-V0704,2025-03-22 01:00:50,12
A08828,S1014,CS301,reading,CS301-R0702,2025-03-05 18:51:10,11
A08829,S1048,MATH150,reading,MATH150-R0302,2025-03-23 21:03:02,82
A08830,S1009,DS200,video,DS200-V0602,2025-04-23 12:38:52,40
A08831,S1033,MATH150,assignment,MATH150-A0305,2025-03-17 06:10:16,79
A08832,S1037,DS200,assignment,DS200-A0505,2025-04-25 06:53:27,53
A08833,S1023,CS301,quiz,CS301-Q0605,2025-02-25 03:56:24,83
A08834,S1015,MATH150,video,MATH150-V0205,2025-03-22 01:09:04,1
A08835,S1044,CS301,reading,CS301-R0104,2025-03-01 21:00:08,12
A08836,S1010,DS200,assignment,DS200-A0203,2025-03-01 03:26:46,6
A08837,S1010,MATH150,reading,MATH150-R0805,2025-02-21 17:08:49,2
A08838,S1029,MATH150,lecture,MATH150-L0204,2025-02-20 23:33:46,19
A08839,S1032,CS101,video,CS101-V0505,2025-02-13 00:57:27,33
A08840,S1007,CS101,assignment,CS101-A0602,2025-03-10 19:21:59,78
A08841,S1041,CS301,video,CS301-V0703,2025-02-18 02:22:14,60
A08842,S1010,CS101,video,CS101-V0703,2025-04-09 07:15:19,41
A08843,S1019,DS200,quiz,DS200-Q0804,2025-03-23 08:32:35,83
A08844,S1050,CS301,discussion,CS301-D0704,2025-04-06 20:46:27,40
A08845,S1025,CS301,assignment,CS301-A0304,2025-03-31 17:22:34,66
A08846,S1027,DS200,lecture,DS200-L0202,2025-02-21 21:13:42,29
A08847,S1009,CS301,discussion,CS301-D0905,2025-02-14 23:07:14,13
A08848,S1029,CS101,video,CS101-V0704,2025-02-13 14:00:14,78
A08849,S1037,CS301,lecture,CS301-L0505,2025-03-01 08:38:01,80
A08850,S1007,DS400,reading,DS400-R0203,2025-04-14 04:59:59,59
A08851,S1023,CS301,lecture,CS301-L0701,2025-04-20 04:14:50,27
A08852,S1035,MATH150,discussion,MATH150-D0602,2025-03-12 13:05:46,4
A08853,S1027,DS400,video,DS400-V0305,2025-03-18 09:07:13,73
A08854,S1021,CS301,lecture,CS301-L0501,2025-04-16 00:17:55,2
A08855,S1037,CS301,quiz,CS301-Q0203,2025-04-02 14:00:35,22
A08856,S1040,DS200,video,DS200-V0604,2025-03-25 02:51:13,77
A08857,S1003,DS400,discussion,DS400-D0601,2025-03-14 23:53:31,73
A08858,S1001,DS200,lecture,DS200-L0403,2025-04-14 07:45:07,62
A08859,S1048,CS101,lecture,CS101-L0301,2025-02-15 04:54:07,61
A08860,S1014,CS101,assignment,CS101-A0302,2025-04-27 15:47:10,68
A08861,S1041,MATH150,assignment,MATH150-A1003,2025-04-11 01:14:32,13
A08862,S1045,DS200,discussion,DS200-D0301,2025-03-18 23:44:55,20
A08863,S1010,DS200,lecture,DS200-L0402,2025-03-09 23:02:14,71
A08864,S1010,DS200,video,DS200-V1005,2025-04-02 19:18:33,87
A08865,S1023,CS101,lecture,CS101-L0202,2025-04-03 16:43:05,80
A08866,S1038,CS301,assignment,CS301-A0802,2025-03-26 09:43:16,85
A08867,S1030,DS400,video,DS400-V0805,2025-03-19 06:55:49,50
A08868,S1029,DS400,video,DS400-V0404,2025-02-02 14:50:32,82
A08869,S1036,MATH150,video,MATH150-V0305,2025-04-17 16:02:04,50
A08870,S1049,CS301,reading,CS301-R0203,2025-02-26 16:49:28,88
A08871,S1017,DS400,quiz,DS400-Q0604,2025-02-28 03:49:32,26
A08872,S1002,CS301,video,CS301-V0104,2025-03-25 02:52:24,9
A08873,S1020,DS400,assignment,DS400-A0505,2025-04-02 12:35:32,81
A08874,S1008,DS400,discussion,DS400-D0802,2025-02-06 18:16:10,23
A08875,S1038,DS400,lecture,DS400-L0202,2025-02-02 20:27:11,1
A08876,S1034,MATH150,video,MATH150-V0405,2025-02-13 11:42:27,38
A08877,S1006,DS400,assignment,DS400-A0901,2025-04-16 03:43:52,10
A08878,S1045,CS301,discussion,CS301-D0702,2025-04-29 13:21:15,25
A08879,S1002,MATH150,lecture,MATH150-L0803,2025-03-29 08:31:22,44
A08880,S1004,MATH150,reading,MATH150-R0402,2025-03-16 16:34:16,13
A08881,S1038,DS200,discussion,DS200-D0901,2025-02-15 16:00:14,67
A08882,S1018,MATH150,lecture,MATH150-L0701,2025-04-08 07:51:45,49
A08883,S1038,DS200,assignment,DS200-A0702,2025-02-28 09:04:46,8
A08884,S1034,DS400,reading,DS400-R0204,2025-02-24 11:01:29,17
A08885,S1016,DS400,lecture,DS400-L0404,2025-02-03 05:25:32,41
A08886,S1031,MATH150,lecture,MATH150-L0102,2025-03-20 01:41:34,53
A08887,S1011,DS200,quiz,DS200-Q0605,2025-02-27 20:49:56,16
A08888,S1046,MATH150,video,MATH150-V0605,2025-02-22 07:02:28,68
A08889,S1023,CS101,quiz,CS101-Q0403,2025-03-21 17:51:30,67
A08890,S1005,CS101,quiz,CS101-Q0503,2025-04-12 05:58:13,56
A08891,S1027,DS400,reading,DS400-R0801,2025-04-22 18:53:17,25
A08892,S1011,DS400,lecture,DS400-L0201,2025-04-29 00:38:12,23
A08893,S1039,CS101,reading,CS101-R0903,2025-04-09 09:25:33,16
A08894,S1007,DS400,reading,DS400-R0901,2025-05-01 18:39:40,16
A08895,S1004,CS101,reading,CS101-R0701,2025-02-14 15:40:37,25
A08896,S1050,MATH150,video,MATH150-V0605,2025-03-12 10:29:38,66
A08897,S1011,DS400,discussion,DS400-D0101,2025-04-19 01:09:19,35
A08898,S1004,DS400,lecture,DS400-L0302,2025-03-06 13:15:09,55
A08899,S1015,CS101,quiz,CS101-Q0804,2025-03-12 05:50:11,7
A08900,S1010,CS301,lecture,CS301-L0705,2025-03-30 11:25:57,24
A08901,S1030,DS400,assignment,DS400-A0905,2025-02-28 12:54:42,60
A08902,S1033,CS301,lecture,CS301-L0901,2025-04-25 18:20:31,79
A08903,S1013,DS400,video,DS400-V0504,2025-04-07 20:57:33,57
A08904,S1048,CS101,reading,CS101-R0201,2025-04-05 19:48:40,33
A08905,S1031,DS200,lecture,DS200-L0901,2025-02-19 19:26:33,67
A08906,S1011,CS101,video,CS101-V0201,2025-04-10 13:37:29,39
A08907,S1033,DS200,reading,DS200-R0203,2025-04-14 12:30:33,30
A08908,S1002,MATH150,reading,MATH150-R0504,2025-03-28 22:19:48,60
A08909,S1035,DS400,reading,DS400-R0303,2025-03-28 11:55:47,53
A08910,S1015,MATH150,discussion,MATH150-D0101,2025-02-10 17:59:22,76
A08911,S1029,CS301,discussion,CS301-D1002,2025-02-25 19:52:44,36
A08912,S1024,CS101,lecture,CS101-L0501,2025-04-02 22:01:57,47
A08913,S1006,CS101,video,CS101-V0102,2025-02-04 10:16:30,57
A08914,S1050,CS301,quiz,CS301-Q0204,2025-02-02 06:36:25,50
A08915,S1045,CS101,quiz,CS101-Q0705,2025-04-14 02:36:43,35
A08916,S1027,MATH150,assignment,MATH150-A0902,2025-04-20 03:32:17,83
A08917,S1002,DS400,discussion,DS400-D0802,2025-03-25 10:05:03,40
A08918,S1050,DS400,lecture,DS400-L0901,2025-03-25 18:31:31,50
A08919,S1037,CS301,discussion,CS301-D0302,2025-04-18 16:11:03,36
A08920,S1017,MATH150,lecture,MATH150-L0603,2025-03-16 14:02:39,19
A08921,S1020,CS301,quiz,CS301-Q0301,2025-04-19 15:48:41,29
A08922,S1050,DS400,quiz,DS400-Q0404,2025-02-16 16:46:58,4
A08923,S1046,DS400,lecture,DS400-L0701,2025-04-07 01:12:28,35
A08924,S1038,MATH150,lecture,MATH150-L0802,2025-04-26 18:46:21,25
A08925,S1005,DS400,lecture,DS400-L0204,2025-02-07 07:09:59,90
A08926,S1025,CS301,discussion,CS301-D0702,2025-04-22 06:25:16,57
A08927,S1009,CS101,assignment,CS101-A0903,2025-04-19 06:01:47,72
A08928,S1037,DS200,reading,DS200-R0903,2025-04-13 10:08:00,84
A08929,S1004,MATH150,quiz,MATH150-Q0103,2025-04-10 05:40:56,59
A08930,S1006,DS200,quiz,DS200-Q0604,2025-03-07 12:14:12,50
A08931,S1045,MATH150,lecture,MATH150-L0703,2025-03-12 05:26:19,50
A08932,S1027,CS301,lecture,CS301-L0604,2025-04-17 22:17:02,15
A08933,S1006,CS101,video,CS101-V0104,2025-02-03 14:44:59,14
A08934,S1034,CS101,assignment,CS101-A0605,2025-04-17 10:33:41,73
A08935,S1013,MATH150,discussion,MATH150-D0704,2025-04-04 03:36:13,76
A08936,S1012,CS301,video,CS301-V0603,2025-02-15 04:44:10,45
A08937,S1030,CS301,lecture,CS301-L0601,2025-04-11 22:39:21,31
A08938,S1013,MATH150,discussion,MATH150-D0903,2025-03-25 20:45:36,7
A08939,S1034,CS301,lecture,CS301-L0904,2025-04-08 03:29:15,86
A08940,S1045,DS400,assignment,DS400-A0401,2025-04-22 09:37:25,33
A08941,S1014,MATH150,video,MATH150-V0305,2025-04-01 09:49:21,86
A08942,S1032,DS400,reading,DS400-R0402,2025-04-23 02:04:39,16
A08943,S1045,CS101,lecture,CS101-L0402,2025-04-30 08:27:51,75
A08944,S1035,DS400,video,DS400-V0105,2025-02-03 04:49:36,36
A08945,S1001,CS101,video,CS101-V0804,2025-03-07 08:07:25,71
A08946,S1020,DS400,assignment,DS400-A0101,2025-04-29 10:45:24,39
A08947,S1003,MATH150,quiz,MATH150-Q0601,2025-02-16 05:55:14,46
A08948,S1029,DS400,quiz,DS400-Q0105,2025-02-06 09:08:43,79
A08949,S1021,DS400,lecture,DS400-L0304,2025-04-14 06:39:09,78
A08950,S1037,CS101,reading,CS101-R0702,2025-03-12 05:10:50,78
A08951,S1005,DS400,discussion,DS400-D0205,2025-04-17 03:36:14,25
A08952,S1050,DS400,quiz,DS400-Q0505,2025-04-16 02:16:57,70
A08953,S1013,CS301,video,CS301-V0705,2025-05-01 03:57:09,54
A08954,S1006,CS301,assignment,CS301-A0404,2025-03-17 02:01:39,86
A08955,S1031,CS101,quiz,CS101-Q0803,2025-02-19 20:30:38,77
A08956,S1027,DS400,assignment,DS400-A0502,2025-04-09 18:15:51,50
A08957,S1040,CS101,reading,CS101-R0505,2025-04-04 06:47:49,79
A08958,S1030,DS400,discussion,DS400-D0203,2025-02-11 05:17:44,89
A08959,S1009,MATH150,reading,MATH150-R0304,2025-04-15 21:46:47,61
A08960,S1003,MATH150,lecture,MATH150-L0904,2025-03-06 16:09:40,44
A08961,S1003,MATH150,quiz,MATH150-Q0303,2025-03-02 13:00:22,69
A08962,S1006,DS400,assignment,DS400-A0905,2025-04-06 21:07:14,50
A08963,S1029,DS400,discussion,DS400-D0601,2025-02-11 17:15:24,29
A08964,S1037,CS101,discussion,CS101-D0405,2025-03-18 15:50:05,8
A08965,S1029,MATH150,assignment,MATH150-A0203,2025-04-27 21:23:07,22
A08966,S1002,CS101,video,CS101-V0505,2025-04-22 01:18:32,85
A08967,S1035,MATH150,video,MATH150-V0902,2025-03-26 20:47:54,85
A08968,S1049,CS101,reading,CS101-R0103,2025-03-11 18:39:00,23
A08969,S1020,CS301,discussion,CS301-D0702,2025-04-20 02:23:08,46
A08970,S1029,DS200,video,DS200-V0702,2025-03-20 14:57:09,30
A08971,S1015,CS101,discussion,CS101-D1001,2025-02-25 08:35:23,40
A08972,S1021,MATH150,reading,MATH150-R0705,2025-03-01 09:05:26,32
A08973,S1049,DS200,lecture,DS200-L0105,2025-03-05 02:57:31,38
A08974,S1039,CS301,discussion,CS301-D0701,2025-03-21 04:07:44,59
A08975,S1046,DS200,lecture,DS200-L0805,2025-02-02 03:52:33,74
A08976,S1040,CS101,assignment,CS101-A1005,2025-04-05 02:35:36,82
A08977,S1042,DS400,reading,DS400-R0704,2025-03-14 14:07:57,9
A08978,S1030,CS101,discussion,CS101-D1003,2025-02-13 08:07:25,12
A08979,S1049,CS101,video,CS101-V0604,2025-04-13 15:48:54,21
A08980,S1021,CS301,assignment,CS301-A0702,2025-02-08 13:36:52,8
A08981,S1047,DS400,lecture,DS400-L0305,2025-02-04 09:08:24,45
A08982,S1030,DS400,assignment,DS400-A0603,2025-02-04 03:13:49,4
A08983,S1004,MATH150,reading,MATH150-R0501,2025-03-07 07:23:47,55
A08984,S1050,CS301,assignment,CS301-A0401,2025-04-30 23:40:44,48
A08985,S1047,CS301,video,CS301-V0803,2025-03-15 23:45:48,20
A08986,S1012,CS101,video,CS101-V0204,2025-03-04 20:59:13,70
A08987,S1037,DS200,discussion,DS200-D0405,2025-04-10 21:16:31,3
A08988,S1021,DS200,quiz,DS200-Q0101,2025-04-15 03:14:00,30
A08989,S1042,CS301,assignment,CS301-A0701,2025-04-07 10:34:59,59
A08990,S1012,CS101,assignment,CS101-A0402,2025-04-29 09:11:55,36
A08991,S1034,DS400,video,DS400-V0302,2025-04-05 18:59:39,60
A08992,S1031,MATH150,quiz,MATH150-Q0804,2025-04-02 05:26:19,35
A08993,S1025,CS301,discussion,CS301-D0602,2025-04-23 12:43:51,24
A08994,S1018,CS101,reading,CS101-R0903,2025-02-17 00:55:10,54
A08995,S1042,DS400,discussion,DS400-D0905,2025-04-13 13:40:00,5
A08996,S1032,CS301,reading,CS301-R0803,2025-03-16 07:42:19,45
A08997,S1034,MATH150,assignment,MATH150-A0805,2025-03-09 23:05:14,51
A08998,S1020,MATH150,lecture,MATH150-L1002,2025-02-28 18:28:14,18
A08999,S1029,DS400,video,DS400-V0504,2025-03-26 02:55:48,88
A09000,S1009,DS400,assignment,DS400-A0903,2025-02-10 17:26:21,52
A09001,S1023,DS200,video,DS200-V0904,2025-04-28 18:49:16,27
A09002,S1021,CS101,lecture,CS101-L0904,2025-03-20 12:40:18,68
A09003,S1026,DS200,reading,DS200-R0203,2025-03-01 12:12:16,72
A09004,S1031,CS301,quiz,CS301-Q0504,2025-03-13 10:40:29,26
A09005,S1038,CS301,assignment,CS301-A0201,2025-02-20 15:16:12,9
A09006,S1034,DS400,quiz,DS400-Q0304,2025-03-21 02:26:19,73
A09007,S1027,CS101,quiz,CS101-Q0905,2025-04-20 00:25:03,67
A09008,S1043,CS301,quiz,CS301-Q0502,2025-02-02 18:16:34,43
A09009,S1044,CS101,assignment,CS101-A0604,2025-03-25 19:32:16,38
A09010,S1026,DS200,video,DS200-V0204,2025-02-22 04:29:41,34
A09011,S1050,CS301,reading,CS301-R0205,2025-04-12 21:30:51,52
A09012,S1021,CS101,reading,CS101-R0401,2025-02-14 17:59:50,9
A09013,S1019,CS101,assignment,CS101-A0405,2025-02-14 01:01:41,81
A09014,S1040,DS400,assignment,DS400-A0805,2025-02-06 10:12:12,69
A09015,S1048,CS301,assignment,CS301-A0904,2025-03-04 10:45:24,14
A09016,S1041,MATH150,quiz,MATH150-Q0701,2025-04-18 22:13:36,14
A09017,S1032,CS101,assignment,CS101-A0605,2025-02-24 21:00:22,79
A09018,S1027,CS301,lecture,CS301-L0203,2025-03-09 18:08:14,89
A09019,S1011,DS200,quiz,DS200-Q0501,2025-04-14 12:30:33,18
A09020,S1017,CS301,reading,CS301-R0602,2025-04-09 16:43:58,85
A09021,S1048,DS400,reading,DS400-R0805,2025-03-17 18:56:54,26
A09022,S1021,CS101,quiz,CS101-Q0902,2025-02-15 10:09:21,1
A09023,S1012,DS200,quiz,DS200-Q0201,2025-02-22 16:18:38,84
A09024,S1006,DS400,lecture,DS400-L0102,2025-02-09 20:36:49,36
A09025,S1039,DS400,lecture,DS400-L0105,2025-02-26 12:49:28,57
A09026,S1044,MATH150,reading,MATH150-R0604,2025-04-09 07:47:02,63
A09027,S1016,MATH150,assignment,MATH150-A0402,2025-03-28 06:45:18,24
A09028,S1015,DS400,lecture,DS400-L0402,2025-04-07 04:31:11,9
A09029,S1036,DS200,quiz,DS200-Q0705,2025-04-21 16:29:13,34
A09030,S1040,DS400,video,DS400-V0605,2025-03-23 16:13:15,83
A09031,S1001,DS400,reading,DS400-R0705,2025-03-23 23:10:14,64
A09032,S1014,DS200,discussion,DS200-D0803,2025-03-23 10:25:07,35
A09033,S1049,MATH150,quiz,MATH150-Q0304,2025-02-12 06:19:14,83
A09034,S1013,CS301,lecture,CS301-L0303,2025-05-01 16:28:59,39
A09035,S1026,DS400,discussion,DS400-D0503,2025-03-28 15:03:27,70
A09036,S1040,CS101,discussion,CS101-D0104,2025-03-12 15:12:15,4
A09037,S1037,MATH150,quiz,MATH150-Q0902,2025-02-07 04:17:07,54
A09038,S1010,CS301,reading,CS301-R0703,2025-03-22 14:45:19,69
A09039,S1037,DS400,discussion,DS400-D0802,2025-02-27 20:27:31,35
A09040,S1049,MATH150,quiz,MATH150-Q0401,2025-02-15 16:31:47,68
A09041,S1044,MATH150,video,MATH150-V0105,2025-02-18 15:28:41,59
A09042,S1020,DS400,video,DS400-V1001,2025-03-31 01:08:30,67
A09043,S1006,CS101,video,CS101-V0301,2025-02-19 12:14:42,10
A09044,S1022,CS101,video,CS101-V0903,2025-02-09 11:17:55,27
A09045,S1025,DS400,reading,DS400-R0103,2025-03-02 02:12:06,14
A09046,S1046,CS301,assignment,CS301-A0602,2025-02-24 04:42:00,63
A09047,S1001,CS101,discussion,CS101-D0804,2025-03-20 02:19:53,48
A09048,S1005,DS400,lecture,DS400-L0102,2025-02-18 22:48:53,21
A09049,S1047,CS301,lecture,CS301-L0802,2025-03-01 17:32:31,60
A09050,S1033,MATH150,video,MATH150-V0304,2025-03-19 06:45:07,33
A09051,S1035,MATH150,quiz,MATH150-Q0502,2025-02-09 09:48:37,8
A09052,S1014,DS200,video,DS200-V0405,2025-04-07 08:10:58,46
A09053,S1017,DS200,quiz,DS200-Q0704,2025-02-24 19:07:32,8
A09054,S1048,MATH150,discussion,MATH150-D0605,2025-02-18 18:25:36,10
A09055,S1040,CS301,assignment,CS301-A0503,2025-04-01 08:53:08,79
A09056,S1027,DS400,video,DS400-V0303,2025-02-21 21:01:04,12
A09057,S1009,CS101,video,CS101-V0603,2025-03-22 13:17:32,65
A09058,S1040,DS400,video,DS400-V1002,2025-04-09 19:09:39,27
A09059,S1002,CS301,discussion,CS301-D0203,2025-02-12 15:43:56,17
A09060,S1050,MATH150,quiz,MATH150-Q0104,2025-03-17 14:44:29,8
A09061,S1030,CS301,discussion,CS301-D0303,2025-02-26 11:59:27,44
A09062,S1020,CS301,reading,CS301-R1004,2025-02-08 14:38:26,14
A09063,S1015,CS101,reading,CS101-R0705,2025-04-23 19:52:36,63
A09064,S1014,CS101,assignment,CS101-A0102,2025-03-02 20:26:25,21
A09065,S1025,MATH150,reading,MATH150-R1004,2025-04-28 21:32:31,30
A09066,S1037,MATH150,quiz,MATH150-Q0903,2025-03-09 21:50:31,66
A09067,S1014,CS101,lecture,CS101-L1001,2025-02-20 13:11:40,45
A09068,S1036,MATH150,discussion,MATH150-D0802,2025-03-10 13:45:37,25
A09069,S1044,DS200,assignment,DS200-A0803,2025-02-05 05:14:06,24
A09070,S1032,CS101,discussion,CS101-D0304,2025-03-03 13:14:52,24
A09071,S1008,CS101,video,CS101-V0405,2025-04-18 17:21:35,57
A09072,S1011,DS400,discussion,DS400-D0104,2025-02-26 02:06:39,56
A09073,S1027,MATH150,discussion,MATH150-D0801,2025-03-10 15:29:58,84
A09074,S1040,MATH150,discussion,MATH150-D1001,2025-04-13 13:38:02,88
A09075,S1041,CS101,discussion,CS101-D0703,2025-02-23 07:01:47,85
A09076,S1046,DS200,reading,DS200-R0702,2025-02-20 05:06:34,75
A09077,S1022,CS101,video,CS101-V0201,2025-04-26 13:37:49,16
A09078,S1033,CS301,lecture,CS301-L0101,2025-02-05 18:20:18,69
A09079,S1009,DS200,video,DS200-V0103,2025-02-24 18:21:16,17
A09080,S1048,DS200,lecture,DS200-L0905,2025-02-24 16:36:03,74
A09081,S1046,MATH150,quiz,MATH150-Q0105,2025-03-29 08:01:42,68
A09082,S1002,MATH150,quiz,MATH150-Q0701,2025-04-25 07:54:57,58
A09083,S1008,CS101,lecture,CS101-L0504,2025-04-26 16:37:52,69
A09084,S1012,MATH150,quiz,MATH150-Q0605,2025-04-02 11:17:52,13
A09085,S1050,CS101,quiz,CS101-Q0405,2025-02-06 03:24:28,51
A09086,S1027,MATH150,lecture,MATH150-L0705,2025-03-25 09:54:10,81
A09087,S1047,DS400,reading,DS400-R0804,2025-04-18 11:45:29,5
A09088,S1012,CS301,video,CS301-V0204,2025-02-03 19:17:21,31
A09089,S1023,CS101,video,CS101-V0503,2025-02-03 09:17:57,51
A09090,S1013,DS200,assignment,DS200-A0801,2025-04-09 22:37:08,89
A09091,S1044,MATH150,video,MATH150-V0501,2025-04-07 01:15:09,55
A09092,S1039,MATH150,assignment,MATH150-A0604,2025-04-29 23:51:15,39
A09093,S1025,DS400,quiz,DS400-Q0704,2025-03-12 08:57:11,82
A09094,S1043,MATH150,quiz,MATH150-Q1001,2025-02-28 20:50:09,22
A09095,S1046,DS400,reading,DS400-R0101,2025-02-02 08:41:10,2
A09096,S1045,CS101,video,CS101-V0803,2025-02-20 10:50:17,58
A09097,S1033,MATH150,quiz,MATH150-Q0201,2025-04-16 11:01:16,61
A09098,S1016,DS400,video,DS400-V0402,2025-02-16 04:05:22,42
A09099,S1047,DS400,assignment,DS400-A0402,2025-03-20 13:27:32,55
A09100,S1050,DS200,assignment,DS200-A0302,2025-04-12 20:13:37,31
A09101,S1018,MATH150,lecture,MATH150-L0203,2025-02-28 15:55:10,16
A09102,S1031,CS301,quiz,CS301-Q0604,2025-03-26 04:53:25,54
A09103,S1028,CS101,lecture,CS101-L0101,2025-02-03 17:11:39,45
A09104,S1039,CS101,lecture,CS101-L0904,2025-02-17 15:59:41,83
A09105,S1047,MATH150,quiz,MATH150-Q1002,2025-04-03 08:58:05,28
A09106,S1041,DS200,reading,DS200-R0905,2025-02-10 03:33:13,37
A09107,S1004,DS200,quiz,DS200-Q1004,2025-05-02 02:08:15,29
A09108,S1006,MATH150,assignment,MATH150-A0603,2025-04-08 12:17:35,68
A09109,S1004,CS101,discussion,CS101-D0803,2025-03-22 05:59:35,44
A09110,S1030,MATH150,lecture,MATH150-L0401,2025-03-23 06:54:12,29
A09111,S1048,DS400,video,DS400-V0404,2025-02-07 03:16:03,86
A09112,S1048,DS400,reading,DS400-R0503,2025-03-11 13:24:35,69
A09113,S1041,MATH150,lecture,MATH150-L0202,2025-04-04 03:17:35,70
A09114,S1006,DS200,discussion,DS200-D0603,2025-04-25 15:39:21,14
A09115,S1036,MATH150,video,MATH150-V1002,2025-02-17 11:42:32,52
A09116,S1048,MATH150,reading,MATH150-R0801,2025-02-08 06:04:38,61
A09117,S1029,DS200,video,DS200-V0801,2025-02-08 08:31:33,7
A09118,S1028,MATH150,video,MATH150-V0701,2025-03-07 11:09:45,38
A09119,S1047,DS400,quiz,DS400-Q0202,2025-03-19 19:03:09,74
A09120,S1015,CS101,assignment,CS101-A0105,2025-02-16 23:57:07,50
A09121,S1011,CS301,quiz,CS301-Q0604,2025-04-25 07:58:28,77
A09122,S1039,DS400,assignment,DS400-A0104,2025-04-10 08:49:43,3
A09123,S1020,CS101,discussion,CS101-D0705,2025-04-22 13:25:31,50
A09124,S1001,DS400,reading,DS400-R0704,2025-04-26 17:51:38,13
A09125,S1006,DS400,video,DS400-V0905,2025-02-14 11:03:44,12
A09126,S1046,CS101,quiz,CS101-Q0605,2025-03-15 16:41:52,39
A09127,S1015,MATH150,discussion,MATH150-D0401,2025-03-30 16:26:56,64
A09128,S1021,DS200,video,DS200-V0702,2025-02-12 19:57:52,34
A09129,S1038,DS200,discussion,DS200-D1004,2025-03-30 01:46:48,13
A09130,S1034,CS301,lecture,CS301-L0803,2025-04-05 16:02:57,51
A09131,S1035,CS301,video,CS301-V0503,2025-04-06 21:51:49,36
A09132,S1038,CS301,reading,CS301-R0302,2025-02-04 15:41:06,54
A09133,S1050,DS400,discussion,DS400-D0303,2025-04-17 23:54:42,44
A09134,S1034,DS200,lecture,DS200-L0102,2025-04-20 12:30:01,45
A09135,S1035,CS101,assignment,CS101-A0904,2025-03-09 14:59:05,52
A09136,S1041,DS200,reading,DS200-R0505,2025-02-11 06:38:45,6
A09137,S1033,DS400,reading,DS400-R0403,2025-03-28 00:03:01,70
A09138,S1016,CS101,discussion,CS101-D0304,2025-04-13 05:43:01,21
A09139,S1029,CS301,discussion,CS301-D0403,2025-02-06 10:38:13,64
A09140,S1038,DS200,video,DS200-V0901,2025-03-27 22:37:45,12
A09141,S1025,CS301,lecture,CS301-L0804,2025-04-07 11:34:56,13
A09142,S1008,CS101,video,CS101-V0501,2025-02-18 19:33:32,7
A09143,S1032,DS200,quiz,DS200-Q0204,2025-03-04 01:22:58,41
A09144,S1030,MATH150,lecture,MATH150-L0805,2025-02-08 07:32:18,65
A09145,S1018,DS400,lecture,DS400-L0101,2025-02-04 14:48:00,2
A09146,S1006,DS200,video,DS200-V0102,2025-04-12 21:59:43,16
A09147,S1018,DS400,discussion,DS400-D0103,2025-05-01 18:40:55,2
A09148,S1006,CS101,assignment,CS101-A0405,2025-02-17 13:37:55,14
A09149,S1023,DS400,assignment,DS400-A0205,2025-02-16 10:26:26,60
A09150,S1050,CS301,video,CS301-V0503,2025-02-26 03:00:45,83
A09151,S1029,CS301,reading,CS301-R0604,2025-02-09 04:51:11,67
A09152,S1047,MATH150,quiz,MATH150-Q0905,2025-04-29 05:34:58,13
A09153,S1024,DS400,assignment,DS400-A0402,2025-05-01 10:16:58,51
A09154,S1022,DS400,quiz,DS400-Q0504,2025-04-28 16:42:18,6
A09155,S1041,DS400,lecture,DS400-L0505,2025-03-18 16:01:57,89
A09156,S1008,DS400,video,DS400-V1001,2025-04-26 22:10:10,66
A09157,S1015,DS200,discussion,DS200-D0304,2025-03-07 14:45:32,55
A09158,S1008,DS400,quiz,DS400-Q0905,2025-03-10 15:07:39,70
A09159,S1005,DS200,quiz,DS200-Q0704,2025-04-09 05:36:49,79
A09160,S1038,CS101,quiz,CS101-Q1005,2025-04-27 13:32:45,21
A09161,S1047,CS301,quiz,CS301-Q0105,2025-04-21 16:36:57,82
A09162,S1028,CS301,reading,CS301-R0803,2025-05-02 19:24:53,69
A09163,S1047,CS301,reading,CS301-R1004,2025-03-16 19:35:47,85
A09164,S1021,DS400,quiz,DS400-Q0804,2025-03-20 16:59:49,28
A09165,S1045,DS400,lecture,DS400-L0104,2025-03-04 18:09:34,5
A09166,S1047,CS301,discussion,CS301-D0302,2025-04-06 12:42:53,32
A09167,S1050,CS301,video,CS301-V0405,2025-02-25 01:22:42,36
A09168,S1030,MATH150,assignment,MATH150-A0202,2025-03-16 00:13:38,64
A09169,S1036,DS400,quiz,DS400-Q0604,2025-02-06 22:33:14,58
A09170,S1016,DS400,reading,DS400-R0504,2025-02-02 03:57:50,47
A09171,S1010,CS101,quiz,CS101-Q0402,2025-02-08 08:22:13,32
A09172,S1014,CS101,assignment,CS101-A0605,2025-04-20 08:46:29,57
A09173,S1044,DS400,discussion,DS400-D0305,2025-03-24 20:56:01,2
A09174,S1011,DS200,discussion,DS200-D0603,2025-04-18 07:58:33,64
A09175,S1026,DS400,video,DS400-V0105,2025-03-24 14:43:28,69
A09176,S1014,CS301,assignment,CS301-A0104,2025-03-31 23:25:30,75
A09177,S1047,CS101,assignment,CS101-A1001,2025-03-14 09:36:44,17
A09178,S1013,CS101,reading,CS101-R0502,2025-04-17 21:58:54,40
A09179,S1019,DS400,lecture,DS400-L1004,2025-03-03 23:56:05,59
A09180,S1001,DS400,reading,DS400-R0904,2025-03-21 06:01:32,16
A09181,S1008,CS301,video,CS301-V0505,2025-03-25 04:15:33,81
A09182,S1021,DS400,quiz,DS400-Q0403,2025-02-21 11:42:44,55
A09183,S1024,CS101,discussion,CS101-D0501,2025-03-14 09:53:16,19
A09184,S1041,CS301,quiz,CS301-Q0303,2025-02-02 22:10:31,65
A09185,S1039,CS301,video,CS301-V0904,2025-02-07 09:17:38,11
A09186,S1046,DS200,video,DS200-V0203,2025-04-27 18:46:01,51
A09187,S1028,CS301,lecture,CS301-L0205,2025-02-09 07:28:13,66
A09188,S1030,CS101,quiz,CS101-Q0201,2025-02-27 20:51:34,43
A09189,S1046,DS400,discussion,DS400-D1002,2025-04-12 10:18:47,6
A09190,S1031,CS101,discussion,CS101-D1005,2025-04-07 18:15:05,3
A09191,S1010,DS200,lecture,DS200-L0401,2025-03-27 18:45:45,75
A09192,S1042,CS301,lecture,CS301-L0601,2025-02-20 09:31:32,40
A09193,S1025,CS101,assignment,CS101-A0204,2025-02-24 23:19:26,38
A09194,S1006,CS301,assignment,CS301-A0501,2025-02-28 22:38:10,53
A09195,S1023,MATH150,reading,MATH150-R0601,2025-04-21 04:22:03,24
A09196,S1016,DS200,reading,DS200-R0605,2025-02-09 03:40:29,54
A09197,S1049,MATH150,assignment,MATH150-A1001,2025-03-07 18:01:03,84
A09198,S1027,CS301,video,CS301-V0102,2025-03-10 22:41:35,26
A09199,S1015,DS400,quiz,DS400-Q0505,2025-03-12 16:05:59,43
A09200,S1002,CS101,quiz,CS101-Q0503,2025-02-22 03:26:49,42
A09201,S1012,MATH150,assignment,MATH150-A0101,2025-03-28 21:20:05,12
A09202,S1027,MATH150,video,MATH150-V0703,2025-03-18 15:12:18,3
A09203,S1026,CS301,discussion,CS301-D0704,2025-03-21 00:05:39,65
A09204,S1041,CS101,video,CS101-V0501,2025-03-03 20:48:12,44
A09205,S1010,MATH150,reading,MATH150-R0904,2025-02-28 13:02:13,75
A09206,S1005,MATH150,video,MATH150-V0601,2025-03-29 06:50:50,3
A09207,S1043,MATH150,video,MATH150-V0601,2025-04-23 19:03:02,67
A09208,S1018,CS101,quiz,CS101-Q0405,2025-02-16 18:24:42,77
A09209,S1046,MATH150,assignment,MATH150-A0703,2025-02-11 10:02:36,27
A09210,S1010,CS301,lecture,CS301-L0101,2025-03-02 22:10:37,80
A09211,S1042,DS400,lecture,DS400-L0304,2025-04-17 05:39:21,36
A09212,S1049,DS200,discussion,DS200-D0504,2025-04-11 22:26:03,4
A09213,S1047,DS400,discussion,DS400-D0205,2025-04-20 15:00:58,21
A09214,S1042,CS101,reading,CS101-R0105,2025-02-11 02:26:33,50
A09215,S1014,DS200,discussion,DS200-D0302,2025-04-22 07:33:17,51
A09216,S1009,MATH150,discussion,MATH150-D0402,2025-04-27 10:56:07,71
A09217,S1028,MATH150,quiz,MATH150-Q0201,2025-04-10 06:56:08,78
A09218,S1011,MATH150,discussion,MATH150-D0202,2025-03-23 11:19:19,28
A09219,S1001,CS101,quiz,CS101-Q0302,2025-04-16 11:33:01,69
A09220,S1008,DS400,video,DS400-V1002,2025-02-27 22:00:05,47
A09221,S1008,CS301,quiz,CS301-Q1001,2025-03-21 19:00:03,58
A09222,S1026,CS101,assignment,CS101-A1004,2025-02-02 15:15:50,63
A09223,S1040,CS101,lecture,CS101-L0802,2025-04-02 09:10:40,20
A09224,S1016,DS200,assignment,DS200-A0605,2025-02-13 19:14:00,32
A09225,S1047,DS200,reading,DS200-R0401,2025-04-30 19:28:56,48
A09226,S1016,MATH150,quiz,MATH150-Q0305,2025-04-26 04:47:54,59
A09227,S1047,DS200,assignment,DS200-A0503,2025-04-10 15:30:53,82
A09228,S1002,MATH150,assignment,MATH150-A0105,2025-02-26 12:03:23,14
A09229,S1018,CS301,assignment,CS301-A0801,2025-04-16 06:38:00,55
A09230,S1036,DS200,discussion,DS200-D1005,2025-02-18 16:29:56,10
A09231,S1035,DS200,reading,DS200-R0504,2025-03-27 00:27:37,21
A09232,S1007,CS301,video,CS301-V0702,2025-03-31 22:06:56,63
A09233,S1001,DS200,discussion,DS200-D0703,2025-04-05 09:13:17,90
A09234,S1043,CS301,video,CS301-V0302,2025-02-23 00:12:35,18
A09235,S1009,MATH150,video,MATH150-V0702,2025-03-17 20:28:53,72
A09236,S1047,DS200,quiz,DS200-Q0901,2025-02-17 06:23:58,44
A09237,S1017,CS101,reading,CS101-R0602,2025-03-24 12:03:09,63
A09238,S1035,MATH150,quiz,MATH150-Q0605,2025-02-02 14:13:46,36
A09239,S1017,CS301,reading,CS301-R0204,2025-03-15 01:31:10,40
A09240,S1014,MATH150,reading,MATH150-R0201,2025-03-07 06:56:01,59
A09241,S1038,MATH150,assignment,MATH150-A0104,2025-04-09 23:59:59,42
A09242,S1012,MATH150,video,MATH150-V0305,2025-02-25 19:49:55,81
A09243,S1009,MATH150,reading,MATH150-R0505,2025-04-16 03:43:11,30
A09244,S1018,MATH150,lecture,MATH150-L1005,2025-03-09 16:51:42,41
A09245,S1001,DS400,assignment,DS400-A1004,2025-03-20 17:58:59,41
A09246,S1017,CS301,video,CS301-V0901,2025-04-15 02:18:45,42
A09247,S1043,CS301,lecture,CS301-L0704,2025-02-19 03:31:36,45
A09248,S1046,CS101,lecture,CS101-L0702,2025-02-20 01:07:56,4
A09249,S1020,DS200,assignment,DS200-A0804,2025-02-13 23:59:30,34
A09250,S1040,MATH150,discussion,MATH150-D0802,2025-03-01 05:27:16,67
A09251,S1017,DS400,video,DS400-V0701,2025-03-07 16:58:34,23
A09252,S1034,DS200,lecture,DS200-L0604,2025-03-27 05:27:31,18
A09253,S1047,CS101,discussion,CS101-D0105,2025-02-18 22:05:36,3
A09254,S1047,CS301,assignment,CS301-A0901,2025-03-31 12:58:25,65
A09255,S1033,DS200,video,DS200-V0105,2025-04-23 04:24:19,17
A09256,S1023,DS200,assignment,DS200-A0201,2025-04-05 15:56:38,76
A09257,S1018,DS200,video,DS200-V0603,2025-03-21 13:18:16,73
A09258,S1006,DS200,lecture,DS200-L0304,2025-04-26 21:16:03,75
A09259,S1009,DS400,discussion,DS400-D0102,2025-03-04 11:16:21,12
A09260,S1002,CS101,assignment,CS101-A0302,2025-03-20 09:31:35,77
A09261,S1036,DS200,reading,DS200-R0805,2025-04-19 12:58:41,74
A09262,S1033,DS400,video,DS400-V0605,2025-04-09 23:46:27,86
A09263,S1017,DS200,video,DS200-V0701,2025-02-24 09:35:58,23
A09264,S1011,MATH150,lecture,MATH150-L0901,2025-04-25 22:48:04,84
A09265,S1030,CS301,assignment,CS301-A0101,2025-02-24 11:48:04,62
A09266,S1050,DS400,lecture,DS400-L0801,2025-04-19 06:42:04,45
A09267,S1004,CS301,discussion,CS301-D0602,2025-03-02 09:15:50,49
A09268,S1001,DS400,discussion,DS400-D0905,2025-03-09 17:10:25,74
A09269,S1011,CS101,discussion,CS101-D0601,2025-03-08 15:27:40,11
A09270,S1050,DS200,video,DS200-V0904,2025-05-01 20:15:27,50
A09271,S1003,CS101,discussion,CS101-D1005,2025-04-12 15:26:13,59
A09272,S1045,MATH150,discussion,MATH150-D0501,2025-02-11 20:28:05,57
A09273,S1008,MATH150,discussion,MATH150-D0102,2025-03-13 06:24:16,38
A09274,S1033,CS301,video,CS301-V0802,2025-04-10 12:48:14,45
A09275,S1040,CS101,lecture,CS101-L0303,2025-04-01 08:09:11,74
A09276,S1028,DS400,reading,DS400-R0902,2025-02-27 23:54:41,30
A09277,S1045,DS200,discussion,DS200-D0805,2025-05-02 07:13:53,85
A09278,S1028,CS301,lecture,CS301-L0603,2025-04-06 16:13:55,24
A09279,S1047,DS400,assignment,DS400-A0605,2025-05-02 11:57:22,77
A09280,S1049,MATH150,quiz,MATH150-Q0205,2025-03-03 04:40:56,57
A09281,S1043,CS301,lecture,CS301-L0104,2025-02-10 10:41:07,77
A09282,S1006,CS101,video,CS101-V0602,2025-02-23 03:06:28,52
A09283,S1015,MATH150,discussion,MATH150-D0301,2025-04-03 14:28:58,61
A09284,S1012,DS200,reading,DS200-R0103,2025-04-16 00:14:18,81
A09285,S1006,MATH150,reading,MATH150-R0905,2025-04-05 13:33:47,56
A09286,S1027,DS200,lecture,DS200-L0502,2025-03-26 11:48:29,60
A09287,S1004,CS301,lecture,CS301-L0203,2025-03-03 09:03:46,19
A09288,S1008,CS101,assignment,CS101-A0905,2025-04-03 03:11:46,44
A09289,S1040,MATH150,discussion,MATH150-D0205,2025-02-16 05:39:58,50
A09290,S1021,DS400,reading,DS400-R0204,2025-02-21 19:17:00,30
A09291,S1026,CS301,quiz,CS301-Q0505,2025-02-13 12:30:30,36
A09292,S1015,CS101,video,CS101-V0803,2025-02-04 02:58:30,1
A09293,S1045,CS101,discussion,CS101-D0901,2025-04-29 08:08:07,15
A09294,S1007,CS101,quiz,CS101-Q0405,2025-02-17 20:32:01,24
A09295,S1018,MATH150,video,MATH150-V0304,2025-03-07 14:16:05,34
A09296,S1037,MATH150,lecture,MATH150-L0905,2025-04-03 14:09:22,85
A09297,S1033,CS101,assignment,CS101-A1004,2025-03-22 11:22:25,84
A09298,S1043,MATH150,reading,MATH150-R0204,2025-03-31 22:37:59,15
A09299,S1023,MATH150,video,MATH150-V0705,2025-03-28 01:16:36,6
A09300,S1042,DS200,reading,DS200-R0605,2025-04-12 03:58:49,33
A09301,S1035,DS400,video,DS400-V0103,2025-04-02 18:40:56,35
A09302,S1004,DS400,lecture,DS400-L1001,2025-02-05 02:53:28,1
A09303,S1027,DS400,reading,DS400-R0705,2025-03-26 09:23:36,12
A09304,S1039,DS400,assignment,DS400-A0402,2025-04-29 18:47:13,25
A09305,S1006,CS301,quiz,CS301-Q1002,2025-03-11 16:11:35,50
A09306,S1019,CS101,assignment,CS101-A0401,2025-03-17 06:24:25,45
A09307,S1001,MATH150,discussion,MATH150-D1005,2025-02-04 12:01:31,84
A09308,S1028,MATH150,lecture,MATH150-L0901,2025-02-07 17:09:46,49
A09309,S1029,CS101,lecture,CS101-L1001,2025-03-16 17:57:25,80
A09310,S1025,MATH150,lecture,MATH150-L0103,2025-04-01 15:23:53,21
A09311,S1002,DS400,quiz,DS400-Q0602,2025-04-13 04:43:15,64
A09312,S1019,DS400,reading,DS400-R0603,2025-04-12 01:51:41,69
A09313,S1013,DS400,video,DS400-V0205,2025-03-09 05:51:10,56
A09314,S1025,MATH150,reading,MATH150-R1002,2025-02-26 16:53:46,60
A09315,S1033,CS101,video,CS101-V0705,2025-03-27 02:34:11,66
A09316,S1047,CS101,lecture,CS101-L0805,2025-04-27 15:35:37,49
A09317,S1046,DS200,video,DS200-V0101,2025-03-31 22:53:05,60
A09318,S1003,DS200,lecture,DS200-L0805,2025-02-13 14:06:09,60
A09319,S1048,CS301,video,CS301-V0402,2025-03-05 15:01:56,43
A09320,S1034,DS400,lecture,DS400-L0205,2025-04-06 00:11:08,15
A09321,S1011,CS301,quiz,CS301-Q0701,2025-04-28 13:45:25,47
A09322,S1007,DS400,lecture,DS400-L0805,2025-04-26 08:04:41,35
A09323,S1020,DS200,reading,DS200-R0704,2025-03-16 01:56:01,90
A09324,S1002,CS101,reading,CS101-R0303,2025-04-01 22:17:16,57
A09325,S1027,MATH150,quiz,MATH150-Q0202,2025-03-06 17:56:30,33
A09326,S1020,MATH150,discussion,MATH150-D0504,2025-03-29 00:52:33,86
A09327,S1023,CS101,discussion,CS101-D0701,2025-02-26 13:24:31,74
A09328,S1040,CS101,lecture,CS101-L0501,2025-04-10 03:03:45,76
A09329,S1002,MATH150,reading,MATH150-R0503,2025-04-25 23:34:03,74
A09330,S1028,DS200,assignment,DS200-A0602,2025-04-23 06:54:00,15
A09331,S1027,MATH150,video,MATH150-V0905,2025-03-18 05:14:06,28
A09332,S1038,CS101,quiz,CS101-Q0704,2025-04-15 00:19:26,52
A09333,S1032,MATH150,assignment,MATH150-A0303,2025-04-05 10:10:12,39
A09334,S1012,CS101,video,CS101-V0203,2025-03-20 13:18:32,76
A09335,S1038,CS301,lecture,CS301-L0703,2025-04-18 22:50:12,72
A09336,S1005,CS101,video,CS101-V0503,2025-04-16 09:06:28,8
A09337,S1031,CS301,discussion,CS301-D0404,2025-02-23 14:16:24,42
A09338,S1003,DS400,quiz,DS400-Q0901,2025-04-27 18:24:59,14
A09339,S1037,DS200,video,DS200-V0801,2025-04-17 01:12:54,54
A09340,S1027,DS200,video,DS200-V1002,2025-03-08 15:25:02,24
A09341,S1027,CS101,lecture,CS101-L0804,2025-02-18 16:58:40,54
A09342,S1022,MATH150,discussion,MATH150-D0202,2025-02-14 05:15:42,56
A09343,S1007,DS200,reading,DS200-R0502,2025-04-22 23:29:29,58
A09344,S1001,CS101,assignment,CS101-A0902,2025-02-22 15:11:29,26
A09345,S1042,DS200,assignment,DS200-A0101,2025-02-17 23:53:59,42
A09346,S1044,DS200,lecture,DS200-L0504,2025-03-19 14:32:33,40
A09347,S1002,CS301,lecture,CS301-L0903,2025-02-23 05:45:02,30
A09348,S1008,CS101,reading,CS101-R0703,2025-04-10 13:13:15,65
A09349,S1015,MATH150,quiz,MATH150-Q0305,2025-04-28 11:39:27,59
A09350,S1022,DS200,assignment,DS200-A0205,2025-02-26 23:36:01,70
A09351,S1016,DS200,quiz,DS200-Q0505,2025-02-16 12:00:46,15
A09352,S1023,DS200,assignment,DS200-A1004,2025-02-26 11:25:10,47
A09353,S1034,CS301,lecture,CS301-L0704,2025-02-20 17:13:33,84
A09354,S1040,DS200,assignment,DS200-A0102,2025-02-14 17:50:37,21
A09355,S1007,CS301,discussion,CS301-D0901,2025-03-19 03:36:11,1
A09356,S1007,DS400,video,DS400-V0203,2025-03-06 12:22:06,63
A09357,S1017,CS101,video,CS101-V0601,2025-02-19 04:36:49,14
A09358,S1035,DS400,video,DS400-V0403,2025-02-03 08:23:00,84
A09359,S1005,CS301,discussion,CS301-D0205,2025-04-30 09:39:42,39
A09360,S1018,MATH150,assignment,MATH150-A0604,2025-04-29 19:36:12,56
A09361,S1048,CS301,discussion,CS301-D0702,2025-03-07 06:05:26,26
A09362,S1027,CS301,lecture,CS301-L0204,2025-02-13 19:09:57,18
A09363,S1003,DS200,reading,DS200-R0604,2025-04-10 01:18:18,35
A09364,S1008,CS301,reading,CS301-R0703,2025-04-26 15:13:44,80
A09365,S1047,DS200,video,DS200-V0101,2025-02-14 12:56:11,24
A09366,S1019,DS200,video,DS200-V0404,2025-02-10 18:16:43,52
A09367,S1025,MATH150,video,MATH150-V0402,2025-04-14 07:50:26,89
A09368,S1023,CS101,discussion,CS101-D1005,2025-03-17 17:22:06,81
A09369,S1048,DS200,lecture,DS200-L0201,2025-03-04 14:57:53,18
A09370,S1040,DS200,quiz,DS200-Q0105,2025-04-09 01:13:15,75
A09371,S1014,CS101,quiz,CS101-Q0804,2025-04-04 02:13:22,33
A09372,S1009,CS101,assignment,CS101-A0201,2025-03-22 06:53:43,89
A09373,S1016,CS101,lecture,CS101-L0201,2025-04-02 08:16:33,15
A09374,S1002,MATH150,quiz,MATH150-Q0101,2025-04-22 13:20:13,43
A09375,S1012,CS101,reading,CS101-R1003,2025-04-23 06:25:34,50
A09376,S1027,DS400,quiz,DS400-Q0601,2025-02-03 21:33:13,26
A09377,S1036,DS400,reading,DS400-R0404,2025-04-09 10:35:38,82
A09378,S1012,DS200,quiz,DS200-Q0902,2025-04-23 01:41:32,74
A09379,S1012,DS400,lecture,DS400-L0303,2025-04-19 11:58:49,28
A09380,S1012,MATH150,reading,MATH150-R0905,2025-03-26 17:27:13,3
A09381,S1032,CS301,discussion,CS301-D0703,2025-03-18 18:58:51,61
A09382,S1026,MATH150,reading,MATH150-R0405,2025-03-08 02:19:42,77
A09383,S1011,DS400,discussion,DS400-D0203,2025-03-15 00:13:43,31
A09384,S1049,CS101,video,CS101-V0503,2025-04-09 06:08:13,31
A09385,S1017,CS301,reading,CS301-R1001,2025-02-09 06:31:47,52
A09386,S1003,DS400,reading,DS400-R0805,2025-04-08 23:04:23,16
A09387,S1036,DS200,video,DS200-V0302,2025-04-05 07:01:16,35
A09388,S1044,MATH150,assignment,MATH150-A1003,2025-02-28 21:43:38,59
A09389,S1043,MATH150,discussion,MATH150-D0505,2025-03-08 08:22:27,86
A09390,S1026,DS400,assignment,DS400-A0503,2025-03-05 18:32:58,11
A09391,S1045,MATH150,video,MATH150-V0203,2025-03-18 20:53:09,18
A09392,S1040,DS400,lecture,DS400-L0502,2025-03-10 17:04:15,8
A09393,S1031,CS101,video,CS101-V0405,2025-02-10 03:43:54,35
A09394,S1015,DS400,video,DS400-V0804,2025-04-19 03:53:38,37
A09395,S1043,CS301,lecture,CS301-L0302,2025-04-14 01:46:34,77
A09396,S1023,MATH150,reading,MATH150-R0602,2025-04-29 21:30:26,43
A09397,S1047,DS400,lecture,DS400-L0404,2025-02-18 15:33:33,2
A09398,S1027,CS301,quiz,CS301-Q0401,2025-04-03 02:06:57,87
A09399,S1030,DS400,lecture,DS400-L0405,2025-04-02 06:41:05,28
A09400,S1017,CS301,discussion,CS301-D0702,2025-02-06 19:27:24,62
A09401,S1022,DS200,discussion,DS200-D0205,2025-02-10 08:08:39,85
A09402,S1041,DS400,video,DS400-V0902,2025-03-24 01:36:59,88
A09403,S1037,CS101,discussion,CS101-D0403,2025-02-03 03:34:47,57
A09404,S1016,DS400,discussion,DS400-D0505,2025-04-04 20:53:05,42
A09405,S1022,CS101,reading,CS101-R0104,2025-03-23 07:59:34,16
A09406,S1023,CS101,assignment,CS101-A0203,2025-03-14 02:48:10,18
A09407,S1030,DS400,reading,DS400-R0704,2025-02-17 12:10:32,10
A09408,S1031,CS301,video,CS301-V0802,2025-03-03 22:43:19,30
A09409,S1033,CS101,reading,CS101-R0503,2025-03-13 15:12:38,45
A09410,S1006,MATH150,discussion,MATH150-D1004,2025-03-07 04:03:55,27
A09411,S1042,CS101,lecture,CS101-L0503,2025-03-11 05:52:15,28
A09412,S1016,DS400,reading,DS400-R0603,2025-03-01 10:30:10,43
A09413,S1001,CS101,video,CS101-V0302,2025-02-08 23:56:56,79
A09414,S1044,DS400,assignment,DS400-A0903,2025-03-28 05:27:16,13
A09415,S1014,CS101,video,CS101-V0103,2025-04-27 22:08:44,78
A09416,S1016,CS101,discussion,CS101-D1005,2025-04-02 20:07:08,30
A09417,S1002,DS400,assignment,DS400-A0302,2025-02-16 14:02:03,6
A09418,S1011,MATH150,lecture,MATH150-L0804,2025-03-13 10:33:01,76
A09419,S1029,CS101,assignment,CS101-A0705,2025-02-21 10:02:24,90
A09420,S1036,DS200,discussion,DS200-D0304,2025-04-11 13:29:47,53
A09421,S1029,MATH150,lecture,MATH150-L0101,2025-03-31 23:09:04,85
A09422,S1031,CS301,video,CS301-V0603,2025-03-30 05:12:30,85
A09423,S1027,DS200,reading,DS200-R1003,2025-03-31 06:34:41,3
A09424,S1047,CS101,video,CS101-V0202,2025-03-09 05:40:29,43
A09425,S1013,CS101,lecture,CS101-L0303,2025-02-23 09:38:04,33
A09426,S1044,DS200,quiz,DS200-Q0504,2025-03-15 13:48:49,75
A09427,S1015,CS301,lecture,CS301-L0704,2025-04-04 11:50:26,43
A09428,S1028,MATH150,reading,MATH150-R0102,2025-04-04 00:32:49,12
A09429,S1018,DS400,video,DS400-V0301,2025-02-09 01:27:16,80
A09430,S1047,MATH150,reading,MATH150-R0802,2025-02-03 16:45:20,45
A09431,S1024,MATH150,video,MATH150-V0301,2025-03-12 09:11:07,84
A09432,S1050,DS400,reading,DS400-R0603,2025-02-01 22:47:06,20
A09433,S1025,DS400,reading,DS400-R0601,2025-03-08 02:38:24,67
A09434,S1014,CS301,lecture,CS301-L0802,2025-02-16 07:38:43,72
A09435,S1033,MATH150,discussion,MATH150-D1002,2025-03-30 04:21:12,20
A09436,S1047,DS400,assignment,DS400-A0904,2025-04-27 23:17:31,50
A09437,S1033,DS400,discussion,DS400-D0101,2025-02-04 21:29:31,52
A09438,S1041,MATH150,assignment,MATH150-A0305,2025-03-07 07:37:51,37
A09439,S1020,DS200,lecture,DS200-L0602,2025-04-06 23:24:05,28
A09440,S1048,CS301,lecture,CS301-L0501,2025-03-15 19:57:13,30
A09441,S1042,CS301,lecture,CS301-L0802,2025-03-22 02:05:27,34
A09442,S1046,DS200,lecture,DS200-L0103,2025-02-07 00:17:37,24
A09443,S1042,DS400,reading,DS400-R0104,2025-03-29 05:24:41,79
A09444,S1015,DS400,quiz,DS400-Q0805,2025-03-23 15:22:06,11
A09445,S1004,MATH150,discussion,MATH150-D0605,2025-02-11 14:38:20,45
A09446,S1050,DS400,lecture,DS400-L0603,2025-02-18 10:35:17,38
A09447,S1036,CS301,discussion,CS301-D0501,2025-03-03 19:20:57,14
A09448,S1050,MATH150,quiz,MATH150-Q0203,2025-02-02 11:42:58,88
A09449,S1033,DS400,quiz,DS400-Q0805,2025-04-16 14:27:04,45
A09450,S1005,MATH150,assignment,MATH150-A0705,2025-03-31 00:53:27,21
A09451,S1009,DS400,lecture,DS400-L0404,2025-04-04 05:19:29,75
A09452,S1003,CS101,quiz,CS101-Q0905,2025-03-01 05:55:17,87
A09453,S1001,MATH150,assignment,MATH150-A0804,2025-04-09 19:51:54,31
A09454,S1015,CS101,discussion,CS101-D1003,2025-03-19 14:18:41,83
A09455,S1039,CS101,reading,CS101-R0203,2025-04-06 09:57:15,74
A09456,S1012,DS400,reading,DS400-R0304,2025-04-28 06:06:26,49
A09457,S1032,CS301,reading,CS301-R0204,2025-03-06 12:09:21,31
A09458,S1050,CS301,reading,CS301-R0704,2025-04-16 23:35:32,57
A09459,S1036,MATH150,quiz,MATH150-Q0404,2025-02-11 17:02:24,49
A09460,S1019,DS200,quiz,DS200-Q0201,2025-02-11 00:52:28,52
A09461,S1034,MATH150,discussion,MATH150-D0602,2025-03-04 00:56:07,10
A09462,S1032,CS101,quiz,CS101-Q0904,2025-03-03 01:50:54,63
A09463,S1036,DS200,reading,DS200-R0702,2025-02-28 08:47:01,27
A09464,S1012,MATH150,lecture,MATH150-L0101,2025-04-25 14:19:25,11
A09465,S1002,DS200,assignment,DS200-A0905,2025-02-21 14:12:46,89
A09466,S1008,MATH150,discussion,MATH150-D0203,2025-02-09 07:19:50,7
A09467,S1006,CS101,assignment,CS101-A0301,2025-04-21 04:28:59,11
A09468,S1042,CS301,reading,CS301-R0803,2025-04-10 20:40:12,72
A09469,S1006,MATH150,assignment,MATH150-A0805,2025-03-16 05:19:41,13
A09470,S1038,MATH150,video,MATH150-V0405,2025-02-07 08:34:00,24
A09471,S1048,CS101,video,CS101-V0503,2025-04-20 21:36:15,89
A09472,S1035,DS200,reading,DS200-R0801,2025-03-23 06:48:18,4
A09473,S1048,CS301,lecture,CS301-L1002,2025-03-18 15:55:55,67
A09474,S1042,MATH150,quiz,MATH150-Q0502,2025-03-13 15:38:45,89
A09475,S1019,DS200,reading,DS200-R0502,2025-04-08 14:06:05,40
A09476,S1044,CS301,lecture,CS301-L0304,2025-04-03 12:10:06,14
A09477,S1041,MATH150,assignment,MATH150-A0504,2025-03-13 06:15:12,56
A09478,S1039,DS200,lecture,DS200-L0802,2025-03-29 09:06:34,59
A09479,S1010,DS200,video,DS200-V0205,2025-04-05 18:45:38,57
A09480,S1002,DS400,quiz,DS400-Q0402,2025-04-23 05:46:20,39
A09481,S1049,MATH150,reading,MATH150-R0405,2025-03-16 12:57:26,47
A09482,S1003,DS400,video,DS400-V1001,2025-04-09 16:33:29,26
A09483,S1033,MATH150,quiz,MATH150-Q1005,2025-02-06 07:54:46,18
A09484,S1036,MATH150,reading,MATH150-R0102,2025-03-17 15:12:55,67
A09485,S1013,CS301,assignment,CS301-A0304,2025-03-27 11:36:04,36
A09486,S1040,MATH150,lecture,MATH150-L0504,2025-04-01 01:47:01,8
A09487,S1017,MATH150,quiz,MATH150-Q0601,2025-03-07 11:39:48,31
A09488,S1032,DS400,video,DS400-V0701,2025-04-24 02:06:58,56
A09489,S1002,DS400,video,DS400-V0405,2025-02-16 02:25:09,2
A09490,S1044,CS101,lecture,CS101-L0305,2025-03-19 18:08:07,69
A09491,S1001,CS301,assignment,CS301-A0805,2025-02-15 08:37:56,81
A09492,S1018,CS301,reading,CS301-R0602,2025-02-02 08:01:55,79
A09493,S1010,DS200,video,DS200-V0301,2025-02-14 06:40:56,66
A09494,S1036,CS101,quiz,CS101-Q1001,2025-02-21 18:08:23,41
A09495,S1035,DS200,video,DS200-V0302,2025-02-18 00:42:34,64
A09496,S1010,DS200,reading,DS200-R0502,2025-02-27 21:13:50,10
A09497,S1050,CS301,lecture,CS301-L0902,2025-03-27 20:57:21,68
A09498,S1042,CS101,reading,CS101-R0905,2025-04-05 19:19:09,77
A09499,S1018,DS400,assignment,DS400-A0302,2025-02-22 17:00:47,88
A09500,S1013,DS200,video,DS200-V0903,2025-03-15 03:11:00,51
A09501,S1008,DS400,discussion,DS400-D1004,2025-02-09 17:51:43,6
A09502,S1033,CS101,discussion,CS101-D0702,2025-02-16 02:46:38,15
A09503,S1016,DS200,quiz,DS200-Q0602,2025-02-09 16:56:23,34
A09504,S1023,MATH150,reading,MATH150-R0504,2025-02-14 14:42:20,20
A09505,S1031,CS101,assignment,CS101-A0103,2025-03-23 23:07:34,79
A09506,S1044,DS400,quiz,DS400-Q0503,2025-02-17 22:06:07,23
A09507,S1043,MATH150,discussion,MATH150-D0802,2025-02-04 23:07:28,28
A09508,S1032,MATH150,discussion,MATH150-D0601,2025-03-24 19:28:07,28
A09509,S1029,MATH150,video,MATH150-V0301,2025-04-15 20:39:13,7
A09510,S1026,CS101,assignment,CS101-A0902,2025-02-02 01:30:49,82
A09511,S1030,CS301,video,CS301-V0704,2025-03-20 18:21:44,47
A09512,S1033,MATH150,discussion,MATH150-D0904,2025-04-30 17:17:41,63
A09513,S1006,MATH150,quiz,MATH150-Q0402,2025-02-24 10:57:06,43
A09514,S1015,DS400,video,DS400-V0805,2025-02-05 11:46:49,24
A09515,S1016,DS400,assignment,DS400-A1003,2025-04-18 17:33:09,87
A09516,S1004,MATH150,quiz,MATH150-Q1003,2025-04-08 19:12:47,59
A09517,S1025,CS101,discussion,CS101-D0304,2025-04-14 13:24:50,68
A09518,S1008,DS200,assignment,DS200-A0104,2025-04-01 16:04:41,81
A09519,S1026,DS200,reading,DS200-R0901,2025-04-28 05:50:02,74
A09520,S1040,MATH150,video,MATH150-V0303,2025-04-06 15:53:42,18
A09521,S1049,CS301,reading,CS301-R0701,2025-04-27 08:21:01,58
A09522,S1046,DS200,quiz,DS200-Q0301,2025-02-09 12:42:24,61
A09523,S1047,CS101,lecture,CS101-L0204,2025-03-05 01:19:38,82
A09524,S1022,MATH150,assignment,MATH150-A0704,2025-03-18 11:55:36,38
A09525,S1031,DS200,reading,DS200-R0201,2025-04-29 06:35:03,54
A09526,S1030,MATH150,reading,MATH150-R0505,2025-04-19 12:36:53,78
A09527,S1033,DS400,lecture,DS400-L0801,2025-04-10 22:21:20,52
A09528,S1032,CS301,discussion,CS301-D0901,2025-02-24 16:36:48,3
A09529,S1011,MATH150,discussion,MATH150-D0302,2025-04-08 08:38:55,87
A09530,S1047,CS101,lecture,CS101-L0902,2025-02-23 15:42:45,39
A09531,S1008,DS400,quiz,DS400-Q0203,2025-04-11 12:01:26,41
A09532,S1044,CS101,video,CS101-V1002,2025-02-07 04:33:20,30
A09533,S1033,CS101,video,CS101-V0603,2025-02-21 20:28:03,14
A09534,S1016,CS301,assignment,CS301-A0401,2025-02-16 12:47:56,74
A09535,S1024,CS101,reading,CS101-R0905,2025-04-03 17:49:13,70
A09536,S1007,DS400,discussion,DS400-D0803,2025-03-28 17:49:27,73
A09537,S1030,DS200,video,DS200-V0305,2025-02-14 19:14:34,62
A09538,S1034,CS101,discussion,CS101-D1002,2025-04-30 22:51:05,67
A09539,S1016,DS400,discussion,DS400-D0702,2025-04-27 18:00:51,74
A09540,S1007,CS101,quiz,CS101-Q0301,2025-02-28 17:03:46,55
A09541,S1030,DS400,quiz,DS400-Q0401,2025-04-17 11:22:47,29
A09542,S1035,CS101,quiz,CS101-Q1001,2025-05-01 13:05:37,74
A09543,S1049,MATH150,discussion,MATH150-D0704,2025-02-05 15:57:23,60
A09544,S1042,CS301,assignment,CS301-A1005,2025-04-15 16:02:47,53
A09545,S1017,MATH150,reading,MATH150-R1001,2025-02-13 12:32:49,70
A09546,S1023,CS101,lecture,CS101-L0203,2025-02-27 09:06:54,86
A09547,S1011,CS301,video,CS301-V0603,2025-04-29 01:48:10,59
A09548,S1015,CS101,assignment,CS101-A0205,2025-04-15 09:18:46,6
A09549,S1034,CS301,video,CS301-V0605,2025-03-03 03:17:44,23
A09550,S1015,CS101,video,CS101-V0304,2025-05-02 15:20:22,24
A09551,S1032,MATH150,video,MATH150-V0203,2025-04-24 16:18:33,22
A09552,S1032,DS200,video,DS200-V0201,2025-04-10 22:31:12,35
A09553,S1015,MATH150,lecture,MATH150-L0704,2025-04-26 17:22:26,30
A09554,S1035,DS200,quiz,DS200-Q0804,2025-04-16 09:04:46,47
A09555,S1038,CS301,video,CS301-V0804,2025-03-19 03:09:13,15
A09556,S1042,DS400,discussion,DS400-D0504,2025-02-04 10:49:47,46
A09557,S1013,MATH150,quiz,MATH150-Q0604,2025-03-01 16:22:27,8
A09558,S1040,CS301,discussion,CS301-D0403,2025-04-09 22:17:48,83
A09559,S1035,CS301,assignment,CS301-A1005,2025-03-21 10:06:32,13
A09560,S1028,MATH150,quiz,MATH150-Q0305,2025-02-14 02:07:27,73
A09561,S1006,CS301,quiz,CS301-Q0404,2025-04-17 11:43:16,3
A09562,S1021,DS200,discussion,DS200-D0105,2025-05-01 05:16:18,9
A09563,S1006,CS101,lecture,CS101-L0104,2025-04-25 08:44:26,90
A09564,S1031,DS400,video,DS400-V0205,2025-04-23 15:05:15,21
A09565,S1047,CS301,video,CS301-V0803,2025-02-08 17:39:50,76
A09566,S1035,CS301,assignment,CS301-A0102,2025-05-01 09:00:00,24
A09567,S1012,MATH150,lecture,MATH150-L0901,2025-04-03 12:05:56,26
A09568,S1015,DS400,assignment,DS400-A0302,2025-03-19 23:09:03,34
A09569,S1042,MATH150,reading,MATH150-R0503,2025-04-13 09:43:34,37
A09570,S1050,MATH150,quiz,MATH150-Q0304,2025-03-24 05:34:15,64
A09571,S1046,DS400,video,DS400-V0503,2025-04-20 06:12:52,57
A09572,S1044,CS301,lecture,CS301-L0803,2025-02-04 04:13:05,53
A09573,S1026,DS400,quiz,DS400-Q0805,2025-04-17 16:48:30,74
A09574,S1048,MATH150,video,MATH150-V0104,2025-02-13 13:57:40,28
A09575,S1031,CS301,discussion,CS301-D0902,2025-02-20 10:09:16,58
A09576,S1025,CS101,discussion,CS101-D0303,2025-04-12 19:53:48,78
A09577,S1014,CS101,discussion,CS101-D0805,2025-04-26 07:49:38,64
A09578,S1037,CS101,discussion,CS101-D0202,2025-03-22 10:42:55,10
A09579,S1012,CS101,video,CS101-V0702,2025-03-04 13:25:02,72
A09580,S1008,MATH150,quiz,MATH150-Q0801,2025-02-05 03:13:30,23
A09581,S1025,DS200,video,DS200-V0601,2025-04-01 21:17:06,26
A09582,S1013,MATH150,quiz,MATH150-Q0305,2025-04-26 21:03:58,37
A09583,S1019,DS200,quiz,DS200-Q0305,2025-02-19 16:44:18,65
A09584,S1017,CS101,assignment,CS101-A0202,2025-03-08 07:45:10,90
A09585,S1009,CS101,lecture,CS101-L0502,2025-02-19 22:48:14,6
A09586,S1037,CS101,discussion,CS101-D0305,2025-04-16 20:19:40,84
A09587,S1008,DS200,reading,DS200-R0805,2025-03-12 10:47:27,85
A09588,S1027,CS301,assignment,CS301-A0805,2025-02-21 21:28:23,4
A09589,S1013,CS101,quiz,CS101-Q0305,2025-04-15 06:37:20,35
A09590,S1004,DS400,discussion,DS400-D0404,2025-03-07 21:13:07,11
A09591,S1014,CS301,quiz,CS301-Q0903,2025-03-25 08:57:20,15
A09592,S1020,CS101,assignment,CS101-A1004,2025-03-21 21:34:58,73
A09593,S1040,CS101,discussion,CS101-D0503,2025-02-08 12:02:23,80
A09594,S1010,CS101,discussion,CS101-D0505,2025-04-15 14:56:54,55
A09595,S1023,DS200,discussion,DS200-D0601,2025-04-30 21:28:00,73
A09596,S1017,CS101,reading,CS101-R0705,2025-03-02 00:44:40,88
A09597,S1023,DS400,video,DS400-V0501,2025-04-28 05:18:56,13
A09598,S1004,CS301,reading,CS301-R0305,2025-03-17 20:00:34,78
A09599,S1040,CS301,video,CS301-V0303,2025-03-19 18:09:18,85
A09600,S1046,MATH150,lecture,MATH150-L0302,2025-03-06 12:37:23,79
A09601,S1016,CS101,assignment,CS101-A0302,2025-03-19 23:32:26,22
A09602,S1024,MATH150,reading,MATH150-R1003,2025-03-04 10:34:43,81
A09603,S1001,DS200,assignment,DS200-A0104,2025-03-29 20:25:55,41
A09604,S1035,DS200,reading,DS200-R0504,2025-03-19 10:44:22,57
A09605,S1010,DS200,discussion,DS200-D0704,2025-04-07 15:04:22,63
A09606,S1034,DS200,discussion,DS200-D0104,2025-03-04 21:02:38,11
A09607,S1027,DS200,discussion,DS200-D0104,2025-03-15 06:04:23,24
A09608,S1026,CS301,discussion,CS301-D0501,2025-04-01 23:43:34,89
A09609,S1038,CS101,quiz,CS101-Q0404,2025-04-12 19:14:12,18
A09610,S1011,DS400,assignment,DS400-A0204,2025-03-11 18:05:11,36
A09611,S1035,CS101,video,CS101-V0701,2025-03-01 14:40:43,82
A09612,S1043,MATH150,reading,MATH150-R0501,2025-04-08 18:42:57,24
A09613,S1039,CS101,discussion,CS101-D0604,2025-03-06 04:34:28,3
A09614,S1043,MATH150,assignment,MATH150-A0903,2025-03-28 06:45:45,39
A09615,S1005,MATH150,discussion,MATH150-D0302,2025-03-26 01:57:27,29
A09616,S1021,CS301,lecture,CS301-L0302,2025-04-24 04:13:19,76
A09617,S1015,MATH150,lecture,MATH150-L0204,2025-04-17 22:46:49,39
A09618,S1033,CS301,video,CS301-V0705,2025-02-25 10:21:12,70
A09619,S1048,CS101,reading,CS101-R0903,2025-03-11 21:34:07,5
A09620,S1031,CS101,assignment,CS101-A0502,2025-03-06 14:50:58,86
A09621,S1045,CS101,quiz,CS101-Q0605,2025-02-20 11:03:43,11
A09622,S1029,DS200,quiz,DS200-Q0201,2025-03-26 09:49:21,87
A09623,S1017,MATH150,quiz,MATH150-Q0401,2025-04-16 05:22:06,33
A09624,S1029,DS400,quiz,DS400-Q0202,2025-03-14 19:52:22,43
A09625,S1004,DS400,discussion,DS400-D1005,2025-03-21 02:10:44,47
A09626,S1022,DS400,reading,DS400-R0404,2025-03-31 04:45:50,77
A09627,S1043,CS301,discussion,CS301-D0901,2025-03-15 05:14:21,54
A09628,S1033,CS101,discussion,CS101-D0703,2025-02-09 10:47:39,14
A09629,S1037,DS400,discussion,DS400-D0904,2025-03-01 14:57:40,83
A09630,S1020,CS301,video,CS301-V0301,2025-03-19 23:05:30,82
A09631,S1029,DS400,reading,DS400-R0503,2025-03-18 16:00:46,37
A09632,S1031,CS301,lecture,CS301-L0701,2025-03-24 10:44:52,82
A09633,S1022,MATH150,discussion,MATH150-D0902,2025-03-04 04:04:57,70
A09634,S1024,CS301,reading,CS301-R0402,2025-04-25 17:49:11,60
A09635,S1046,MATH150,reading,MATH150-R0201,2025-04-13 08:40:55,42
A09636,S1028,MATH150,video,MATH150-V0804,2025-02-06 20:23:06,11
A09637,S1042,MATH150,quiz,MATH150-Q0304,2025-03-12 19:12:48,80
A09638,S1037,DS400,lecture,DS400-L0901,2025-04-22 16:50:19,48
A09639,S1009,CS301,discussion,CS301-D0301,2025-02-06 05:59:13,72
A09640,S1021,MATH150,quiz,MATH150-Q0401,2025-03-14 21:06:54,36
A09641,S1046,CS301,lecture,CS301-L0704,2025-04-04 11:37:25,40
A09642,S1037,DS200,video,DS200-V0404,2025-03-06 08:54:19,43
A09643,S1045,DS400,video,DS400-V0905,2025-02-21 10:47:52,29
A09644,S1015,CS101,reading,CS101-R1002,2025-04-06 01:32:29,20
A09645,S1023,MATH150,discussion,MATH150-D0605,2025-04-09 10:55:26,22
A09646,S1033,DS200,assignment,DS200-A0104,2025-03-15 14:03:05,56
A09647,S1021,DS200,reading,DS200-R0805,2025-03-17 09:54:38,90
A09648,S1050,CS101,lecture,CS101-L1001,2025-02-03 22:53:18,20
A09649,S1035,CS101,lecture,CS101-L0101,2025-02-21 19:08:03,22
A09650,S1048,CS301,quiz,CS301-Q0701,2025-03-19 03:56:09,72
A09651,S1001,DS400,assignment,DS400-A0904,2025-04-20 04:06:16,33
A09652,S1020,DS400,assignment,DS400-A1001,2025-03-11 21:08:22,19
A09653,S1032,CS301,quiz,CS301-Q0601,2025-02-16 05:08:02,78
A09654,S1049,MATH150,video,MATH150-V0601,2025-04-16 11:09:38,11
A09655,S1010,DS200,discussion,DS200-D0203,2025-02-21 10:03:01,48
A09656,S1013,CS301,reading,CS301-R1002,2025-03-20 14:05:04,10
A09657,S1038,CS301,quiz,CS301-Q0701,2025-03-10 08:58:59,22
A09658,S1019,DS200,discussion,DS200-D0402,2025-03-25 09:07:40,4
A09659,S1008,CS101,quiz,CS101-Q0101,2025-03-16 10:46:13,60
A09660,S1049,MATH150,reading,MATH150-R0701,2025-03-26 05:25:01,29
A09661,S1019,DS400,quiz,DS400-Q0505,2025-02-13 05:44:57,63
A09662,S1048,MATH150,lecture,MATH150-L0805,2025-04-16 13:37:52,26
A09663,S1007,DS200,video,DS200-V0401,2025-04-26 01:24:00,41
A09664,S1044,DS200,reading,DS200-R1004,2025-03-10 12:08:06,23
A09665,S1007,CS301,reading,CS301-R0201,2025-04-24 09:34:43,82
A09666,S1015,CS301,reading,CS301-R0203,2025-02-12 04:57:44,49
A09667,S1018,DS400,assignment,DS400-A0704,2025-03-25 03:50:57,88
A09668,S1037,DS400,video,DS400-V0405,2025-04-12 14:17:15,59
A09669,S1044,DS200,assignment,DS200-A0304,2025-03-25 05:59:01,51
A09670,S1003,DS200,discussion,DS200-D0505,2025-04-24 17:55:30,53
A09671,S1014,MATH150,reading,MATH150-R0601,2025-02-08 11:26:10,19
A09672,S1005,DS400,assignment,DS400-A1001,2025-02-27 08:42:21,87
A09673,S1038,DS400,reading,DS400-R0303,2025-02-20 10:44:05,44
A09674,S1037,MATH150,video,MATH150-V0101,2025-04-17 23:51:15,74
A09675,S1025,MATH150,reading,MATH150-R1004,2025-02-07 12:16:22,44
A09676,S1040,MATH150,reading,MATH150-R0605,2025-03-28 23:31:28,13
A09677,S1017,MATH150,video,MATH150-V0201,2025-02-15 03:45:07,5
A09678,S1041,DS200,discussion,DS200-D0904,2025-02-02 00:45:27,81
A09679,S1029,CS101,video,CS101-V0701,2025-04-25 04:06:45,37
A09680,S1009,CS101,video,CS101-V0201,2025-02-05 03:53:50,37
A09681,S1027,DS400,quiz,DS400-Q1004,2025-03-08 05:02:28,19
A09682,S1006,CS101,lecture,CS101-L0903,2025-03-27 09:23:13,56
A09683,S1021,MATH150,video,MATH150-V0603,2025-04-11 13:46:23,56
A09684,S1046,DS400,quiz,DS400-Q0302,2025-02-17 22:19:31,80
A09685,S1004,MATH150,reading,MATH150-R0501,2025-03-18 12:46:32,12
A09686,S1002,MATH150,quiz,MATH150-Q0802,2025-04-01 04:19:34,19
A09687,S1040,DS200,assignment,DS200-A0705,2025-04-23 23:38:53,5
A09688,S1030,CS101,quiz,CS101-Q0505,2025-04-05 14:30:13,64
A09689,S1010,DS200,reading,DS200-R0902,2025-03-28 09:25:01,81
A09690,S1037,MATH150,lecture,MATH150-L0803,2025-04-04 14:09:41,18
A09691,S1004,MATH150,quiz,MATH150-Q0801,2025-02-05 17:43:05,40
A09692,S1034,DS200,assignment,DS200-A0104,2025-03-11 19:24:25,17
A09693,S1030,DS200,video,DS200-V0603,2025-02-22 13:53:41,70
A09694,S1011,CS301,assignment,CS301-A0502,2025-03-28 02:19:43,30
A09695,S1010,CS301,video,CS301-V0303,2025-02-07 12:57:52,55
A09696,S1014,MATH150,discussion,MATH150-D0404,2025-02-24 17:59:29,88
A09697,S1048,DS200,video,DS200-V0101,2025-02-27 02:55:54,53
A09698,S1017,CS301,quiz,CS301-Q0601,2025-02-26 01:03:28,68
A09699,S1004,DS400,reading,DS400-R0501,2025-03-26 10:33:37,41
A09700,S1045,DS200,lecture,DS200-L0405,2025-03-21 22:20:34,14
A09701,S1003,CS101,assignment,CS101-A0103,2025-04-16 05:38:27,35
A09702,S1014,DS200,lecture,DS200-L0601,2025-03-30 13:32:18,70
A09703,S1004,DS400,discussion,DS400-D0403,2025-02-05 20:31:17,85
A09704,S1038,CS301,assignment,CS301-A0101,2025-04-13 15:45:48,68
A09705,S1031,CS301,discussion,CS301-D0505,2025-03-11 23:02:10,48
A09706,S1021,DS400,assignment,DS400-A0502,2025-02-17 16:10:53,45
A09707,S1012,CS301,quiz,CS301-Q0705,2025-03-08 00:22:13,60
A09708,S1022,MATH150,assignment,MATH150-A0703,2025-03-04 03:16:51,19
A09709,S1038,DS200,quiz,DS200-Q0803,2025-02-04 02:39:02,12
A09710,S1039,DS200,video,DS200-V0602,2025-04-11 14:39:24,53
A09711,S1029,MATH150,discussion,MATH150-D0502,2025-04-26 04:27:45,24
A09712,S1049,DS200,lecture,DS200-L0704,2025-02-07 12:07:01,79
A09713,S1023,DS200,video,DS200-V0901,2025-02-28 12:48:51,78
A09714,S1036,CS301,lecture,CS301-L0502,2025-04-15 08:54:05,3
A09715,S1047,DS200,assignment,DS200-A0604,2025-04-28 10:13:56,64
A09716,S1029,DS400,video,DS400-V0202,2025-02-26 11:30:12,7
A09717,S1019,DS400,video,DS400-V0904,2025-04-11 22:08:19,28
A09718,S1025,DS200,video,DS200-V0204,2025-03-06 16:22:22,82
A09719,S1023,DS200,video,DS200-V0802,2025-04-04 04:55:26,39
A09720,S1031,CS301,assignment,CS301-A0702,2025-02-07 22:19:04,56
A09721,S1021,DS400,reading,DS400-R0902,2025-03-17 22:54:45,56
A09722,S1023,MATH150,assignment,MATH150-A0705,2025-03-30 20:13:07,9
A09723,S1023,DS400,discussion,DS400-D0802,2025-04-04 13:25:59,4
A09724,S1041,DS200,assignment,DS200-A0805,2025-05-02 20:34:30,42
A09725,S1034,CS101,reading,CS101-R0502,2025-03-28 21:26:45,68
A09726,S1046,DS200,quiz,DS200-Q0904,2025-03-13 15:49:57,15
A09727,S1040,CS101,quiz,CS101-Q0601,2025-03-04 15:13:32,51
A09728,S1006,CS101,assignment,CS101-A0603,2025-03-09 04:40:17,13
A09729,S1003,CS301,reading,CS301-R1005,2025-02-13 18:39:28,72
A09730,S1034,CS301,discussion,CS301-D0701,2025-02-10 06:14:18,48
A09731,S1036,DS400,discussion,DS400-D0101,2025-03-21 06:02:36,10
A09732,S1047,DS400,quiz,DS400-Q0305,2025-03-18 04:01:16,2
A09733,S1006,DS200,quiz,DS200-Q0902,2025-04-05 04:16:50,15
A09734,S1023,CS301,video,CS301-V0502,2025-02-07 17:20:56,50
A09735,S1004,MATH150,assignment,MATH150-A0201,2025-03-13 01:48:09,80
A09736,S1050,CS301,quiz,CS301-Q1001,2025-03-07 04:51:53,35
A09737,S1016,MATH150,video,MATH150-V0705,2025-04-19 07:19:18,17
A09738,S1048,CS101,discussion,CS101-D0504,2025-02-09 23:38:17,75
A09739,S1047,CS101,assignment,CS101-A0302,2025-02-18 16:18:32,64
A09740,S1046,CS101,lecture,CS101-L0802,2025-02-14 02:32:34,44
A09741,S1029,MATH150,discussion,MATH150-D0301,2025-02-19 10:33:05,31
A09742,S1003,DS200,reading,DS200-R0905,2025-03-28 14:25:01,82
A09743,S1004,MATH150,quiz,MATH150-Q0502,2025-04-27 20:28:25,11
A09744,S1029,DS200,lecture,DS200-L0103,2025-04-24 11:16:27,51
A09745,S1014,CS101,lecture,CS101-L0904,2025-04-16 20:20:10,59
A09746,S1002,CS101,discussion,CS101-D0904,2025-03-25 18:29:20,27
A09747,S1023,CS101,assignment,CS101-A0603,2025-05-02 09:29:24,38
A09748,S1024,DS400,video,DS400-V0205,2025-02-12 05:19:45,29
A09749,S1007,DS200,reading,DS200-R0504,2025-02-02 05:13:26,74
A09750,S1038,CS301,video,CS301-V0501,2025-02-24 18:45:33,46
A09751,S1042,CS101,reading,CS101-R0501,2025-03-17 12:31:06,53
A09752,S1017,CS301,lecture,CS301-L0904,2025-04-10 00:56:36,17
A09753,S1041,DS400,reading,DS400-R0404,2025-03-27 02:37:16,89
A09754,S1008,DS200,lecture,DS200-L0503,2025-04-30 16:53:32,30
A09755,S1049,DS400,reading,DS400-R0901,2025-04-18 11:25:56,60
A09756,S1009,CS101,quiz,CS101-Q0903,2025-04-13 16:34:35,45
A09757,S1043,DS400,reading,DS400-R0605,2025-03-03 03:03:04,7
A09758,S1012,DS200,video,DS200-V0804,2025-03-10 15:44:00,88
A09759,S1001,DS200,lecture,DS200-L0901,2025-03-14 23:53:11,56
A09760,S1032,DS200,reading,DS200-R0304,2025-03-31 05:11:18,25
A09761,S1049,MATH150,reading,MATH150-R0503,2025-04-29 04:03:46,16
A09762,S1046,DS400,lecture,DS400-L0704,2025-03-21 07:52:51,39
A09763,S1042,DS200,lecture,DS200-L0105,2025-02-20 12:56:32,2
A09764,S1027,DS200,assignment,DS200-A0503,2025-02-21 06:43:46,63
A09765,S1007,CS101,assignment,CS101-A0903,2025-02-18 02:14:47,43
A09766,S1029,MATH150,reading,MATH150-R0302,2025-03-18 13:15:51,31
A09767,S1022,DS200,assignment,DS200-A0505,2025-04-25 17:06:05,59
A09768,S1009,MATH150,discussion,MATH150-D0705,2025-04-02 22:34:02,66
A09769,S1042,DS200,video,DS200-V0303,2025-04-25 06:33:11,29
A09770,S1022,CS101,video,CS101-V0304,2025-03-17 04:03:12,34
A09771,S1042,CS301,assignment,CS301-A1001,2025-02-20 13:23:38,30
A09772,S1034,MATH150,quiz,MATH150-Q0202,2025-03-20 03:58:16,2
A09773,S1022,DS400,quiz,DS400-Q0803,2025-02-15 12:02:41,21
A09774,S1012,CS101,assignment,CS101-A0301,2025-02-05 03:06:04,40
A09775,S1001,DS200,video,DS200-V0502,2025-02-06 10:59:27,25
A09776,S1015,DS400,quiz,DS400-Q0405,2025-03-03 03:57:45,48
A09777,S1050,DS200,reading,DS200-R0101,2025-02-14 00:49:59,13
A09778,S1021,CS301,video,CS301-V0902,2025-03-12 23:47:44,49
A09779,S1027,DS400,reading,DS400-R0404,2025-04-27 11:28:46,44
A09780,S1033,CS301,assignment,CS301-A1003,2025-04-02 17:05:05,10
A09781,S1039,DS400,quiz,DS400-Q0903,2025-04-25 14:15:45,89
A09782,S1008,DS200,assignment,DS200-A0503,2025-04-20 16:07:29,41
A09783,S1047,MATH150,video,MATH150-V0305,2025-03-11 17:23:59,64
A09784,S1032,DS200,quiz,DS200-Q0605,2025-03-04 03:02:12,20
A09785,S1035,DS200,lecture,DS200-L0905,2025-03-24 21:04:13,85
A09786,S1026,CS101,quiz,CS101-Q0704,2025-02-24 03:53:03,32
A09787,S1020,DS200,discussion,DS200-D0105,2025-02-09 19:20:00,13
A09788,S1022,MATH150,assignment,MATH150-A0204,2025-03-23 10:49:18,23
A09789,S1019,DS400,quiz,DS400-Q0801,2025-04-16 06:56:22,46
A09790,S1044,MATH150,assignment,MATH150-A1001,2025-02-08 17:33:57,87
A09791,S1044,MATH150,lecture,MATH150-L0703,2025-04-05 07:13:10,35
A09792,S1032,CS301,reading,CS301-R0202,2025-03-15 01:05:04,62
A09793,S1044,MATH150,discussion,MATH150-D0104,2025-03-08 11:33:02,29
A09794,S1023,CS101,video,CS101-V0902,2025-02-27 04:24:11,47
A09795,S1027,DS200,discussion,DS200-D0402,2025-03-03 04:35:08,86
A09796,S1039,MATH150,quiz,MATH150-Q0601,2025-03-06 08:43:48,89
A09797,S1035,DS200,video,DS200-V0401,2025-03-31 12:52:05,39
A09798,S1032,CS301,lecture,CS301-L0605,2025-03-15 07:41:04,58
A09799,S1027,MATH150,assignment,MATH150-A0701,2025-02-18 03:51:52,35
A09800,S1037,DS400,assignment,DS400-A0402,2025-04-17 23:47:19,39
A09801,S1017,CS101,reading,CS101-R0704,2025-04-20 10:15:21,75
A09802,S1025,DS400,assignment,DS400-A0405,2025-03-30 20:55:44,20
A09803,S1024,DS200,discussion,DS200-D0203,2025-04-05 06:19:28,77
A09804,S1015,CS301,video,CS301-V0602,2025-04-02 09:36:29,7
A09805,S1034,DS200,lecture,DS200-L0204,2025-04-09 17:01:05,85
A09806,S1033,CS301,quiz,CS301-Q0503,2025-04-18 11:18:06,58
A09807,S1034,CS301,discussion,CS301-D0802,2025-02-14 14:32:22,1
A09808,S1030,CS101,discussion,CS101-D0201,2025-03-13 02:08:12,79
A09809,S1017,MATH150,lecture,MATH150-L0902,2025-03-12 02:45:23,78
A09810,S1032,CS101,discussion,CS101-D0801,2025-04-12 03:30:47,15
A09811,S1022,DS200,assignment,DS200-A1005,2025-04-08 05:45:24,60
A09812,S1018,CS101,reading,CS101-R0501,2025-03-29 22:58:55,9
A09813,S1038,DS400,discussion,DS400-D0505,2025-03-25 17:43:04,82
A09814,S1021,CS101,lecture,CS101-L0803,2025-02-18 05:58:00,50
A09815,S1006,MATH150,video,MATH150-V0304,2025-03-03 23:58:01,4
A09816,S1019,MATH150,lecture,MATH150-L0302,2025-03-24 17:35:34,88
A09817,S1022,DS400,discussion,DS400-D0404,2025-02-04 18:43:18,72
A09818,S1008,CS101,assignment,CS101-A0403,2025-03-17 20:14:05,88
A09819,S1018,DS200,lecture,DS200-L0905,2025-02-13 04:34:31,5
A09820,S1002,MATH150,assignment,MATH150-A1002,2025-02-26 15:37:34,52
A09821,S1003,CS101,video,CS101-V0903,2025-02-27 01:43:58,86
A09822,S1042,DS400,discussion,DS400-D0802,2025-03-12 17:48:14,30
A09823,S1007,MATH150,lecture,MATH150-L0901,2025-02-02 15:17:14,71
A09824,S1028,CS301,quiz,CS301-Q0103,2025-04-08 12:05:38,17
A09825,S1048,DS400,reading,DS400-R0805,2025-02-03 15:55:35,28
A09826,S1021,MATH150,assignment,MATH150-A0104,2025-02-28 04:04:30,20
A09827,S1048,DS400,video,DS400-V0403,2025-03-29 01:36:08,65
A09828,S1018,DS400,discussion,DS400-D0804,2025-04-03 08:36:23,85
A09829,S1006,DS400,assignment,DS400-A0703,2025-04-17 03:32:35,67
A09830,S1045,MATH150,lecture,MATH150-L0301,2025-02-16 07:13:27,31
A09831,S1019,DS400,quiz,DS400-Q0103,2025-04-01 08:17:02,83
A09832,S1014,CS301,lecture,CS301-L0702,2025-03-18 21:46:32,19
A09833,S1015,MATH150,video,MATH150-V0703,2025-04-12 00:04:32,27
A09834,S1025,CS101,lecture,CS101-L0405,2025-04-20 02:13:03,69
A09835,S1031,CS101,assignment,CS101-A0604,2025-02-11 20:05:17,56
A09836,S1011,DS400,discussion,DS400-D0504,2025-04-14 00:29:54,48
A09837,S1020,DS400,quiz,DS400-Q0101,2025-03-29 02:07:57,56
A09838,S1017,CS301,lecture,CS301-L0504,2025-03-29 12:54:54,79
A09839,S1018,DS400,video,DS400-V0903,2025-03-13 04:28:26,6
A09840,S1008,CS301,quiz,CS301-Q0903,2025-03-27 15:36:15,53
A09841,S1030,CS301,discussion,CS301-D1003,2025-02-24 06:45:58,18
A09842,S1020,DS400,quiz,DS400-Q0602,2025-04-02 09:41:13,27
A09843,S1003,DS200,assignment,DS200-A0701,2025-04-27 18:39:41,79
A09844,S1037,DS400,video,DS400-V0304,2025-04-13 21:30:14,3
A09845,S1016,DS400,assignment,DS400-A0701,2025-04-04 06:28:49,48
A09846,S1047,CS301,assignment,CS301-A0502,2025-04-27 02:09:12,25
A09847,S1026,DS400,video,DS400-V0805,2025-02-02 16:51:01,87
A09848,S1014,CS301,lecture,CS301-L0801,2025-03-27 06:09:32,56
A09849,S1021,DS400,discussion,DS400-D0104,2025-03-01 12:47:18,52
A09850,S1008,DS200,lecture,DS200-L0504,2025-03-06 16:09:57,39
A09851,S1021,CS301,reading,CS301-R0704,2025-02-23 08:05:12,89
A09852,S1025,DS200,quiz,DS200-Q0405,2025-04-07 15:52:31,15
A09853,S1014,DS400,video,DS400-V0302,2025-02-22 08:08:02,8
A09854,S1019,DS200,lecture,DS200-L0102,2025-03-21 15:34:10,77
A09855,S1048,DS400,discussion,DS400-D0301,2025-03-03 05:11:48,83
A09856,S1035,CS301,discussion,CS301-D0404,2025-04-13 01:43:33,6
A09857,S1049,CS101,video,CS101-V0402,2025-03-06 09:53:20,58
A09858,S1045,DS400,assignment,DS400-A0404,2025-04-04 00:28:14,61
A09859,S1046,MATH150,discussion,MATH150-D0101,2025-02-19 05:23:29,77
A09860,S1009,DS400,assignment,DS400-A1002,2025-04-02 23:30:19,20
A09861,S1002,CS101,video,CS101-V0404,2025-02-03 06:40:55,37
A09862,S1021,CS301,reading,CS301-R0105,2025-04-29 04:14:34,42
A09863,S1004,CS301,assignment,CS301-A0505,2025-04-04 20:45:49,11
A09864,S1006,DS200,discussion,DS200-D0305,2025-02-14 22:19:31,26
A09865,S1027,DS400,quiz,DS400-Q0505,2025-02-25 03:05:51,70
A09866,S1010,CS301,discussion,CS301-D0401,2025-02-25 00:52:14,71
A09867,S1001,CS101,assignment,CS101-A0402,2025-03-28 10:40:24,26
A09868,S1016,CS301,assignment,CS301-A0802,2025-04-11 03:00:11,52
A09869,S1005,MATH150,assignment,MATH150-A0103,2025-03-22 07:33:16,87
A09870,S1027,CS101,discussion,CS101-D0503,2025-04-29 03:51:55,54
A09871,S1006,MATH150,discussion,MATH150-D0205,2025-02-12 16:03:25,83
A09872,S1005,CS101,quiz,CS101-Q1005,2025-03-01 21:04:45,85
A09873,S1010,DS400,video,DS400-V0302,2025-02-08 00:52:32,80
A09874,S1032,DS400,discussion,DS400-D0605,2025-03-30 06:33:30,27
A09875,S1042,DS200,lecture,DS200-L0201,2025-04-08 21:10:28,72
A09876,S1039,DS400,assignment,DS400-A0201,2025-03-20 13:13:11,21
A09877,S1015,DS200,assignment,DS200-A0304,2025-03-02 23:58:22,57
A09878,S1034,DS200,lecture,DS200-L0205,2025-04-29 07:16:42,40
A09879,S1018,CS101,lecture,CS101-L0905,2025-02-21 15:00:02,40
A09880,S1049,MATH150,reading,MATH150-R0303,2025-02-25 23:09:57,63
A09881,S1019,DS200,reading,DS200-R1003,2025-02-10 19:33:15,64
A09882,S1033,MATH150,discussion,MATH150-D0504,2025-04-15 13:38:06,64
A09883,S1003,DS200,video,DS200-V1002,2025-03-23 02:04:11,86
A09884,S1041,DS200,lecture,DS200-L0105,2025-02-08 06:08:28,48
A09885,S1029,CS101,discussion,CS101-D0201,2025-03-02 05:42:11,83
A09886,S1016,DS400,quiz,DS400-Q1002,2025-02-25 03:46:45,40
A09887,S1006,CS101,assignment,CS101-A0303,2025-02-15 21:15:37,45
A09888,S1003,MATH150,discussion,MATH150-D0702,2025-02-12 04:49:18,8
A09889,S1025,DS200,quiz,DS200-Q0903,2025-03-01 05:07:55,9
A09890,S1036,CS301,quiz,CS301-Q0705,2025-04-02 04:36:57,54
A09891,S1006,CS301,quiz,CS301-Q0904,2025-04-11 00:30:39,24
A09892,S1037,CS301,video,CS301-V0103,2025-02-18 09:23:04,76
A09893,S1032,MATH150,assignment,MATH150-A0901,2025-02-07 12:10:55,12
A09894,S1045,MATH150,lecture,MATH150-L0101,2025-03-25 01:10:29,20
A09895,S1023,DS400,assignment,DS400-A0302,2025-02-06 11:13:25,50
A09896,S1023,CS101,lecture,CS101-L0804,2025-03-28 00:05:14,21
A09897,S1021,CS101,reading,CS101-R0305,2025-03-23 18:10:42,4
A09898,S1003,MATH150,discussion,MATH150-D0701,2025-04-22 21:27:50,47
A09899,S1018,CS301,discussion,CS301-D0103,2025-04-24 17:24:23,6
A09900,S1033,MATH150,assignment,MATH150-A1003,2025-04-06 18:35:39,12
A09901,S1031,CS101,reading,CS101-R0301,2025-04-16 15:09:04,37
A09902,S1031,DS200,lecture,DS200-L0904,2025-03-28 03:16:10,70
A09903,S1029,MATH150,video,MATH150-V0702,2025-02-17 12:13:53,22
A09904,S1048,DS400,reading,DS400-R0501,2025-02-24 11:41:42,30
A09905,S1044,DS200,reading,DS200-R0901,2025-04-26 12:49:52,23
A09906,S1044,CS101,lecture,CS101-L0404,2025-04-15 12:22:07,62
A09907,S1001,CS101,video,CS101-V0402,2025-03-04 17:07:20,70
A09908,S1009,DS200,reading,DS200-R0104,2025-02-18 18:11:53,60
A09909,S1020,CS101,assignment,CS101-A0604,2025-04-29 23:57:42,7
A09910,S1033,DS400,video,DS400-V0305,2025-03-12 01:02:50,5
A09911,S1017,CS101,quiz,CS101-Q0203,2025-02-23 16:37:58,44
A09912,S1018,DS200,assignment,DS200-A0505,2025-05-01 05:19:42,15
A09913,S1046,DS400,discussion,DS400-D0303,2025-04-22 22:33:54,45
A09914,S1043,MATH150,quiz,MATH150-Q0504,2025-04-03 16:04:08,38
A09915,S1047,DS200,video,DS200-V0401,2025-02-28 07:15:45,3
A09916,S1014,CS101,assignment,CS101-A0605,2025-04-18 08:28:52,11
A09917,S1033,CS101,reading,CS101-R0903,2025-02-24 19:18:56,44
A09918,S1001,CS301,video,CS301-V1002,2025-03-08 21:21:23,69
A09919,S1043,CS101,assignment,CS101-A1005,2025-02-28 16:02:04,79
A09920,S1005,DS400,assignment,DS400-A0502,2025-03-16 21:42:54,26
A09921,S1016,DS200,lecture,DS200-L0305,2025-04-27 12:14:05,27
A09922,S1045,DS400,quiz,DS400-Q0603,2025-03-12 23:55:57,71
A09923,S1022,CS101,video,CS101-V0301,2025-04-04 20:42:43,69
A09924,S1002,MATH150,video,MATH150-V0903,2025-04-16 05:16:21,64
A09925,S1044,DS400,assignment,DS400-A0304,2025-03-31 13:10:05,48
A09926,S1005,DS200,video,DS200-V0504,2025-03-05 10:54:52,10
A09927,S1035,DS200,assignment,DS200-A0605,2025-02-11 12:34:14,33
A09928,S1028,CS101,assignment,CS101-A0301,2025-02-12 23:21:09,34
A09929,S1003,CS301,discussion,CS301-D0902,2025-02-28 12:39:32,3
A09930,S1001,CS301,quiz,CS301-Q0204,2025-04-04 03:48:10,8
A09931,S1007,CS101,discussion,CS101-D0401,2025-04-25 19:56:15,57
A09932,S1016,MATH150,discussion,MATH150-D1004,2025-02-21 13:44:44,23
A09933,S1007,MATH150,reading,MATH150-R0402,2025-04-25 09:04:23,79
A09934,S1030,MATH150,video,MATH150-V0204,2025-03-05 15:41:51,17
A09935,S1035,CS301,lecture,CS301-L0302,2025-02-26 15:59:23,3
A09936,S1042,CS101,lecture,CS101-L0303,2025-03-29 14:08:39,26
A09937,S1032,MATH150,discussion,MATH150-D0205,2025-02-24 00:07:51,44
A09938,S1003,CS101,video,CS101-V0305,2025-03-19 18:58:17,35
A09939,S1001,DS400,discussion,DS400-D0803,2025-04-05 12:02:32,63
A09940,S1046,DS400,assignment,DS400-A0502,2025-05-01 17:40:55,30
A09941,S1023,CS101,assignment,CS101-A0901,2025-04-11 13:41:23,21
A09942,S1028,MATH150,video,MATH150-V0203,2025-03-30 17:02:02,18
A09943,S1035,DS400,reading,DS400-R0204,2025-04-12 23:11:17,30
A09944,S1046,MATH150,reading,MATH150-R0804,2025-04-05 23:27:26,76
A09945,S1012,CS301,assignment,CS301-A1004,2025-04-02 07:16:40,26
A09946,S1040,DS200,lecture,DS200-L0603,2025-04-23 07:55:22,11
A09947,S1024,CS301,lecture,CS301-L0503,2025-04-27 02:15:52,25
A09948,S1048,DS200,lecture,DS200-L0502,2025-02-26 03:48:45,80
A09949,S1018,DS400,lecture,DS400-L0605,2025-03-28 11:17:45,66
A09950,S1010,CS301,discussion,CS301-D0803,2025-03-02 03:16:31,29
A09951,S1016,CS301,video,CS301-V0203,2025-04-04 02:29:01,2
A09952,S1010,DS400,lecture,DS400-L0401,2025-02-06 18:57:09,70
A09953,S1007,CS101,video,CS101-V1001,2025-02-08 16:34:34,15
A09954,S1042,MATH150,lecture,MATH150-L0803,2025-03-10 03:43:36,74
A09955,S1030,DS400,quiz,DS400-Q0301,2025-04-25 13:56:22,54
A09956,S1014,MATH150,discussion,MATH150-D0503,2025-02-24 14:49:52,8
A09957,S1022,DS200,reading,DS200-R0504,2025-03-06 13:23:13,46
A09958,S1002,DS400,video,DS400-V0405,2025-02-15 23:56:02,68
A09959,S1041,DS400,discussion,DS400-D0204,2025-02-09 15:45:59,30
A09960,S1030,CS101,discussion,CS101-D0605,2025-03-25 20:27:10,4
A09961,S1032,DS200,video,DS200-V0801,2025-03-03 17:37:21,49
A09962,S1015,MATH150,reading,MATH150-R0502,2025-03-25 17:19:23,40
A09963,S1028,DS400,quiz,DS400-Q0405,2025-03-16 23:18:01,23
A09964,S1004,DS200,video,DS200-V0405,2025-02-23 12:22:04,20
A09965,S1049,DS200,quiz,DS200-Q0103,2025-04-02 01:23:03,34
A09966,S1016,DS200,quiz,DS200-Q0501,2025-02-17 09:42:10,49
A09967,S1023,MATH150,discussion,MATH150-D0605,2025-02-19 09:39:12,34
A09968,S1024,DS400,lecture,DS400-L0302,2025-04-12 21:20:07,32
A09969,S1008,CS101,discussion,CS101-D0205,2025-03-08 06:25:26,83
A09970,S1018,DS400,assignment,DS400-A0103,2025-04-15 07:53:20,88
A09971,S1006,MATH150,video,MATH150-V0905,2025-04-11 20:15:18,23
A09972,S1031,DS200,quiz,DS200-Q0505,2025-02-06 08:25:25,76
A09973,S1037,MATH150,assignment,MATH150-A0504,2025-02-10 17:16:41,69
A09974,S1042,CS101,assignment,CS101-A0402,2025-03-02 15:05:45,5
A09975,S1027,DS200,lecture,DS200-L0504,2025-02-11 02:08:25,30
A09976,S1014,MATH150,reading,MATH150-R0802,2025-04-20 04:32:54,32
A09977,S1031,CS101,video,CS101-V0603,2025-03-07 13:46:45,89
A09978,S1026,DS200,reading,DS200-R0901,2025-04-30 09:16:24,34
A09979,S1008,MATH150,quiz,MATH150-Q0801,2025-03-28 01:50:07,8
A09980,S1048,CS301,reading,CS301-R1002,2025-02-15 20:31:16,85
A09981,S1042,DS200,discussion,DS200-D0704,2025-03-08 21:16:09,18
A09982,S1035,MATH150,assignment,MATH150-A0203,2025-02-12 04:42:22,76
A09983,S1001,DS400,video,DS400-V0803,2025-03-04 15:50:02,85
A09984,S1029,MATH150,reading,MATH150-R0703,2025-04-26 00:50:19,75
A09985,S1042,DS400,video,DS400-V0601,2025-03-21 05:40:45,55
A09986,S1013,DS200,quiz,DS200-Q0404,2025-03-01 21:06:46,26
A09987,S1024,DS200,quiz,DS200-Q0202,2025-02-11 09:29:59,38
A09988,S1026,DS200,lecture,DS200-L0801,2025-04-05 20:53:08,8
A09989,S1039,MATH150,discussion,MATH150-D0401,2025-02-26 20:31:45,22
A09990,S1050,DS400,quiz,DS400-Q0402,2025-02-25 03:31:48,9
A09991,S1004,DS200,quiz,DS200-Q0603,2025-03-22 03:24:30,37
A09992,S1031,MATH150,assignment,MATH150-A0505,2025-02-21 07:09:46,51
A09993,S1026,CS301,video,CS301-V0602,2025-02-11 12:28:37,52
A09994,S1002,DS400,video,DS400-V0501,2025-02-18 02:02:00,65
A09995,S1038,CS301,reading,CS301-R0105,2025-02-22 10:33:13,88
A09996,S1038,DS200,reading,DS200-R1004,2025-03-01 00:30:39,61
A09997,S1039,DS200,reading,DS200-R0405,2025-04-11 21:01:53,44
A09998,S1025,DS200,lecture,DS200-L0603,2025-02-16 09:24:44,54
A09999,S1009,CS301,quiz,CS301-Q0205,2025-03-26 03:55:08,78
A10000,S1042,DS200,quiz,DS200-Q0801,2025-02-10 14:12:57,27
